customerID,tenure,Contract,InternetService,MonthlyCharges,TotalCharges,PaymentMethod,Actual_Churn,Churn_Probability_%,Risk_Category
7590-VHVEG,1,Month-to-month,DSL,29.85,29.85,Electronic check,No,61.37,Medium Risk
5575-GNVDE,34,One year,DSL,56.95,1889.5,Mailed check,No,4.45,Low Risk
3668-QPYBK,2,Month-to-month,DSL,53.85,108.15,Mailed check,Yes,29.92,Low Risk
7795-CFOCW,45,One year,DSL,42.3,1840.75,Bank transfer (automatic),No,2.85,Low Risk
9237-HQITU,2,Month-to-month,Fiber optic,70.7,151.65,Electronic check,Yes,69.16,Medium Risk
9305-CDSKC,8,Month-to-month,Fiber optic,99.65,820.5,Electronic check,Yes,79.63,High Risk
1452-KIOVK,22,Month-to-month,Fiber optic,89.1,1949.4,Credit card (automatic),No,48.77,Medium Risk
6713-OKOMC,10,Month-to-month,DSL,29.75,301.9,Mailed check,No,29.33,Low Risk
7892-POOKP,28,Month-to-month,Fiber optic,104.8,3046.05,Electronic check,Yes,62.36,Medium Risk
6388-TABGU,62,One year,DSL,56.15,3487.95,Bank transfer (automatic),No,1.05,Low Risk
9763-GRSKD,13,Month-to-month,DSL,49.95,587.45,Mailed check,No,20.66,Low Risk
7469-LKBCI,16,Two year,No,18.95,326.8,Credit card (automatic),No,2.76,Low Risk
8091-TTVAX,58,One year,Fiber optic,100.35,5681.1,Credit card (automatic),No,18.07,Low Risk
0280-XJGEX,49,Month-to-month,Fiber optic,103.7,5036.3,Bank transfer (automatic),Yes,43.37,Medium Risk
5129-JLPIS,25,Month-to-month,Fiber optic,105.5,2686.05,Electronic check,No,46.27,Medium Risk
3655-SNQYZ,69,Two year,Fiber optic,113.25,7895.15,Credit card (automatic),No,3.25,Low Risk
8191-XWSZG,52,One year,No,20.65,1022.95,Mailed check,No,1.06,Low Risk
9959-WOFKT,71,Two year,Fiber optic,106.7,7382.25,Bank transfer (automatic),No,4.31,Low Risk
4190-MFLUW,10,Month-to-month,DSL,55.2,528.35,Credit card (automatic),Yes,15.49,Low Risk
4183-MYFRB,21,Month-to-month,Fiber optic,90.05,1862.9,Electronic check,No,56.24,Medium Risk
8779-QRDMV,1,Month-to-month,DSL,39.65,39.65,Electronic check,Yes,72.61,High Risk
1680-VDCWW,12,One year,No,19.8,202.25,Bank transfer (automatic),No,6.3,Low Risk
1066-JKSGK,1,Month-to-month,No,20.15,20.15,Mailed check,Yes,19.33,Low Risk
3638-WEABW,58,Two year,DSL,59.9,3505.1,Credit card (automatic),No,1.68,Low Risk
6322-HRPFA,49,Month-to-month,DSL,59.6,2970.3,Credit card (automatic),No,2.53,Low Risk
6865-JZNKO,30,Month-to-month,DSL,55.3,1530.6,Bank transfer (automatic),No,11.16,Low Risk
6467-CHFZW,47,Month-to-month,Fiber optic,99.35,4749.15,Electronic check,Yes,49.43,Medium Risk
8665-UTDHZ,1,Month-to-month,DSL,30.2,30.2,Electronic check,Yes,47.09,Medium Risk
5248-YGIJN,72,Two year,DSL,90.25,6369.45,Credit card (automatic),No,1.6,Low Risk
8773-HHUOZ,17,Month-to-month,DSL,64.7,1093.1,Mailed check,Yes,35.33,Low Risk
3841-NFECX,71,Two year,Fiber optic,96.35,6766.95,Credit card (automatic),No,2.87,Low Risk
4929-XIHVW,2,Month-to-month,Fiber optic,95.5,181.65,Credit card (automatic),No,72.95,High Risk
6827-IEAUQ,27,One year,DSL,66.15,1874.45,Mailed check,No,3.0,Low Risk
7310-EGVHZ,1,Month-to-month,No,20.2,20.2,Bank transfer (automatic),No,18.18,Low Risk
3413-BMNZE,1,Month-to-month,DSL,45.25,45.25,Bank transfer (automatic),No,36.84,Low Risk
6234-RAAPL,72,Two year,Fiber optic,99.9,7251.7,Bank transfer (automatic),No,2.02,Low Risk
6047-YHPVI,5,Month-to-month,Fiber optic,69.7,316.9,Electronic check,Yes,67.57,Medium Risk
6572-ADKRS,46,Month-to-month,Fiber optic,74.8,3548.3,Credit card (automatic),No,25.35,Low Risk
5380-WJKOV,34,Month-to-month,Fiber optic,106.35,3549.25,Electronic check,Yes,61.85,Medium Risk
8168-UQWWF,11,Month-to-month,Fiber optic,97.85,1105.4,Bank transfer (automatic),Yes,71.67,High Risk
8865-TNMNX,10,One year,DSL,49.55,475.7,Mailed check,No,11.5,Low Risk
9489-DEDVP,70,Two year,DSL,69.2,4872.35,Credit card (automatic),No,1.21,Low Risk
9867-JCZSP,17,One year,No,20.75,418.25,Mailed check,No,4.34,Low Risk
4671-VJLCL,63,Two year,DSL,79.85,4861.45,Credit card (automatic),No,1.38,Low Risk
4080-IIARD,13,Month-to-month,DSL,76.2,981.45,Electronic check,No,30.63,Low Risk
3714-NTNFO,49,Month-to-month,Fiber optic,84.5,3906.7,Electronic check,No,45.38,Medium Risk
5948-UJZLF,2,Month-to-month,DSL,49.25,97.0,Mailed check,No,30.82,Low Risk
7760-OYPDY,2,Month-to-month,Fiber optic,80.65,144.15,Electronic check,Yes,73.61,High Risk
7639-LIAYI,52,Two year,DSL,79.75,4217.8,Credit card (automatic),No,3.25,Low Risk
2954-PIBKO,69,Two year,DSL,64.15,4254.1,Credit card (automatic),No,0.71,Low Risk
8012-SOUDQ,43,Month-to-month,Fiber optic,90.25,3838.75,Electronic check,No,51.38,Medium Risk
9420-LOJKX,15,Month-to-month,Fiber optic,99.1,1426.4,Credit card (automatic),Yes,47.39,Medium Risk
6575-SUVOI,25,Month-to-month,DSL,69.5,1752.65,Credit card (automatic),No,21.34,Low Risk
7495-OOKFY,8,Month-to-month,Fiber optic,80.65,633.3,Credit card (automatic),Yes,61.63,Medium Risk
4667-QONEA,60,One year,DSL,74.85,4456.35,Credit card (automatic),No,1.99,Low Risk
1658-BYGOY,18,Month-to-month,Fiber optic,95.45,1752.55,Electronic check,Yes,77.92,High Risk
8769-KKTPH,63,One year,Fiber optic,99.65,6311.2,Credit card (automatic),No,13.43,Low Risk
5067-XJQFU,66,One year,Fiber optic,108.45,7076.35,Electronic check,No,19.71,Low Risk
3957-SQXML,34,Two year,No,24.95,894.3,Credit card (automatic),No,1.33,Low Risk
5954-BDFSG,72,Two year,Fiber optic,107.5,7853.7,Credit card (automatic),No,7.86,Low Risk
0434-CSFON,47,Month-to-month,Fiber optic,100.5,4707.1,Electronic check,No,57.08,Medium Risk
1215-FIGMP,60,Month-to-month,Fiber optic,89.9,5450.7,Bank transfer (automatic),No,28.17,Low Risk
0526-SXDJP,72,Two year,DSL,42.1,2962.0,Bank transfer (automatic),No,0.62,Low Risk
0557-ASKVU,18,One year,DSL,54.4,957.1,Credit card (automatic),No,8.93,Low Risk
5698-BQJOH,9,Month-to-month,Fiber optic,94.4,857.25,Electronic check,Yes,72.98,High Risk
5122-CYFXA,3,Month-to-month,DSL,75.3,244.1,Electronic check,No,46.95,Medium Risk
8627-ZYGSZ,47,One year,Fiber optic,78.9,3650.35,Electronic check,No,23.28,Low Risk
3410-YOQBQ,31,Two year,DSL,79.2,2497.2,Mailed check,No,4.37,Low Risk
3170-NMYVV,50,Two year,No,20.15,930.9,Bank transfer (automatic),No,0.46,Low Risk
7410-OIEDU,10,Month-to-month,Fiber optic,79.85,887.35,Mailed check,No,45.88,Medium Risk
2273-QCKXA,1,Month-to-month,DSL,49.05,49.05,Mailed check,No,27.68,Low Risk
0731-EBJQB,52,One year,No,20.4,1090.65,Electronic check,No,1.73,Low Risk
1891-QRQSA,64,Two year,Fiber optic,111.6,7099.0,Bank transfer (automatic),No,6.63,Low Risk
8028-PNXHQ,62,Two year,No,24.25,1424.6,Bank transfer (automatic),No,0.56,Low Risk
5630-AHZIL,3,Month-to-month,DSL,64.5,177.4,Bank transfer (automatic),No,23.27,Low Risk
2673-CXQEU,56,One year,Fiber optic,110.5,6139.5,Electronic check,No,19.87,Low Risk
6416-JNVRK,46,One year,DSL,55.65,2688.85,Credit card (automatic),No,5.18,Low Risk
5590-ZSKRV,8,Month-to-month,DSL,54.65,482.25,Mailed check,No,15.69,Low Risk
0191-ZHSKZ,30,Month-to-month,DSL,74.75,2111.3,Electronic check,No,28.14,Low Risk
3887-PBQAO,45,One year,No,25.9,1216.6,Credit card (automatic),No,2.22,Low Risk
5919-TMRGD,1,Month-to-month,Fiber optic,79.35,79.35,Electronic check,Yes,70.37,High Risk
8108-UXRQN,11,Month-to-month,DSL,50.55,565.35,Electronic check,No,41.64,Medium Risk
9191-MYQKX,7,Month-to-month,Fiber optic,75.15,496.9,Bank transfer (automatic),Yes,55.97,Medium Risk
9919-YLNNG,42,Month-to-month,Fiber optic,103.8,4327.5,Bank transfer (automatic),No,31.86,Low Risk
0318-ZOPWS,49,Two year,No,20.15,973.35,Bank transfer (automatic),No,0.88,Low Risk
4445-ZJNMU,9,Month-to-month,Fiber optic,99.3,918.75,Credit card (automatic),No,69.25,Medium Risk
4808-YNLEU,35,One year,DSL,62.15,2215.45,Bank transfer (automatic),No,7.66,Low Risk
1862-QRWPE,48,Two year,No,20.65,1057.0,Bank transfer (automatic),No,0.52,Low Risk
2796-NNUFI,46,Two year,No,19.95,927.1,Mailed check,No,0.88,Low Risk
3016-KSVCP,29,Month-to-month,DSL,33.75,1009.25,Mailed check,No,27.29,Low Risk
4767-HZZHQ,30,Month-to-month,Fiber optic,82.05,2570.2,Bank transfer (automatic),No,22.46,Low Risk
2424-WVHPL,1,Month-to-month,Fiber optic,74.7,74.7,Electronic check,No,56.93,Medium Risk
7233-PAHHL,66,Two year,DSL,84.0,5714.25,Mailed check,No,2.02,Low Risk
6067-NGCEU,65,Month-to-month,Fiber optic,111.05,7107.0,Credit card (automatic),No,24.61,Low Risk
9848-JQJTX,72,Two year,Fiber optic,100.9,7459.05,Bank transfer (automatic),No,10.17,Low Risk
8637-XJIVR,12,Month-to-month,Fiber optic,78.95,927.35,Electronic check,Yes,59.22,Medium Risk
9803-FTJCG,71,One year,DSL,66.85,4748.7,Credit card (automatic),No,1.16,Low Risk
0278-YXOOG,5,Month-to-month,No,21.05,113.85,Mailed check,Yes,16.39,Low Risk
3212-KXOCR,52,Two year,No,21.0,1107.2,Bank transfer (automatic),No,0.53,Low Risk
4598-XLKNJ,25,Month-to-month,Fiber optic,98.5,2514.5,Electronic check,Yes,64.88,Medium Risk
6380-ARCEH,1,Month-to-month,No,20.2,20.2,Mailed check,No,19.31,Low Risk
3679-XASPY,1,Month-to-month,No,19.45,19.45,Electronic check,No,20.93,Low Risk
7123-WQUHX,38,One year,Fiber optic,95.0,3605.6,Bank transfer (automatic),No,17.4,Low Risk
5386-THSLQ,66,One year,DSL,45.55,3027.25,Bank transfer (automatic),No,3.53,Low Risk
3192-NQECA,68,Two year,Fiber optic,110.0,7611.85,Bank transfer (automatic),Yes,8.52,Low Risk
6180-YBIQI,5,Month-to-month,DSL,24.3,100.2,Mailed check,No,44.64,Medium Risk
6728-DKUCO,72,One year,Fiber optic,104.15,7303.05,Electronic check,No,13.61,Low Risk
9750-BOOHV,32,One year,DSL,30.15,927.65,Mailed check,No,7.11,Low Risk
8597-CWYHH,43,One year,Fiber optic,94.35,3921.3,Mailed check,No,26.57,Low Risk
2848-YXSMW,72,Two year,No,19.4,1363.25,Credit card (automatic),No,0.17,Low Risk
0486-HECZI,55,Month-to-month,Fiber optic,96.75,5238.9,Electronic check,Yes,31.28,Low Risk
4549-ZDQYY,52,One year,DSL,57.95,3042.25,Credit card (automatic),No,1.57,Low Risk
5712-AHQNN,43,Month-to-month,Fiber optic,91.65,3954.1,Electronic check,No,39.76,Low Risk
4846-WHAFZ,37,Month-to-month,Fiber optic,76.5,2868.15,Electronic check,Yes,52.25,Medium Risk
5256-SKJGO,64,Two year,DSL,54.6,3423.5,Electronic check,No,3.0,Low Risk
3071-VBYPO,3,Month-to-month,Fiber optic,89.85,248.4,Electronic check,No,46.45,Medium Risk
9560-BBZXK,36,Two year,DSL,31.05,1126.35,Bank transfer (automatic),No,3.0,Low Risk
5299-RULOA,10,Month-to-month,Fiber optic,100.25,1064.65,Electronic check,Yes,67.24,Medium Risk
8402-OOOHJ,41,Two year,No,20.65,835.15,Mailed check,No,0.92,Low Risk
9445-ZUEQE,27,Month-to-month,Fiber optic,85.2,2151.6,Credit card (automatic),No,29.87,Low Risk
1091-SOZGA,56,One year,Fiber optic,99.8,5515.45,Credit card (automatic),No,21.25,Low Risk
2928-HLDBA,6,Month-to-month,No,20.7,112.75,Mailed check,No,15.5,Low Risk
0404-SWRVG,3,Month-to-month,Fiber optic,74.4,229.55,Electronic check,Yes,75.17,High Risk
6497-TILVL,7,Month-to-month,DSL,50.7,350.35,Mailed check,No,18.2,Low Risk
7219-TLZHO,4,Month-to-month,No,20.85,62.9,Mailed check,No,14.06,Low Risk
4622-YNKIJ,33,Two year,Fiber optic,88.95,3027.65,Electronic check,No,12.05,Low Risk
4412-YLTKF,27,Month-to-month,Fiber optic,78.05,2135.5,Electronic check,Yes,60.76,Medium Risk
6734-PSBAW,72,Two year,No,23.55,1723.95,Bank transfer (automatic),No,0.46,Low Risk
3930-ZGWVE,1,Month-to-month,No,19.75,19.75,Mailed check,No,19.45,Low Risk
2639-UGMAZ,71,One year,DSL,56.45,3985.35,Electronic check,No,5.92,Low Risk
2876-GZYZC,13,Month-to-month,Fiber optic,85.95,1215.65,Electronic check,No,73.02,High Risk
6207-WIOLX,25,Month-to-month,DSL,58.6,1502.65,Credit card (automatic),Yes,25.83,Low Risk
8587-XYZSF,67,Two year,DSL,50.55,3260.1,Bank transfer (automatic),No,0.64,Low Risk
3091-FYHKI,1,Month-to-month,DSL,35.45,35.45,Electronic check,Yes,70.13,High Risk
2372-HWUHI,2,Month-to-month,DSL,44.35,81.25,Electronic check,Yes,41.96,Medium Risk
7799-LGRDP,43,Two year,No,25.7,1188.2,Credit card (automatic),No,1.57,Low Risk
7850-VWJUU,23,Month-to-month,Fiber optic,75.0,1778.5,Bank transfer (automatic),No,33.62,Low Risk
3774-VBNXY,64,Two year,No,20.2,1277.75,Mailed check,No,0.26,Low Risk
6217-KDYWC,57,Two year,No,19.6,1170.55,Mailed check,No,0.54,Low Risk
0390-DCFDQ,1,Month-to-month,Fiber optic,70.45,70.45,Mailed check,Yes,66.81,Medium Risk
3146-MSEGF,72,Two year,DSL,88.05,6425.65,Credit card (automatic),No,1.53,Low Risk
4080-OGPJL,8,Month-to-month,DSL,71.15,563.65,Electronic check,Yes,29.52,Low Risk
1095-WGNGG,61,Two year,Fiber optic,101.05,5971.25,Bank transfer (automatic),No,11.63,Low Risk
2636-SJDOU,64,One year,Fiber optic,84.3,5289.05,Credit card (automatic),No,7.29,Low Risk
1131-QQZEB,71,Two year,No,23.95,1756.2,Bank transfer (automatic),No,0.38,Low Risk
5716-EZXZN,65,Two year,Fiber optic,99.05,6416.7,Credit card (automatic),No,3.36,Low Risk
6837-BJYDQ,3,One year,No,19.6,61.35,Mailed check,No,9.85,Low Risk
2135-RXIHG,1,Month-to-month,DSL,45.65,45.65,Electronic check,Yes,51.61,Medium Risk
6440-DKQGE,30,One year,DSL,64.5,1929.95,Credit card (automatic),No,6.51,Low Risk
3466-BYAVD,15,Month-to-month,DSL,69.5,1071.4,Mailed check,No,21.84,Low Risk
3780-YVMFA,8,Month-to-month,DSL,68.55,564.35,Electronic check,No,42.78,Medium Risk
3874-EQOEP,7,Month-to-month,Fiber optic,95.0,655.5,Mailed check,Yes,67.89,Medium Risk
1679-JRFBR,70,One year,Fiber optic,108.15,7930.55,Credit card (automatic),No,11.6,Low Risk
9073-ZZIAY,62,Two year,DSL,86.1,5215.25,Electronic check,No,1.26,Low Risk
3077-RSNTJ,6,Month-to-month,No,19.7,113.5,Mailed check,No,13.26,Low Risk
6551-GNYDG,14,Month-to-month,Fiber optic,80.9,1152.8,Bank transfer (automatic),No,51.47,Medium Risk
9167-APMXZ,22,Month-to-month,Fiber optic,84.15,1821.95,Bank transfer (automatic),No,58.13,Medium Risk
2749-CTKAJ,22,One year,No,20.15,419.9,Mailed check,No,3.5,Low Risk
6371-NZYEG,16,Two year,DSL,64.25,1024.0,Mailed check,No,5.05,Low Risk
7554-NEWDD,10,Two year,No,25.7,251.6,Bank transfer (automatic),No,4.77,Low Risk
8992-VONJD,13,Month-to-month,DSL,56.0,764.55,Electronic check,No,22.51,Low Risk
0867-MKZVY,20,Month-to-month,Fiber optic,82.4,1592.35,Electronic check,Yes,42.57,Medium Risk
4482-EWFMI,2,Month-to-month,Fiber optic,69.7,135.2,Electronic check,No,69.49,Medium Risk
4648-YPBTM,53,Two year,DSL,73.9,3958.25,Bank transfer (automatic),No,3.0,Low Risk
2907-ILJBN,11,One year,No,20.6,233.9,Mailed check,No,5.59,Low Risk
6345-FZOQH,69,Two year,No,19.9,1363.45,Mailed check,No,0.27,Low Risk
3376-BMGFE,4,Month-to-month,Fiber optic,70.9,273.0,Bank transfer (automatic),Yes,58.56,Medium Risk
5997-OPVFA,72,Two year,DSL,89.05,6254.45,Bank transfer (automatic),No,1.64,Low Risk
3445-HXXGF,58,Month-to-month,DSL,45.3,2651.2,Electronic check,Yes,18.24,Low Risk
1159-WFSGR,16,Month-to-month,No,20.4,321.4,Electronic check,No,11.46,Low Risk
7654-YWJUF,43,One year,Fiber optic,84.25,3539.25,Bank transfer (automatic),No,8.69,Low Risk
1875-QIVME,2,Month-to-month,Fiber optic,104.4,242.8,Electronic check,Yes,76.57,High Risk
6727-IOTLZ,14,Two year,DSL,81.95,1181.75,Mailed check,No,7.34,Low Risk
0691-JVSYA,53,One year,Fiber optic,94.85,5000.2,Bank transfer (automatic),Yes,21.18,Low Risk
5918-VUKWP,32,One year,No,20.55,654.55,Bank transfer (automatic),No,2.47,Low Risk
1744-JHKYS,34,Month-to-month,No,24.7,780.2,Electronic check,No,8.82,Low Risk
2656-FMOKZ,15,Month-to-month,Fiber optic,74.45,1145.7,Mailed check,Yes,62.74,Medium Risk
2070-FNEXE,7,Month-to-month,Fiber optic,76.45,503.6,Bank transfer (automatic),Yes,39.73,Low Risk
5947-SGKCL,15,Month-to-month,Fiber optic,105.35,1559.25,Bank transfer (automatic),No,59.86,Medium Risk
3712-PKXZA,61,One year,No,20.55,1252.0,Credit card (automatic),No,0.96,Low Risk
6317-YPKDH,1,Month-to-month,DSL,29.95,29.95,Bank transfer (automatic),Yes,42.19,Medium Risk
6582-OIVSP,1,Month-to-month,DSL,45.3,45.3,Mailed check,No,34.7,Low Risk
9367-WXLCH,8,Month-to-month,Fiber optic,84.5,662.65,Bank transfer (automatic),Yes,60.25,Medium Risk
5524-KHNJP,33,One year,DSL,74.75,2453.3,Credit card (automatic),No,6.27,Low Risk
1918-ZBFQJ,13,Month-to-month,Fiber optic,79.25,1111.65,Electronic check,Yes,56.94,Medium Risk
1024-GUALD,1,Month-to-month,DSL,24.8,24.8,Electronic check,Yes,65.53,Medium Risk
4827-USJHP,20,Month-to-month,DSL,51.8,1023.85,Mailed check,No,23.33,Low Risk
8167-GJLRN,3,Month-to-month,DSL,30.4,82.15,Electronic check,No,44.91,Medium Risk
0956-SYCWG,13,One year,No,19.65,244.8,Electronic check,No,8.35,Low Risk
8017-UVSZU,40,Month-to-month,DSL,56.6,2379.1,Credit card (automatic),No,11.1,Low Risk
7100-FQPRV,43,One year,DSL,71.9,3173.35,Credit card (automatic),No,4.8,Low Risk
2472-OVKUP,6,Month-to-month,Fiber optic,91.0,531.0,Electronic check,Yes,67.45,Medium Risk
2984-RGEYA,69,Two year,No,19.75,1375.4,Bank transfer (automatic),No,0.19,Low Risk
9680-NIAUV,72,Two year,Fiber optic,109.7,8129.3,Credit card (automatic),No,4.13,Low Risk
2146-EGVDT,59,Two year,No,19.3,1192.7,Credit card (automatic),No,0.31,Low Risk
2604-IJPDU,20,Month-to-month,Fiber optic,96.55,1901.65,Electronic check,No,38.7,Low Risk
9178-JHUVJ,24,Two year,No,24.1,587.4,Bank transfer (automatic),No,3.14,Low Risk
6168-YBYNP,59,Month-to-month,Fiber optic,111.35,6519.75,Electronic check,No,38.39,Low Risk
7255-SSFBC,72,Two year,Fiber optic,112.25,8041.65,Bank transfer (automatic),No,6.04,Low Risk
3645-DEYGF,1,Month-to-month,No,20.75,20.75,Mailed check,No,15.94,Low Risk
9323-HGFWY,27,One year,Fiber optic,101.9,2681.15,Credit card (automatic),No,20.46,Low Risk
8544-GOQSH,14,Month-to-month,Fiber optic,80.05,1112.3,Credit card (automatic),No,36.93,Low Risk
3363-DTIVD,71,Two year,Fiber optic,105.55,7405.5,Electronic check,No,6.5,Low Risk
7018-WBJNK,13,Month-to-month,Fiber optic,78.3,1033.95,Credit card (automatic),No,52.63,Medium Risk
9142-KZXOP,44,Month-to-month,Fiber optic,68.85,2958.95,Credit card (automatic),No,19.66,Low Risk
7674-YTAFD,33,One year,Fiber optic,79.95,2684.85,Bank transfer (automatic),No,14.05,Low Risk
6348-SNFUS,72,Two year,DSL,55.45,4179.2,Credit card (automatic),No,0.82,Low Risk
1285-OKIPP,1,Month-to-month,Fiber optic,79.9,79.9,Electronic check,Yes,67.42,Medium Risk
7825-ECJRF,19,Month-to-month,Fiber optic,106.6,1934.45,Electronic check,Yes,48.44,Medium Risk
1347-KTTTA,64,One year,Fiber optic,102.45,6654.1,Credit card (automatic),No,11.9,Low Risk
7841-TZDMQ,2,Month-to-month,DSL,46.0,84.5,Credit card (automatic),Yes,40.22,Medium Risk
4195-NZGTA,1,Month-to-month,DSL,25.25,25.25,Electronic check,No,56.01,Medium Risk
7157-SMCFK,61,Two year,No,19.75,1124.2,Mailed check,No,0.3,Low Risk
4709-LKHYG,29,One year,No,20.0,540.05,Electronic check,No,3.37,Low Risk
2504-DSHIH,23,Month-to-month,Fiber optic,86.8,1975.85,Electronic check,No,61.32,Medium Risk
0699-NDKJM,57,Month-to-month,DSL,58.75,3437.45,Bank transfer (automatic),No,12.02,Low Risk
9286-BHDQG,72,Two year,DSL,45.25,3139.8,Credit card (automatic),No,0.36,Low Risk
0230-WEQUW,66,Two year,DSL,56.6,3789.2,Bank transfer (automatic),No,1.26,Low Risk
2040-LDIWQ,65,Two year,DSL,84.2,5324.5,Bank transfer (automatic),No,2.28,Low Risk
6496-JDSSB,8,Month-to-month,Fiber optic,80.0,624.6,Bank transfer (automatic),No,61.31,Medium Risk
9408-SSNVZ,4,Month-to-month,Fiber optic,70.15,268.35,Electronic check,Yes,67.77,Medium Risk
4443-EMBNA,71,Two year,No,24.75,1836.9,Bank transfer (automatic),No,0.32,Low Risk
6469-MRVET,1,One year,No,20.2,20.2,Electronic check,No,16.06,Low Risk
0742-MOABM,4,Month-to-month,DSL,50.05,179.35,Mailed check,Yes,25.3,Low Risk
5961-VUSRV,12,One year,No,19.35,219.35,Bank transfer (automatic),No,8.65,Low Risk
6778-JFCMK,24,One year,DSL,50.6,1288.75,Mailed check,No,22.24,Low Risk
6341-JVQGF,31,One year,DSL,81.15,2545.75,Mailed check,No,7.37,Low Risk
2232-DMLXU,1,Month-to-month,DSL,55.2,55.2,Mailed check,Yes,40.41,Medium Risk
4811-JBUVU,30,Month-to-month,Fiber optic,89.9,2723.15,Credit card (automatic),No,43.41,Medium Risk
0945-TSONX,47,Two year,DSL,85.3,4107.25,Credit card (automatic),No,2.72,Low Risk
2651-ZCBXV,54,Two year,Fiber optic,108.0,5760.65,Credit card (automatic),No,7.68,Low Risk
3316-UWXUY,50,Month-to-month,Fiber optic,93.5,4747.5,Credit card (automatic),No,15.76,Low Risk
8937-RDTHP,1,Month-to-month,Fiber optic,84.6,84.6,Mailed check,Yes,59.17,Medium Risk
7083-MIOPC,72,Two year,No,20.25,1566.9,Credit card (automatic),No,0.21,Low Risk
1984-GPTEH,29,Month-to-month,No,25.15,702.0,Electronic check,No,10.64,Low Risk
1251-KRREG,2,Month-to-month,DSL,54.4,114.1,Mailed check,Yes,46.27,Medium Risk
0621-JFHOL,10,Two year,DSL,29.6,299.05,Mailed check,No,14.0,Low Risk
9903-LYSAB,18,Month-to-month,Fiber optic,73.15,1305.95,Electronic check,No,65.43,Medium Risk
0094-OIFMO,11,Month-to-month,Fiber optic,95.0,1120.3,Electronic check,Yes,72.96,High Risk
9227-UAQFT,16,Two year,No,19.75,284.35,Mailed check,No,2.97,Low Risk
7301-ABVAD,72,Two year,DSL,86.6,6350.5,Bank transfer (automatic),No,1.61,Low Risk
6614-FHDBO,72,Two year,Fiber optic,109.2,7878.3,Bank transfer (automatic),No,5.25,Low Risk
7576-ASEJU,41,One year,DSL,74.7,3187.65,Credit card (automatic),No,5.09,Low Risk
9058-HRZSV,65,Month-to-month,Fiber optic,94.4,6126.15,Electronic check,No,16.55,Low Risk
4522-AKYLR,13,Month-to-month,DSL,54.8,731.3,Electronic check,No,38.51,Low Risk
0221-WMXNQ,4,Month-to-month,Fiber optic,75.35,273.4,Electronic check,No,52.74,Medium Risk
0303-UNCIP,41,One year,DSL,65.0,2531.8,Mailed check,No,9.07,Low Risk
9947-OTFQU,15,Month-to-month,Fiber optic,74.4,1074.3,Electronic check,Yes,59.18,Medium Risk
0322-YINQP,1,Month-to-month,DSL,48.55,48.55,Mailed check,Yes,34.78,Low Risk
0959-WHOKV,42,One year,Fiber optic,99.0,4298.45,Electronic check,No,25.89,Low Risk
4075-JFPGR,51,One year,Fiber optic,93.5,4619.55,Electronic check,No,15.25,Low Risk
4629-NRXKX,2,Month-to-month,Fiber optic,70.4,147.15,Electronic check,Yes,55.93,Medium Risk
9514-JDSKI,1,Month-to-month,DSL,40.2,40.2,Electronic check,Yes,61.58,Medium Risk
3282-ZISZV,32,One year,DSL,83.7,2633.3,Credit card (automatic),No,7.9,Low Risk
3675-YDUPJ,10,Month-to-month,No,19.85,193.05,Mailed check,No,18.68,Low Risk
4111-BNXIF,67,Two year,DSL,59.55,4103.9,Electronic check,No,2.9,Low Risk
7017-VFHAY,61,Two year,Fiber optic,115.1,7008.15,Credit card (automatic),No,3.81,Low Risk
6655-LHBYW,50,One year,Fiber optic,114.35,5791.1,Credit card (automatic),No,11.33,Low Risk
4959-JOSRX,2,Month-to-month,DSL,44.6,80.55,Credit card (automatic),Yes,40.82,Medium Risk
5046-NUHWD,29,Month-to-month,DSL,45.0,1228.65,Electronic check,No,35.16,Low Risk
7273-TEFQD,3,Month-to-month,DSL,41.15,132.2,Electronic check,Yes,70.37,High Risk
3606-TWKGI,13,Month-to-month,Fiber optic,106.9,1364.3,Electronic check,Yes,76.46,High Risk
7529-ZDFXI,57,Month-to-month,Fiber optic,89.85,4925.35,Electronic check,No,41.21,Medium Risk
7605-BDWDC,31,Two year,DSL,49.85,1520.1,Bank transfer (automatic),No,4.45,Low Risk
1950-KSVVJ,45,One year,Fiber optic,113.3,5032.25,Mailed check,No,13.49,Low Risk
0123-CRBRT,61,Two year,DSL,88.1,5526.75,Mailed check,No,1.44,Low Risk
6292-TOSSS,50,Two year,No,24.9,1195.25,Bank transfer (automatic),No,0.81,Low Risk
3197-ARFOY,19,Month-to-month,Fiber optic,105.0,2007.25,Mailed check,No,42.09,Medium Risk
6323-AYBRX,59,Two year,No,19.35,1099.6,Mailed check,Yes,0.41,Low Risk
7014-ZZXAW,71,Two year,No,24.25,1732.95,Credit card (automatic),No,0.45,Low Risk
4385-GZQXV,16,Month-to-month,Fiber optic,94.45,1511.2,Electronic check,Yes,65.55,Medium Risk
7633-MVPUY,57,Two year,DSL,59.75,3450.15,Electronic check,No,1.33,Low Risk
6366-ZGQGL,1,Month-to-month,DSL,24.8,24.8,Bank transfer (automatic),Yes,47.2,Medium Risk
4716-HHKQH,20,Month-to-month,Fiber optic,107.05,2172.05,Electronic check,No,57.91,Medium Risk
5940-AHUHD,1,Month-to-month,Fiber optic,70.6,70.6,Mailed check,Yes,54.53,Medium Risk
6432-TWQLB,5,Month-to-month,Fiber optic,85.4,401.1,Electronic check,Yes,62.04,Medium Risk
4484-GLZOU,52,Month-to-month,Fiber optic,105.05,5624.85,Electronic check,Yes,51.86,Medium Risk
3179-GBRWV,21,Month-to-month,DSL,64.95,1339.8,Bank transfer (automatic),No,22.36,Low Risk
8645-KWHJO,14,Month-to-month,DSL,55.0,771.95,Electronic check,No,54.33,Medium Risk
4130-MZLCC,5,Month-to-month,DSL,50.55,244.75,Bank transfer (automatic),No,25.95,Low Risk
0314-TKOSI,6,Month-to-month,DSL,55.15,322.9,Mailed check,No,19.39,Low Risk
8229-MYEJZ,10,Month-to-month,DSL,51.2,498.25,Electronic check,No,29.45,Low Risk
2080-SRCDE,1,Month-to-month,No,25.4,25.4,Mailed check,No,19.93,Low Risk
9577-WJVCQ,68,Month-to-month,DSL,54.45,3687.75,Mailed check,No,3.46,Low Risk
9512-UIBFX,18,Month-to-month,Fiber optic,95.15,1779.95,Mailed check,Yes,47.99,Medium Risk
6202-DYYFX,22,One year,Fiber optic,76.0,1783.6,Credit card (automatic),No,33.89,Low Risk
3808-HFKDE,20,Month-to-month,DSL,44.35,927.15,Electronic check,No,33.25,Low Risk
5583-SXDAG,1,Month-to-month,Fiber optic,70.0,70.0,Electronic check,Yes,62.79,Medium Risk
3488-PGMQJ,8,Month-to-month,Fiber optic,74.5,606.55,Electronic check,Yes,64.97,Medium Risk
3580-REOAC,10,Month-to-month,DSL,44.85,435.4,Credit card (automatic),Yes,33.16,Low Risk
7534-BFESC,24,Month-to-month,Fiber optic,76.1,1712.7,Electronic check,Yes,62.08,Medium Risk
3727-OWVYD,35,One year,DSL,61.2,2021.2,Mailed check,No,3.73,Low Risk
2294-SALNE,23,One year,Fiber optic,86.8,1940.8,Mailed check,No,11.62,Low Risk
4847-TAJYI,6,Month-to-month,Fiber optic,89.35,567.8,Electronic check,No,78.76,High Risk
1563-IWQEX,12,Month-to-month,No,19.7,220.35,Mailed check,No,12.37,Low Risk
8203-XJZRC,1,Month-to-month,No,20.25,20.25,Mailed check,No,19.3,Low Risk
6556-DBKZF,71,Two year,Fiber optic,76.05,5436.45,Electronic check,No,3.04,Low Risk
6851-WEFYX,35,Month-to-month,Fiber optic,100.8,3437.5,Electronic check,No,68.16,Medium Risk
2985-JUUBZ,40,Month-to-month,DSL,74.55,3015.75,Electronic check,No,32.55,Low Risk
6390-DSAZX,1,Month-to-month,Fiber optic,73.6,73.6,Mailed check,Yes,48.1,Medium Risk
0895-LMRSF,23,One year,DSL,64.9,1509.8,Bank transfer (automatic),No,20.57,Low Risk
8098-LLAZX,4,Month-to-month,Fiber optic,95.45,396.1,Electronic check,Yes,83.71,High Risk
8266-VBFQL,4,Month-to-month,Fiber optic,90.4,356.65,Electronic check,No,64.23,Medium Risk
8181-YHCMF,68,Two year,DSL,60.3,4109.0,Credit card (automatic),No,1.26,Low Risk
2240-HSJQD,38,Month-to-month,Fiber optic,81.85,3141.7,Mailed check,No,31.89,Low Risk
1248-DYXUB,52,Two year,No,24.8,1229.1,Mailed check,No,0.65,Low Risk
0265-EDXBD,32,Month-to-month,Fiber optic,74.9,2303.35,Electronic check,Yes,56.62,Medium Risk
4115-BNPJY,29,Two year,DSL,75.55,2054.4,Mailed check,No,4.25,Low Risk
3167-SNQPL,38,Month-to-month,Fiber optic,101.15,3741.85,Electronic check,No,48.45,Medium Risk
4091-TVOCN,48,One year,DSL,78.75,3682.45,Credit card (automatic),No,7.4,Low Risk
1098-TDVUQ,1,Month-to-month,No,19.25,19.25,Bank transfer (automatic),No,24.32,Low Risk
7277-OZCGZ,22,Month-to-month,Fiber optic,89.05,1886.25,Electronic check,No,41.18,Medium Risk
1557-EMYVT,43,Two year,Fiber optic,115.05,4895.1,Credit card (automatic),No,6.91,Low Risk
2799-ARNLO,5,Month-to-month,Fiber optic,69.35,341.6,Electronic check,No,70.89,High Risk
7563-BIUPC,5,Month-to-month,Fiber optic,80.6,415.55,Electronic check,Yes,72.29,High Risk
5027-YOCXN,51,One year,Fiber optic,110.05,5686.4,Credit card (automatic),No,9.03,Low Risk
3973-SKMLN,71,Two year,No,19.9,1355.1,Credit card (automatic),No,0.31,Low Risk
2321-OMBXY,38,One year,DSL,80.3,3058.65,Credit card (automatic),Yes,3.34,Low Risk
2840-XANRC,24,Month-to-month,Fiber optic,93.15,2231.05,Electronic check,Yes,69.14,Medium Risk
6745-JEFZB,35,Month-to-month,Fiber optic,91.5,3236.35,Credit card (automatic),No,39.83,Low Risk
5020-ZSTTY,54,One year,DSL,82.45,4350.1,Bank transfer (automatic),Yes,4.05,Low Risk
9880-TDQAC,72,Two year,DSL,60.0,4264.0,Electronic check,No,2.33,Low Risk
8705-WZCYL,1,Month-to-month,DSL,44.8,44.8,Electronic check,No,52.03,Medium Risk
7102-JJVTX,9,One year,DSL,48.6,422.3,Mailed check,No,9.53,Low Risk
8626-PTQGE,69,Two year,DSL,60.05,4176.7,Bank transfer (automatic),No,1.55,Low Risk
4983-CLMLV,52,Month-to-month,Fiber optic,102.7,5138.1,Credit card (automatic),No,32.26,Low Risk
5701-YVSVF,11,Month-to-month,Fiber optic,82.9,880.05,Electronic check,No,64.14,Medium Risk
5804-LEPIM,2,Month-to-month,Fiber optic,70.35,139.05,Electronic check,Yes,72.23,High Risk
5697-GOMBF,28,Month-to-month,DSL,35.9,973.65,Electronic check,No,40.2,Medium Risk
2739-CACDQ,17,Month-to-month,Fiber optic,82.65,1470.05,Credit card (automatic),No,57.2,Medium Risk
9385-EHGDO,35,Two year,No,19.85,739.35,Mailed check,No,1.47,Low Risk
9498-FIMXL,8,One year,No,19.2,161.95,Mailed check,No,11.02,Low Risk
2379-GYFLQ,46,One year,Fiber optic,94.9,4422.95,Credit card (automatic),No,22.57,Low Risk
0122-OAHPZ,7,Month-to-month,Fiber optic,73.85,511.25,Electronic check,Yes,72.28,High Risk
2868-SNELZ,2,Month-to-month,Fiber optic,80.6,155.8,Mailed check,Yes,59.26,Medium Risk
4322-RCYMT,68,One year,DSL,75.8,5293.95,Bank transfer (automatic),Yes,2.9,Low Risk
6680-NENYN,43,Two year,Fiber optic,104.6,4759.85,Electronic check,Yes,26.13,Low Risk
2088-IEBAU,68,Two year,DSL,88.15,6148.45,Electronic check,No,2.77,Low Risk
7982-VCELR,36,Month-to-month,Fiber optic,94.8,3565.65,Credit card (automatic),No,43.42,Medium Risk
1343-EHPYB,63,Month-to-month,Fiber optic,103.4,6603.0,Electronic check,Yes,44.91,Medium Risk
6035-BXTTY,32,Month-to-month,DSL,54.65,1830.1,Bank transfer (automatic),No,9.36,Low Risk
6885-PKOAM,71,Two year,DSL,85.75,6223.8,Credit card (automatic),No,1.2,Low Risk
7520-HQWJU,66,Month-to-month,DSL,67.45,4508.65,Bank transfer (automatic),No,3.86,Low Risk
9639-BUJXT,63,One year,No,20.5,1328.15,Mailed check,No,0.67,Low Risk
5924-SNGKP,41,One year,No,20.25,865.0,Credit card (automatic),No,1.87,Low Risk
0021-IKXGC,1,Month-to-month,Fiber optic,72.1,72.1,Electronic check,No,79.27,High Risk
2034-GDRCN,2,Month-to-month,Fiber optic,90.4,168.2,Electronic check,Yes,77.84,High Risk
8966-SNIZF,70,Two year,No,19.45,1303.5,Bank transfer (automatic),No,0.23,Low Risk
6243-OZGFH,23,Month-to-month,DSL,44.95,996.85,Electronic check,No,54.01,Medium Risk
4654-DLAMQ,64,One year,Fiber optic,97.0,6430.9,Bank transfer (automatic),No,6.7,Low Risk
0513-RBGPE,37,Two year,DSL,62.8,2278.75,Credit card (automatic),No,2.35,Low Risk
5160-UXJED,17,One year,DSL,44.6,681.4,Mailed check,No,10.05,Low Risk
4115-NZRKS,7,Month-to-month,Fiber optic,89.15,574.35,Electronic check,No,77.99,High Risk
0219-YTZUE,4,Month-to-month,Fiber optic,84.8,371.9,Bank transfer (automatic),Yes,56.87,Medium Risk
0623-IIHUG,21,Month-to-month,DSL,41.9,840.1,Electronic check,Yes,42.24,Medium Risk
4572-DVCGN,10,Month-to-month,Fiber optic,80.25,846.0,Bank transfer (automatic),Yes,60.02,Medium Risk
3351-NGXYI,16,Month-to-month,DSL,54.1,889.0,Electronic check,No,37.97,Low Risk
8984-EYLLL,64,Two year,Fiber optic,105.25,6823.4,Electronic check,No,12.62,Low Risk
9057-MSWCO,27,Month-to-month,DSL,30.75,805.1,Credit card (automatic),Yes,17.27,Low Risk
9833-TGFHX,42,One year,Fiber optic,97.1,4016.75,Electronic check,No,22.86,Low Risk
9294-TDIPC,5,Month-to-month,No,20.2,83.75,Mailed check,No,13.68,Low Risk
5229-DTFYB,41,Two year,Fiber optic,98.8,3959.15,Bank transfer (automatic),No,10.76,Low Risk
0104-PPXDV,58,One year,DSL,50.3,2878.55,Credit card (automatic),No,2.44,Low Risk
5176-LMJXE,47,Two year,No,20.55,945.7,Mailed check,No,1.01,Low Risk
3583-KRKMD,18,Month-to-month,Fiber optic,75.9,1373.05,Bank transfer (automatic),No,38.56,Low Risk
1010-DIAUQ,5,Month-to-month,Fiber optic,96.5,492.55,Bank transfer (automatic),Yes,59.47,Medium Risk
9069-LGEUL,23,Month-to-month,DSL,59.95,1406.0,Bank transfer (automatic),No,21.47,Low Risk
7302-ZHMHP,1,Month-to-month,No,19.15,19.15,Mailed check,No,19.29,Low Risk
9571-EDEBV,71,One year,Fiber optic,98.65,6962.85,Credit card (automatic),No,18.69,Low Risk
3520-FJGCV,72,Two year,Fiber optic,112.6,8126.65,Credit card (automatic),No,4.37,Low Risk
6563-VRERX,33,One year,No,20.6,690.25,Mailed check,No,2.14,Low Risk
0259-GBZSH,2,Month-to-month,Fiber optic,85.65,181.5,Electronic check,Yes,79.28,High Risk
6122-EFVKN,24,Two year,DSL,35.75,830.8,Mailed check,No,3.15,Low Risk
2805-EDJPQ,56,One year,Fiber optic,99.75,5608.4,Credit card (automatic),No,11.29,Low Risk
6862-CQUMB,37,Month-to-month,Fiber optic,96.1,3646.8,Credit card (automatic),No,42.54,Medium Risk
7156-MXBJE,43,One year,DSL,85.1,3662.25,Credit card (automatic),No,6.89,Low Risk
6158-HDPXZ,1,Month-to-month,DSL,25.35,25.35,Mailed check,No,48.78,Medium Risk
9601-BRXPO,25,Month-to-month,Fiber optic,104.95,2566.5,Bank transfer (automatic),Yes,53.96,Medium Risk
2863-IMQDR,61,Two year,DSL,89.65,5308.7,Electronic check,No,2.19,Low Risk
5686-CMAWK,17,One year,Fiber optic,86.75,1410.25,Electronic check,No,29.56,Low Risk
5651-CRHKQ,41,One year,Fiber optic,86.2,3339.05,Bank transfer (automatic),No,10.8,Low Risk
6905-NIQIN,1,Month-to-month,DSL,50.65,50.65,Mailed check,Yes,31.1,Low Risk
8204-YJCLA,72,Two year,DSL,64.8,4732.35,Bank transfer (automatic),No,1.39,Low Risk
5167-ZFFMM,1,Month-to-month,Fiber optic,90.85,90.85,Credit card (automatic),Yes,68.51,Medium Risk
6583-SZVGP,48,Two year,Fiber optic,108.1,5067.45,Bank transfer (automatic),No,16.06,Low Risk
4895-TMWIR,11,Month-to-month,No,19.95,214.75,Mailed check,Yes,15.11,Low Risk
0533-BNWKF,55,Month-to-month,Fiber optic,85.45,4874.7,Electronic check,Yes,36.4,Low Risk
1708-PBBOA,42,One year,DSL,54.75,2348.45,Electronic check,No,8.07,Low Risk
8782-LKFPK,44,Month-to-month,Fiber optic,90.4,4063.0,Mailed check,No,44.07,Medium Risk
5522-JBWMO,1,Month-to-month,DSL,44.0,44.0,Electronic check,No,37.81,Low Risk
3597-MVHJT,27,Month-to-month,Fiber optic,95.6,2595.25,Bank transfer (automatic),No,60.96,Medium Risk
9774-NRNAU,27,Month-to-month,DSL,84.8,2309.55,Bank transfer (automatic),No,30.87,Low Risk
0224-RLWWD,2,Month-to-month,DSL,44.3,89.3,Electronic check,No,54.32,Medium Risk
9967-ATRFS,19,Month-to-month,No,19.9,367.55,Mailed check,No,9.23,Low Risk
3951-NJCVI,42,Month-to-month,Fiber optic,95.05,3944.5,Electronic check,No,63.53,Medium Risk
2977-CEBSX,66,Two year,DSL,90.05,5965.95,Credit card (automatic),No,1.9,Low Risk
0177-PXBAT,33,Month-to-month,Fiber optic,109.9,3694.7,Bank transfer (automatic),No,43.95,Medium Risk
6599-CEBNN,34,Month-to-month,Fiber optic,73.95,2524.45,Credit card (automatic),Yes,30.37,Low Risk
2519-ERQOJ,33,Month-to-month,DSL,54.6,1803.7,Electronic check,No,40.04,Medium Risk
5876-QMYLD,23,One year,No,20.05,415.1,Mailed check,No,3.27,Low Risk
2277-AXSDC,32,One year,No,19.75,624.15,Bank transfer (automatic),No,2.5,Low Risk
9442-JTWDL,11,One year,No,20.05,237.7,Credit card (automatic),No,6.21,Low Risk
0979-PHULV,69,Month-to-month,Fiber optic,99.45,7007.6,Credit card (automatic),Yes,29.07,Low Risk
3067-SVMTC,68,One year,DSL,55.9,3848.8,Bank transfer (automatic),No,0.87,Low Risk
5495-GPSRW,20,Two year,No,19.7,419.4,Mailed check,No,3.6,Low Risk
7606-BPHHN,72,Two year,No,19.8,1468.75,Credit card (automatic),No,0.3,Low Risk
4742-DRORA,60,One year,Fiber optic,95.4,5812.0,Bank transfer (automatic),No,11.39,Low Risk
0111-KLBQG,32,Month-to-month,Fiber optic,93.95,2861.45,Mailed check,No,46.44,Medium Risk
4800-VHZKI,1,Month-to-month,No,19.9,19.9,Mailed check,Yes,25.47,Low Risk
7989-CHGTL,1,Month-to-month,No,19.6,19.6,Mailed check,Yes,25.99,Low Risk
0334-GDDSO,3,Month-to-month,Fiber optic,81.35,233.7,Electronic check,Yes,73.8,High Risk
4163-NCJAK,46,One year,No,24.45,1066.15,Bank transfer (automatic),No,2.68,Low Risk
5233-AOZUF,29,Month-to-month,Fiber optic,74.95,2149.05,Electronic check,No,55.39,Medium Risk
5973-EJGDP,51,Month-to-month,Fiber optic,87.35,4473.0,Electronic check,No,28.79,Low Risk
1996-DBMUS,48,Month-to-month,Fiber optic,70.65,3545.05,Bank transfer (automatic),No,27.55,Low Risk
7916-VCCPB,16,Month-to-month,Fiber optic,73.25,1195.75,Bank transfer (automatic),No,32.02,Low Risk
4686-GEFRM,70,Two year,Fiber optic,98.7,6858.9,Bank transfer (automatic),No,5.49,Low Risk
5249-QYHEX,40,Two year,No,24.8,1024.7,Mailed check,No,1.62,Low Risk
0578-SKVMF,22,Month-to-month,Fiber optic,83.3,1845.9,Electronic check,Yes,42.45,Medium Risk
5564-NEMQO,1,Month-to-month,Fiber optic,75.3,75.3,Bank transfer (automatic),Yes,63.86,Medium Risk
2233-FAGXV,5,Month-to-month,No,24.3,132.25,Mailed check,No,23.93,Low Risk
5605-IYGFG,7,Month-to-month,Fiber optic,69.85,515.45,Bank transfer (automatic),No,56.71,Medium Risk
7663-ZTEGJ,29,One year,Fiber optic,100.55,2830.45,Credit card (automatic),No,15.2,Low Risk
3935-TBRZZ,44,One year,No,25.7,1110.5,Mailed check,No,1.79,Low Risk
8111-BKVDS,10,Month-to-month,DSL,40.7,449.3,Bank transfer (automatic),No,23.92,Low Risk
2055-SIFSS,55,Month-to-month,DSL,51.65,2838.55,Bank transfer (automatic),No,8.4,Low Risk
2806-MLNTI,52,One year,Fiber optic,105.1,5376.4,Bank transfer (automatic),No,28.77,Low Risk
8734-DKSTZ,10,Month-to-month,Fiber optic,85.95,858.6,Electronic check,No,62.04,Medium Risk
4360-PNRQB,18,Month-to-month,Fiber optic,75.6,1395.05,Bank transfer (automatic),No,55.15,Medium Risk
6152-ONASV,68,One year,DSL,58.25,3975.7,Bank transfer (automatic),No,1.25,Low Risk
9063-ZGTUY,61,Month-to-month,No,19.4,1182.55,Mailed check,Yes,1.69,Low Risk
7781-HVGMK,72,Two year,DSL,65.2,4784.45,Credit card (automatic),No,1.15,Low Risk
2181-UAESM,2,Month-to-month,DSL,53.45,119.5,Electronic check,No,31.8,Low Risk
2957-LOLHO,12,Month-to-month,DSL,45.4,518.9,Bank transfer (automatic),Yes,31.73,Low Risk
6048-NJXHX,41,Two year,No,19.75,899.45,Electronic check,No,1.95,Low Risk
2320-SLKMB,26,Month-to-month,DSL,44.45,1183.8,Credit card (automatic),No,27.16,Low Risk
4980-URKXC,36,One year,No,20.85,720.05,Bank transfer (automatic),No,2.13,Low Risk
4376-KFVRS,72,Two year,Fiber optic,114.05,8468.2,Credit card (automatic),No,4.59,Low Risk
5886-VLQVU,35,Month-to-month,Fiber optic,89.85,3161.2,Bank transfer (automatic),No,40.88,Medium Risk
3577-AMVUX,1,Month-to-month,DSL,55.05,55.05,Mailed check,No,26.53,Low Risk
0771-WLCLA,16,Month-to-month,Fiber optic,112.95,1882.55,Electronic check,No,53.39,Medium Risk
5628-RKIFK,49,Month-to-month,Fiber optic,101.55,5070.4,Credit card (automatic),No,31.06,Low Risk
0206-TBWLC,54,One year,Fiber optic,114.65,6049.5,Mailed check,No,15.0,Low Risk
2937-FTHUR,18,Month-to-month,DSL,64.8,1166.7,Electronic check,No,25.72,Low Risk
1910-FMXJM,36,Month-to-month,Fiber optic,80.4,2937.65,Electronic check,No,40.06,Medium Risk
7752-XUSCI,60,Month-to-month,Fiber optic,105.9,6396.45,Electronic check,Yes,45.25,Medium Risk
4110-PFEUZ,1,Month-to-month,Fiber optic,69.55,69.55,Mailed check,Yes,54.49,Medium Risk
0732-OCQOC,52,Two year,No,25.05,1270.25,Bank transfer (automatic),No,0.86,Low Risk
5168-MSWXT,8,Month-to-month,Fiber optic,94.75,759.55,Electronic check,No,70.7,High Risk
1090-ESELR,72,Two year,Fiber optic,105.5,7611.55,Bank transfer (automatic),No,2.08,Low Risk
8592-PLTMQ,64,One year,No,24.7,1642.75,Mailed check,No,0.9,Low Risk
5760-WRAHC,22,Month-to-month,DSL,69.75,1545.4,Mailed check,No,19.04,Low Risk
8847-GEOOQ,60,Month-to-month,DSL,60.2,3582.4,Bank transfer (automatic),No,11.24,Low Risk
0256-LTHVJ,28,Month-to-month,Fiber optic,81.05,2227.1,Electronic check,Yes,49.4,Medium Risk
4785-FCIFB,61,Two year,No,24.4,1417.9,Mailed check,No,0.53,Low Risk
8313-NDOIA,24,Month-to-month,Fiber optic,104.15,2494.65,Electronic check,No,68.32,Medium Risk
5149-CUZUJ,28,One year,Fiber optic,92.9,2768.35,Bank transfer (automatic),No,13.37,Low Risk
0942-KOWSM,30,Two year,DSL,80.8,2369.3,Bank transfer (automatic),No,3.32,Low Risk
4237-CLSMM,2,Month-to-month,No,20.0,38.0,Mailed check,No,18.96,Low Risk
1452-VOQCH,1,Month-to-month,Fiber optic,75.1,75.1,Electronic check,No,76.13,High Risk
4719-UMSIY,6,Month-to-month,No,19.65,100.9,Mailed check,No,13.26,Low Risk
6614-VBEGU,24,Month-to-month,DSL,69.45,1614.05,Bank transfer (automatic),No,30.02,Low Risk
0880-TKATG,4,Month-to-month,Fiber optic,101.15,385.9,Electronic check,Yes,70.77,High Risk
3811-VBYBZ,7,Month-to-month,Fiber optic,99.8,673.25,Electronic check,Yes,77.88,High Risk
1480-BKXGA,72,Two year,Fiber optic,116.05,8404.9,Bank transfer (automatic),No,6.34,Low Risk
2996-XAUVF,70,Two year,DSL,40.05,2799.75,Mailed check,No,1.69,Low Risk
9076-AXYIK,64,Two year,Fiber optic,102.1,6538.45,Electronic check,No,11.63,Low Risk
5968-XQIVE,72,One year,Fiber optic,89.7,6588.95,Electronic check,No,14.18,Low Risk
8896-RAZCR,44,Two year,No,19.9,868.1,Mailed check,No,0.65,Low Risk
4640-UHDOS,13,Month-to-month,DSL,55.95,734.35,Electronic check,Yes,31.66,Low Risk
4933-IKULF,17,One year,No,20.65,330.6,Mailed check,No,5.92,Low Risk
3583-EKAPL,1,Month-to-month,DSL,55.0,55.0,Electronic check,Yes,57.43,Medium Risk
1304-BCCFO,9,Month-to-month,DSL,70.05,564.4,Mailed check,No,47.46,Medium Risk
4104-PVRPS,24,Month-to-month,DSL,53.6,1315.35,Mailed check,No,9.66,Low Risk
9399-APLBT,1,Month-to-month,Fiber optic,74.7,74.7,Electronic check,Yes,61.74,Medium Risk
2359-KMGLI,24,Month-to-month,Fiber optic,80.25,1861.5,Electronic check,Yes,55.49,Medium Risk
3780-DDGSE,35,Month-to-month,DSL,76.05,2747.2,Electronic check,No,22.76,Low Risk
4431-EDMIQ,7,Month-to-month,DSL,75.7,554.05,Electronic check,No,24.07,Low Risk
0306-JAELE,5,Month-to-month,Fiber optic,96.1,453.4,Electronic check,Yes,69.04,Medium Risk
6227-HWPWX,15,Month-to-month,Fiber optic,69.0,994.8,Bank transfer (automatic),Yes,35.33,Low Risk
0486-LGCCH,11,Two year,No,19.65,225.75,Mailed check,No,3.09,Low Risk
0447-BEMNG,48,Month-to-month,DSL,45.3,2145.0,Bank transfer (automatic),Yes,12.97,Low Risk
4612-SSVHJ,20,Month-to-month,Fiber optic,81.45,1671.6,Electronic check,No,64.42,Medium Risk
5168-MQQCA,72,One year,Fiber optic,108.5,8003.8,Bank transfer (automatic),No,13.91,Low Risk
5949-XIKAE,8,Month-to-month,Fiber optic,83.55,680.05,Electronic check,Yes,62.35,Medium Risk
7971-HLVXI,72,Two year,Fiber optic,84.5,6130.85,Credit card (automatic),No,5.78,Low Risk
9094-AZPHK,15,Month-to-month,Fiber optic,100.15,1415.0,Electronic check,No,73.01,High Risk
3649-JPUGY,72,Two year,DSL,88.6,6201.95,Bank transfer (automatic),No,2.2,Low Risk
4472-LVYGI,0,Two year,DSL,52.55,0.0,Bank transfer (automatic),No,12.41,Low Risk
8372-JUXUI,1,Month-to-month,Fiber optic,74.35,74.35,Electronic check,Yes,72.16,High Risk
3552-CTCYF,63,Two year,Fiber optic,104.8,6597.25,Bank transfer (automatic),No,9.98,Low Risk
6778-YSNIH,2,Month-to-month,DSL,59.0,114.15,Electronic check,No,51.99,Medium Risk
0388-EOPEX,2,Month-to-month,Fiber optic,74.4,139.4,Electronic check,Yes,60.47,Medium Risk
5756-OZRIO,61,One year,DSL,64.05,3902.6,Bank transfer (automatic),No,4.58,Low Risk
6579-JPICP,1,Month-to-month,No,20.4,20.4,Mailed check,No,19.25,Low Risk
8205-OTCHB,22,One year,DSL,43.75,903.6,Bank transfer (automatic),Yes,21.57,Low Risk
4134-BSXLX,28,Month-to-month,DSL,60.9,1785.65,Mailed check,No,7.21,Low Risk
0505-SPOOW,70,Two year,No,19.8,1397.65,Bank transfer (automatic),No,0.23,Low Risk
6235-VDHOM,5,Month-to-month,DSL,28.45,131.05,Electronic check,Yes,51.55,Medium Risk
7783-YKGDV,12,Month-to-month,Fiber optic,99.7,1238.45,Bank transfer (automatic),Yes,51.2,Medium Risk
4374-YMUSQ,34,One year,Fiber optic,116.25,3899.05,Credit card (automatic),No,15.17,Low Risk
4513-CXYIX,71,Two year,Fiber optic,80.7,5676.0,Credit card (automatic),No,4.03,Low Risk
3957-HHLMR,70,One year,DSL,65.2,4543.15,Bank transfer (automatic),No,1.79,Low Risk
7803-XOCCZ,52,Month-to-month,Fiber optic,84.05,4326.8,Bank transfer (automatic),No,10.3,Low Risk
5736-YEJAX,69,Two year,DSL,79.45,5502.55,Credit card (automatic),No,0.98,Low Risk
5609-CEBID,20,Month-to-month,Fiber optic,94.1,1782.4,Electronic check,Yes,67.53,Medium Risk
8981-FJGLA,11,Month-to-month,Fiber optic,78.0,851.8,Mailed check,No,57.45,Medium Risk
7218-HKQFK,2,Month-to-month,Fiber optic,94.2,167.5,Electronic check,Yes,72.03,High Risk
4636-QRJKY,6,Month-to-month,Fiber optic,80.5,502.85,Electronic check,Yes,59.81,Medium Risk
1135-LMECX,1,Month-to-month,No,19.85,19.85,Mailed check,No,19.08,Low Risk
4332-MUOEZ,20,One year,Fiber optic,94.3,1818.3,Credit card (automatic),No,13.72,Low Risk
8535-SFUTN,61,Month-to-month,Fiber optic,106.45,6300.15,Electronic check,No,37.77,Low Risk
5956-VKDTT,5,Month-to-month,Fiber optic,74.35,334.8,Electronic check,Yes,76.39,High Risk
8677-HDZEE,56,Month-to-month,Fiber optic,105.45,5916.95,Bank transfer (automatic),No,30.8,Low Risk
2475-MROZF,30,Month-to-month,Fiber optic,95.0,2852.4,Credit card (automatic),No,24.95,Low Risk
9412-GHEEC,40,Month-to-month,Fiber optic,104.8,4131.95,Bank transfer (automatic),Yes,35.25,Low Risk
3482-ABPKK,28,One year,DSL,54.3,1546.3,Mailed check,No,4.13,Low Risk
6705-LXORM,5,Month-to-month,Fiber optic,70.05,302.6,Electronic check,No,62.13,Medium Risk
0257-ZESQC,27,Month-to-month,Fiber optic,75.2,1929.35,Bank transfer (automatic),Yes,33.44,Low Risk
7531-GQHME,12,Month-to-month,No,20.05,265.45,Credit card (automatic),No,11.56,Low Risk
5174-ITUMV,67,One year,Fiber optic,105.4,6989.45,Electronic check,No,21.69,Low Risk
4109-CYRBD,29,Month-to-month,DSL,51.6,1442.0,Electronic check,No,35.25,Low Risk
0913-XWSCN,55,Month-to-month,Fiber optic,85.5,4713.4,Bank transfer (automatic),No,22.12,Low Risk
6825-UYPFK,23,Month-to-month,Fiber optic,75.6,1758.6,Bank transfer (automatic),Yes,41.16,Medium Risk
8397-MVTAZ,34,Month-to-month,Fiber optic,100.05,3480.0,Electronic check,Yes,66.65,Medium Risk
0750-EBAIU,52,One year,Fiber optic,91.25,4738.3,Electronic check,No,12.1,Low Risk
8606-CIQUL,72,Two year,Fiber optic,115.75,8399.15,Credit card (automatic),No,5.03,Low Risk
3571-DPYUH,58,One year,Fiber optic,94.7,5430.35,Credit card (automatic),No,10.49,Low Risk
7601-GNDYK,35,Two year,No,19.6,686.95,Mailed check,No,1.03,Low Risk
0356-OBMAC,56,Two year,Fiber optic,99.9,5706.3,Bank transfer (automatic),No,8.92,Low Risk
8067-NIOYM,24,Two year,No,21.1,490.65,Credit card (automatic),No,2.13,Low Risk
1403-GYAFU,70,Two year,No,20.05,1360.25,Credit card (automatic),No,0.18,Low Risk
4234-XTNEA,2,Month-to-month,Fiber optic,79.95,174.45,Electronic check,No,74.43,High Risk
1297-VQDRP,68,One year,Fiber optic,107.15,7379.8,Credit card (automatic),No,14.92,Low Risk
9282-IZGQK,1,Month-to-month,Fiber optic,85.0,85.0,Electronic check,Yes,79.62,High Risk
5348-CAGXB,12,Month-to-month,Fiber optic,89.55,1021.75,Electronic check,No,73.3,High Risk
0621-HJWXJ,63,Month-to-month,Fiber optic,81.55,5029.05,Bank transfer (automatic),No,19.13,Low Risk
5844-QVTAT,33,One year,DSL,58.45,1955.4,Mailed check,No,4.91,Low Risk
8905-IAZPF,69,One year,Fiber optic,95.65,6744.2,Credit card (automatic),No,12.94,Low Risk
5394-MEITZ,60,Two year,DSL,80.6,4946.7,Bank transfer (automatic),No,1.94,Low Risk
6859-QNXIQ,72,Two year,Fiber optic,113.1,8248.5,Bank transfer (automatic),No,4.48,Low Risk
2782-LFZVW,11,Month-to-month,DSL,58.95,601.6,Mailed check,No,47.28,Medium Risk
2866-IKBTM,1,Month-to-month,No,19.55,19.55,Mailed check,No,19.17,Low Risk
1342-JPNKI,10,Month-to-month,Fiber optic,86.05,834.1,Bank transfer (automatic),Yes,66.69,Medium Risk
2817-NTQDO,13,Month-to-month,DSL,45.55,597.0,Credit card (automatic),Yes,30.06,Low Risk
7129-AZJDE,34,One year,Fiber optic,78.95,2647.2,Bank transfer (automatic),No,22.15,Low Risk
6986-IJDHX,39,Month-to-month,Fiber optic,86.3,3266.0,Mailed check,Yes,30.65,Low Risk
2560-PPCHE,65,One year,Fiber optic,105.05,6744.25,Bank transfer (automatic),No,14.54,Low Risk
4676-MQUEA,50,One year,Fiber optic,101.9,5265.5,Bank transfer (automatic),No,18.08,Low Risk
8138-EALND,15,Month-to-month,No,19.75,311.6,Mailed check,No,11.21,Low Risk
3580-HYCSP,72,Two year,Fiber optic,110.3,7966.9,Bank transfer (automatic),No,5.88,Low Risk
1352-HNSAW,72,Two year,Fiber optic,115.6,8220.4,Bank transfer (automatic),No,4.24,Low Risk
2075-PUEPR,55,Two year,No,19.35,1153.25,Bank transfer (automatic),No,0.39,Low Risk
1982-FEBTD,23,Two year,No,25.6,514.75,Credit card (automatic),No,3.0,Low Risk
5301-GAUUY,32,Month-to-month,Fiber optic,80.35,2596.15,Bank transfer (automatic),Yes,40.08,Medium Risk
5791-KAJFD,56,One year,DSL,68.75,3808.0,Bank transfer (automatic),No,4.31,Low Risk
2654-VBVPB,1,Month-to-month,No,19.9,19.9,Bank transfer (automatic),No,17.95,Low Risk
1154-HYWWO,38,One year,DSL,70.6,2708.2,Mailed check,No,3.39,Low Risk
2501-XWWTZ,11,Month-to-month,Fiber optic,70.2,760.05,Electronic check,No,53.73,Medium Risk
3716-UVSPD,1,Month-to-month,DSL,49.3,49.3,Electronic check,No,42.96,Medium Risk
6815-ABQFQ,56,One year,Fiber optic,107.25,6033.3,Electronic check,No,25.06,Low Risk
7343-EOBEU,3,Month-to-month,No,23.6,89.05,Mailed check,No,30.86,Low Risk
3701-SFMUH,7,Month-to-month,DSL,69.7,516.15,Credit card (automatic),No,25.25,Low Risk
6103-LIANB,59,Two year,Fiber optic,99.5,5861.75,Credit card (automatic),No,11.81,Low Risk
7319-VENRZ,7,Month-to-month,DSL,64.3,445.95,Bank transfer (automatic),No,25.46,Low Risk
5846-NEQVZ,71,Two year,DSL,70.85,4973.4,Credit card (automatic),No,0.7,Low Risk
6967-QIQRV,15,One year,Fiber optic,101.9,1667.25,Electronic check,No,24.18,Low Risk
5781-RFZRP,71,Two year,DSL,73.5,5357.75,Credit card (automatic),No,0.8,Low Risk
0939-YAPAF,35,Month-to-month,Fiber optic,100.25,3527.6,Electronic check,Yes,64.71,Medium Risk
0308-IVGOK,11,One year,DSL,40.4,422.6,Credit card (automatic),No,17.96,Low Risk
7293-LSCDV,60,Two year,No,19.25,1103.25,Credit card (automatic),No,0.41,Low Risk
7025-WCBNE,47,Two year,DSL,59.6,2754.0,Bank transfer (automatic),No,2.04,Low Risk
5756-JYOJT,11,One year,DSL,64.9,697.25,Credit card (automatic),No,12.09,Low Risk
4710-FDUIZ,56,One year,Fiber optic,100.3,5614.45,Credit card (automatic),Yes,17.31,Low Risk
6030-REHUX,28,Month-to-month,Fiber optic,110.85,3204.4,Electronic check,No,61.93,Medium Risk
9548-LIGTA,61,Two year,DSL,81.05,4747.65,Mailed check,No,1.63,Low Risk
5150-LJNSR,31,One year,Fiber optic,98.05,3082.1,Bank transfer (automatic),No,16.33,Low Risk
8270-RKSAP,9,Month-to-month,Fiber optic,70.5,597.9,Electronic check,No,64.1,Medium Risk
6522-YRBXD,35,Month-to-month,Fiber optic,94.55,3365.4,Electronic check,No,49.62,Medium Risk
2640-LYMOV,2,Month-to-month,No,19.65,38.8,Mailed check,No,25.09,Low Risk
1218-VKFPE,12,Month-to-month,No,19.0,233.55,Mailed check,Yes,10.5,Low Risk
3627-FHKBK,1,Month-to-month,Fiber optic,75.3,75.3,Mailed check,Yes,43.58,Medium Risk
2865-TCHJW,4,Month-to-month,Fiber optic,89.2,346.2,Electronic check,Yes,80.06,High Risk
1423-BMPBQ,1,Month-to-month,No,19.0,19.0,Mailed check,No,22.12,Low Risk
2393-DIVAI,3,Month-to-month,No,20.0,61.7,Mailed check,No,23.71,Low Risk
5192-EBGOV,1,Month-to-month,Fiber optic,85.7,85.7,Electronic check,Yes,81.65,High Risk
4568-KNYWR,52,Two year,DSL,63.25,3342.45,Credit card (automatic),No,2.02,Low Risk
8752-IMQOS,5,One year,No,20.1,85.1,Mailed check,No,7.42,Low Risk
0742-LAFQK,72,Two year,Fiber optic,99.15,7422.1,Electronic check,No,7.65,Low Risk
0795-LAFGP,71,Two year,DSL,90.4,6668.05,Electronic check,No,1.5,Low Risk
0619-OLYUR,72,Two year,Fiber optic,111.9,8071.05,Credit card (automatic),No,5.83,Low Risk
5512-IDZEI,46,One year,No,24.9,1174.8,Electronic check,No,2.26,Low Risk
0459-SPZHJ,63,Two year,DSL,83.5,5435.0,Credit card (automatic),No,1.69,Low Risk
0215-BQKGS,30,Month-to-month,Fiber optic,84.3,2438.6,Credit card (automatic),No,25.07,Low Risk
9244-ZVAPM,1,Month-to-month,DSL,45.6,45.6,Mailed check,No,35.06,Low Risk
0719-SYFRB,12,Month-to-month,DSL,61.65,713.75,Mailed check,Yes,24.07,Low Risk
8208-EUMTE,16,Two year,DSL,54.85,916.15,Mailed check,No,5.96,Low Risk
5172-MIGPM,4,Month-to-month,DSL,65.55,237.2,Mailed check,No,35.58,Low Risk
1710-RCXUS,51,One year,Fiber optic,90.35,4614.55,Credit card (automatic),No,19.92,Low Risk
0374-FIUCA,65,Two year,No,20.4,1414.45,Credit card (automatic),No,0.43,Low Risk
5839-SUYVZ,16,Month-to-month,Fiber optic,74.55,1170.5,Credit card (automatic),No,39.82,Low Risk
5173-ZXXXL,2,One year,No,19.95,47.7,Mailed check,No,10.22,Low Risk
1096-ADRUX,66,One year,Fiber optic,74.25,4859.25,Bank transfer (automatic),No,8.82,Low Risk
2001-MCUUW,46,Two year,Fiber optic,108.65,4903.2,Electronic check,No,13.4,Low Risk
2731-GJRDG,32,One year,Fiber optic,109.55,3608.0,Bank transfer (automatic),No,25.05,Low Risk
4723-BEGSG,72,Two year,DSL,86.65,6094.25,Credit card (automatic),No,1.21,Low Risk
6516-NKQBO,38,Two year,DSL,81.0,3084.9,Credit card (automatic),No,2.05,Low Risk
8672-OAUPW,51,One year,DSL,47.85,2356.75,Credit card (automatic),No,1.83,Low Risk
8207-DMRVL,72,Two year,Fiber optic,114.55,8306.05,Bank transfer (automatic),No,3.15,Low Risk
3419-SNJJD,65,Month-to-month,Fiber optic,105.25,6786.4,Bank transfer (automatic),Yes,23.53,Low Risk
6543-CPZMK,9,Month-to-month,DSL,29.95,248.95,Electronic check,Yes,47.56,Medium Risk
4765-OXPPD,9,Month-to-month,DSL,65.0,663.05,Mailed check,Yes,10.79,Low Risk
2804-ETQDK,66,Two year,No,20.55,1357.1,Mailed check,No,0.24,Low Risk
6689-VRRTK,44,One year,Fiber optic,109.8,4860.35,Credit card (automatic),No,24.83,Low Risk
7138-GIRSH,50,Two year,DSL,69.5,3418.2,Bank transfer (automatic),No,2.53,Low Risk
9396-ZSFLL,15,Month-to-month,DSL,48.85,631.4,Mailed check,No,28.98,Low Risk
6464-KEXXH,8,Month-to-month,DSL,25.25,186.3,Credit card (automatic),No,47.56,Medium Risk
7134-MJPDY,66,One year,Fiber optic,102.85,6976.75,Credit card (automatic),No,18.72,Low Risk
5240-CAOYT,57,Month-to-month,Fiber optic,87.55,4884.85,Bank transfer (automatic),No,12.89,Low Risk
4059-IIEBK,7,Month-to-month,Fiber optic,78.55,522.95,Bank transfer (automatic),No,59.95,Medium Risk
4881-JVQOD,10,Month-to-month,DSL,34.55,362.6,Bank transfer (automatic),No,51.15,Medium Risk
0516-UXRMT,62,One year,Fiber optic,92.05,5755.8,Electronic check,No,11.57,Low Risk
4851-BQDNX,40,One year,Fiber optic,85.05,3355.65,Electronic check,No,25.43,Low Risk
5148-HKFIR,20,Two year,No,19.7,406.95,Mailed check,No,2.45,Low Risk
1009-IRMNA,7,Month-to-month,No,20.0,137.6,Bank transfer (automatic),Yes,14.17,Low Risk
3003-CMDUU,25,Month-to-month,Fiber optic,95.15,2395.7,Electronic check,No,56.28,Medium Risk
5016-IBERQ,23,Month-to-month,Fiber optic,84.25,1968.1,Electronic check,No,48.13,Medium Risk
6797-UCJHZ,66,One year,Fiber optic,104.6,6819.45,Credit card (automatic),No,15.51,Low Risk
2469-DTSGX,72,Two year,Fiber optic,111.65,7943.45,Electronic check,No,8.18,Low Risk
4554-YGZIH,49,Month-to-month,Fiber optic,90.05,4547.25,Credit card (automatic),Yes,30.52,Low Risk
5099-BAILX,43,Month-to-month,Fiber optic,110.75,4687.9,Bank transfer (automatic),Yes,37.41,Low Risk
9931-KGHOA,46,Month-to-month,DSL,55.0,2473.95,Bank transfer (automatic),No,7.23,Low Risk
1775-KWJKQ,72,Two year,DSL,89.85,6562.9,Credit card (automatic),No,0.94,Low Risk
7665-VIGUD,10,One year,No,20.35,176.3,Mailed check,No,7.17,Low Risk
9411-TPQQV,40,One year,DSL,54.55,2236.2,Bank transfer (automatic),No,9.12,Low Risk
7207-RMRDB,65,Month-to-month,Fiber optic,105.5,6985.65,Electronic check,Yes,37.7,Low Risk
7954-MLBUN,31,Two year,Fiber optic,99.45,3109.9,Bank transfer (automatic),No,11.64,Low Risk
2077-DDHJK,68,Two year,DSL,70.9,4911.35,Credit card (automatic),No,0.6,Low Risk
4913-EHYUI,56,One year,Fiber optic,104.55,5794.65,Bank transfer (automatic),Yes,18.69,Low Risk
0195-IESCP,10,Month-to-month,Fiber optic,85.25,855.3,Electronic check,Yes,75.4,High Risk
9574-BOSMD,68,Two year,No,25.4,1620.2,Bank transfer (automatic),No,0.29,Low Risk
4580-TMHJU,43,Month-to-month,DSL,56.15,2499.3,Electronic check,Yes,13.07,Low Risk
0970-ETWGE,1,Month-to-month,Fiber optic,89.55,89.55,Electronic check,Yes,79.04,High Risk
4908-XAXAY,49,One year,Fiber optic,89.85,4287.2,Bank transfer (automatic),No,17.49,Low Risk
8404-VLQFB,15,Month-to-month,No,25.25,394.85,Electronic check,No,21.16,Low Risk
1626-ERCMM,20,Month-to-month,Fiber optic,94.55,1899.65,Electronic check,Yes,77.41,High Risk
0887-HJGAR,1,Month-to-month,DSL,45.7,45.7,Mailed check,Yes,43.87,Medium Risk
2391-IPLOP,50,One year,DSL,69.65,3442.15,Electronic check,No,8.01,Low Risk
5644-PDMZC,2,Month-to-month,Fiber optic,89.5,161.5,Electronic check,Yes,71.75,High Risk
3509-GWQGF,24,Month-to-month,Fiber optic,70.0,1732.6,Credit card (automatic),No,36.57,Low Risk
9576-ANLXO,3,Month-to-month,Fiber optic,69.55,222.3,Bank transfer (automatic),Yes,60.15,Medium Risk
2024-BASKD,1,Month-to-month,Fiber optic,74.6,74.6,Mailed check,Yes,62.54,Medium Risk
5845-BZZIB,35,Two year,No,20.1,655.3,Mailed check,No,1.01,Low Risk
1140-UKVZG,17,Month-to-month,No,24.8,475.25,Mailed check,No,13.36,Low Risk
4160-AMJTL,8,Month-to-month,No,19.65,164.3,Electronic check,Yes,21.24,Low Risk
5183-SNMJQ,10,Month-to-month,Fiber optic,95.1,865.1,Credit card (automatic),No,56.23,Medium Risk
8100-PNJMH,68,Two year,DSL,88.85,6132.7,Credit card (automatic),No,1.53,Low Risk
7838-LAZFO,45,One year,DSL,78.8,3597.5,Bank transfer (automatic),No,4.92,Low Risk
4464-JCOLN,2,One year,No,19.85,35.9,Mailed check,Yes,8.5,Low Risk
2085-JVGAD,37,Month-to-month,No,20.35,697.65,Bank transfer (automatic),No,4.03,Low Risk
5650-VDUDS,4,Month-to-month,DSL,24.25,96.05,Mailed check,Yes,54.64,Medium Risk
8095-WANWK,10,Month-to-month,DSL,45.25,428.7,Mailed check,No,26.86,Low Risk
3030-ZKIWL,1,Month-to-month,No,20.05,20.05,Mailed check,No,19.36,Low Risk
9565-FLVCG,65,Two year,DSL,69.55,4459.15,Mailed check,No,1.6,Low Risk
8755-OGKNA,57,Two year,No,19.5,1167.6,Bank transfer (automatic),No,0.34,Low Risk
2800-VEQXM,3,Month-to-month,Fiber optic,74.75,238.1,Mailed check,No,60.96,Medium Risk
7538-GWHML,2,Month-to-month,Fiber optic,69.65,145.15,Electronic check,Yes,61.18,Medium Risk
5533-RJFTJ,49,Month-to-month,DSL,30.2,1453.1,Bank transfer (automatic),No,12.91,Low Risk
3859-CVCET,4,Month-to-month,DSL,45.65,191.05,Mailed check,Yes,31.9,Low Risk
0214-JHPFW,70,Two year,DSL,57.8,4039.3,Bank transfer (automatic),No,1.51,Low Risk
5642-MHDQT,53,One year,No,19.85,1039.45,Bank transfer (automatic),No,1.13,Low Risk
3088-FVYWK,53,Two year,No,25.55,1336.1,Credit card (automatic),No,0.57,Low Risk
3276-HDUEG,1,Month-to-month,Fiber optic,75.05,75.05,Mailed check,Yes,69.62,Medium Risk
9092-GDZKO,22,Month-to-month,No,24.85,493.4,Credit card (automatic),No,13.81,Low Risk
0823-HSCDJ,52,Month-to-month,DSL,49.15,2550.9,Electronic check,Yes,27.77,Low Risk
3729-OWRVL,65,Two year,Fiber optic,110.35,7246.15,Electronic check,No,11.4,Low Risk
2324-AALNO,48,One year,No,24.55,1203.95,Bank transfer (automatic),No,1.7,Low Risk
0822-GAVAP,2,Month-to-month,DSL,34.7,62.25,Electronic check,Yes,69.03,Medium Risk
5760-IFJOZ,3,Month-to-month,Fiber optic,107.95,313.6,Mailed check,No,64.46,Medium Risk
2826-UWHIS,45,Month-to-month,Fiber optic,81.4,3775.85,Bank transfer (automatic),No,23.83,Low Risk
1448-PWKYE,1,Month-to-month,Fiber optic,80.0,80.0,Electronic check,Yes,62.79,Medium Risk
7501-IWUNG,61,Two year,DSL,73.8,4616.05,Bank transfer (automatic),No,2.11,Low Risk
4957-TREIR,3,Month-to-month,DSL,64.4,195.65,Credit card (automatic),No,27.45,Low Risk
7251-LJBQN,40,One year,Fiber optic,103.75,4188.4,Credit card (automatic),No,30.76,Low Risk
8040-MNRTF,1,Month-to-month,Fiber optic,71.1,71.1,Mailed check,No,53.75,Medium Risk
1536-HBSWP,1,Month-to-month,DSL,49.9,49.9,Electronic check,No,42.14,Medium Risk
5313-FPXWG,51,One year,No,24.6,1266.4,Bank transfer (automatic),No,2.18,Low Risk
0067-DKWBL,2,Month-to-month,DSL,49.25,91.1,Electronic check,Yes,44.3,Medium Risk
0946-FKYTX,52,One year,DSL,30.1,1623.4,Mailed check,No,4.06,Low Risk
5076-YVXCM,51,Month-to-month,Fiber optic,83.4,4149.45,Bank transfer (automatic),No,28.02,Low Risk
8262-COGGB,1,Month-to-month,No,20.45,20.45,Mailed check,No,25.68,Low Risk
6663-JOCQO,31,One year,DSL,75.25,2344.5,Bank transfer (automatic),No,6.38,Low Risk
9620-QJREV,47,One year,No,20.55,1013.05,Credit card (automatic),No,1.01,Low Risk
2276-YDAVZ,3,Month-to-month,Fiber optic,75.1,270.7,Credit card (automatic),Yes,66.15,Medium Risk
2682-KEVRP,22,One year,No,20.05,417.0,Mailed check,No,6.8,Low Risk
2480-JZOSN,1,Month-to-month,No,20.65,20.65,Mailed check,No,25.58,Low Risk
0078-XZMHT,72,Two year,DSL,85.15,6316.2,Bank transfer (automatic),No,2.47,Low Risk
5896-NPFWW,3,Month-to-month,DSL,50.15,168.15,Electronic check,Yes,44.0,Medium Risk
9978-HYCIN,47,One year,Fiber optic,84.95,4018.05,Bank transfer (automatic),No,16.04,Low Risk
8338-QIUNR,72,Two year,DSL,66.5,4811.6,Credit card (automatic),No,0.67,Low Risk
1525-LNLOJ,66,Two year,DSL,63.3,4189.7,Bank transfer (automatic),No,2.36,Low Risk
9450-TRJUU,35,Month-to-month,Fiber optic,83.15,2848.45,Electronic check,No,48.94,Medium Risk
1766-GKNMI,29,Month-to-month,Fiber optic,84.9,2516.2,Electronic check,No,62.83,Medium Risk
6942-LBFDP,2,Month-to-month,No,20.55,33.6,Mailed check,No,24.33,Low Risk
1456-TWCGB,4,Month-to-month,DSL,49.25,208.45,Mailed check,No,29.22,Low Risk
7133-VBDCG,25,Month-to-month,Fiber optic,79.85,2015.35,Bank transfer (automatic),Yes,28.84,Low Risk
7596-ZYWBB,65,Two year,DSL,59.6,3739.8,Mailed check,No,0.67,Low Risk
8329-UTMVM,27,One year,Fiber optic,104.65,2964.0,Bank transfer (automatic),No,36.78,Low Risk
3014-WJKSM,29,Month-to-month,Fiber optic,75.3,2263.4,Credit card (automatic),No,38.23,Low Risk
3347-YJZZE,29,Month-to-month,DSL,80.1,2211.8,Credit card (automatic),No,20.93,Low Risk
1029-QFBEN,1,Month-to-month,No,19.55,19.55,Mailed check,Yes,19.51,Low Risk
7929-DMBCV,20,Month-to-month,Fiber optic,81.0,1683.7,Mailed check,No,38.6,Low Risk
9661-JALZV,58,Two year,No,24.7,1519.0,Credit card (automatic),No,0.81,Low Risk
5433-KYGHE,14,Month-to-month,Fiber optic,86.0,1164.05,Mailed check,No,34.94,Low Risk
4312-KFRXN,72,Two year,No,25.4,1710.9,Mailed check,No,0.33,Low Risk
5575-TPIZQ,46,Month-to-month,Fiber optic,89.15,4245.55,Credit card (automatic),No,31.83,Low Risk
0114-IGABW,71,Two year,DSL,58.25,4145.9,Bank transfer (automatic),No,1.46,Low Risk
9944-AEXBM,32,Month-to-month,Fiber optic,85.65,2664.3,Bank transfer (automatic),No,50.19,Medium Risk
1853-ARAAQ,26,Month-to-month,DSL,50.35,1277.5,Credit card (automatic),No,40.45,Medium Risk
6952-OMNWB,68,Month-to-month,Fiber optic,80.35,5589.3,Credit card (automatic),No,22.03,Low Risk
4697-LUPSU,2,One year,No,20.2,34.75,Mailed check,No,8.44,Low Risk
8434-VGEQQ,61,Two year,No,20.55,1305.95,Credit card (automatic),No,0.28,Low Risk
4952-YSOGZ,4,Month-to-month,Fiber optic,85.95,381.3,Electronic check,Yes,74.23,High Risk
1589-AGTLK,3,Month-to-month,DSL,45.35,141.5,Electronic check,Yes,49.77,Medium Risk
5244-IRFIH,33,Month-to-month,Fiber optic,94.5,3105.55,Electronic check,Yes,70.07,High Risk
6549-YMFAW,9,Month-to-month,No,21.25,204.55,Mailed check,No,21.76,Low Risk
4950-HKQTE,22,Two year,No,26.25,605.9,Mailed check,No,2.98,Low Risk
6786-OBWQR,5,Month-to-month,Fiber optic,80.85,356.1,Electronic check,No,67.17,Medium Risk
2684-EIWEO,30,Month-to-month,Fiber optic,91.7,2758.15,Credit card (automatic),Yes,26.3,Low Risk
2753-JMMCV,65,Two year,DSL,74.2,4805.65,Credit card (automatic),No,1.94,Low Risk
6439-GTPCA,45,Month-to-month,Fiber optic,87.25,3941.7,Electronic check,Yes,34.03,Low Risk
6621-YOBKI,5,Month-to-month,No,20.35,92.75,Mailed check,No,16.51,Low Risk
1216-JWVUX,25,Month-to-month,Fiber optic,75.5,1901.05,Electronic check,No,42.21,Medium Risk
7564-GHCVB,72,Two year,Fiber optic,79.05,5730.7,Bank transfer (automatic),No,2.01,Low Risk
1173-NOEYG,27,Month-to-month,Fiber optic,90.15,2423.4,Bank transfer (automatic),No,45.1,Medium Risk
7595-EHCDL,32,Month-to-month,DSL,50.6,1653.45,Credit card (automatic),No,23.82,Low Risk
6647-ZEDXT,30,One year,Fiber optic,110.45,3327.05,Credit card (automatic),No,22.59,Low Risk
2521-NPUZR,70,Two year,Fiber optic,101.0,7085.5,Credit card (automatic),No,1.89,Low Risk
1307-TVUFB,42,Month-to-month,Fiber optic,79.35,3344.1,Bank transfer (automatic),No,36.04,Low Risk
7503-MIOGA,72,Two year,DSL,89.85,6697.35,Bank transfer (automatic),No,2.01,Low Risk
4381-MHQDC,47,Two year,DSL,65.0,2879.9,Mailed check,No,2.07,Low Risk
6923-JHPMP,2,Month-to-month,Fiber optic,80.45,137.1,Electronic check,No,58.52,Medium Risk
5138-WVKYJ,10,Month-to-month,Fiber optic,98.55,1008.55,Electronic check,Yes,64.37,Medium Risk
4018-PPNDW,61,Two year,No,24.1,1551.6,Mailed check,No,0.64,Low Risk
1635-FJFCC,5,Month-to-month,DSL,44.05,202.15,Credit card (automatic),No,37.62,Low Risk
2499-AJYUA,72,Two year,Fiber optic,110.8,7882.25,Credit card (automatic),No,8.05,Low Risk
6919-ELBGL,72,Two year,Fiber optic,114.95,8196.4,Bank transfer (automatic),No,5.01,Low Risk
3966-HRMZA,3,Month-to-month,Fiber optic,75.05,202.9,Mailed check,No,55.09,Medium Risk
6425-JWTDV,48,Two year,No,19.25,855.1,Mailed check,No,0.7,Low Risk
8405-IGQFX,63,One year,Fiber optic,90.05,5817.0,Credit card (automatic),No,9.27,Low Risk
8224-IVVPA,27,Month-to-month,DSL,56.7,1652.95,Mailed check,No,13.64,Low Risk
9477-LGWQI,70,Two year,DSL,80.15,5600.15,Credit card (automatic),No,1.3,Low Risk
1410-RSCMR,7,Month-to-month,DSL,71.35,515.75,Credit card (automatic),No,20.09,Low Risk
3115-CZMZD,0,Two year,No,20.25,0.0,Mailed check,No,4.9,Low Risk
0139-IVFJG,2,Month-to-month,Fiber optic,90.35,190.5,Electronic check,No,52.15,Medium Risk
6683-VLCTZ,20,Month-to-month,Fiber optic,98.55,1842.8,Electronic check,Yes,76.45,High Risk
5730-DBDSI,66,Two year,No,19.7,1253.8,Bank transfer (automatic),No,0.28,Low Risk
0030-FNXPP,3,Month-to-month,No,19.85,57.2,Mailed check,No,17.68,Low Risk
2189-WWOEW,15,Month-to-month,Fiber optic,85.9,1269.55,Bank transfer (automatic),Yes,45.89,Medium Risk
5684-FJVYR,72,Two year,Fiber optic,90.35,6563.4,Bank transfer (automatic),No,1.98,Low Risk
4013-GUXND,1,Month-to-month,No,20.8,20.8,Mailed check,No,19.13,Low Risk
1894-IGFSG,22,Month-to-month,Fiber optic,89.25,1907.85,Electronic check,Yes,57.26,Medium Risk
7379-POKDZ,3,Month-to-month,Fiber optic,70.3,208.85,Electronic check,Yes,69.42,Medium Risk
1266-NZYUI,72,Two year,DSL,66.85,4758.8,Bank transfer (automatic),No,0.46,Low Risk
7969-FFOWG,65,Two year,No,19.9,1292.6,Mailed check,No,0.26,Low Risk
4718-DHSMV,11,Month-to-month,DSL,35.8,363.15,Mailed check,No,51.98,Medium Risk
5175-WLYXL,22,Month-to-month,Fiber optic,78.85,1600.25,Mailed check,No,49.48,Medium Risk
7817-OMJNA,14,One year,No,20.4,275.7,Bank transfer (automatic),No,5.64,Low Risk
8728-SKJLR,41,Month-to-month,Fiber optic,74.25,3089.1,Electronic check,No,30.51,Low Risk
3137-NYQQI,17,One year,DSL,64.8,1175.6,Mailed check,No,9.78,Low Risk
7706-DZNKK,11,Month-to-month,No,20.45,237.3,Credit card (automatic),No,16.44,Low Risk
0236-HFWSV,15,Month-to-month,Fiber optic,93.35,1444.65,Electronic check,Yes,77.54,High Risk
3900-AQPHZ,1,Month-to-month,No,19.9,19.9,Mailed check,Yes,19.07,Low Risk
5842-POCOP,5,Month-to-month,Fiber optic,88.9,454.15,Mailed check,Yes,55.62,Medium Risk
2037-XJFUP,33,One year,Fiber optic,95.8,3036.75,Electronic check,Yes,40.97,Medium Risk
8823-RLPWL,72,Two year,Fiber optic,110.65,8065.65,Credit card (automatic),No,7.02,Low Risk
9505-SQFSW,3,Month-to-month,DSL,40.3,92.5,Mailed check,No,42.12,Medium Risk
7314-OXENN,2,Month-to-month,Fiber optic,82.0,184.65,Electronic check,Yes,71.46,High Risk
3758-CKOQL,59,One year,Fiber optic,107.0,6152.3,Credit card (automatic),No,8.84,Low Risk
0322-CHQRU,2,Month-to-month,DSL,45.35,89.5,Electronic check,Yes,41.53,Medium Risk
5676-CFLYY,71,Two year,DSL,73.35,5154.5,Credit card (automatic),No,1.26,Low Risk
7521-AFHAB,5,Month-to-month,DSL,44.8,220.45,Mailed check,No,27.13,Low Risk
0285-INHLN,27,Month-to-month,DSL,54.75,1510.3,Credit card (automatic),No,10.69,Low Risk
4678-DVQEO,1,Month-to-month,DSL,52.2,52.2,Electronic check,Yes,41.06,Medium Risk
5125-CNDSP,63,One year,DSL,40.6,2588.95,Bank transfer (automatic),No,1.43,Low Risk
0691-IFBQW,46,One year,Fiber optic,110.0,4874.8,Electronic check,Yes,31.03,Low Risk
4992-LTJNE,72,Two year,DSL,55.3,3983.6,Bank transfer (automatic),No,0.61,Low Risk
2202-OUTMO,34,Month-to-month,DSL,60.85,2003.6,Bank transfer (automatic),No,11.22,Low Risk
0810-BDHAW,24,One year,DSL,78.4,1832.4,Electronic check,No,13.85,Low Risk
0229-LFJAF,72,Two year,DSL,69.65,4908.25,Bank transfer (automatic),No,0.52,Low Risk
7131-ZQZNK,60,Two year,DSL,59.85,3590.2,Credit card (automatic),No,1.33,Low Risk
3442-ZHHCC,68,One year,DSL,76.9,5023.0,Credit card (automatic),No,3.01,Low Risk
5726-CVNYA,8,Two year,No,19.85,146.6,Mailed check,No,4.91,Low Risk
9871-ELEYA,34,Two year,DSL,67.65,2339.3,Credit card (automatic),No,1.74,Low Risk
4257-GAESD,6,Month-to-month,DSL,45.0,298.7,Credit card (automatic),No,52.04,Medium Risk
5173-WXOQV,2,Month-to-month,DSL,64.2,143.65,Mailed check,No,36.36,Low Risk
2040-OBMLJ,31,One year,Fiber optic,81.7,2548.65,Credit card (automatic),No,15.6,Low Risk
6286-ZHAOK,20,Month-to-month,No,25.55,507.4,Bank transfer (automatic),No,12.62,Low Risk
3807-XHCJH,1,Month-to-month,No,20.0,20.0,Electronic check,No,20.75,Low Risk
3009-JWMPU,62,One year,Fiber optic,96.75,6125.4,Electronic check,Yes,31.48,Low Risk
5671-RQRLP,70,Two year,Fiber optic,75.65,5411.4,Credit card (automatic),No,5.98,Low Risk
1450-GALXR,10,Month-to-month,Fiber optic,98.5,1058.25,Electronic check,Yes,73.18,High Risk
8859-AXJZP,39,Two year,No,23.8,903.8,Mailed check,No,1.72,Low Risk
3174-AKMAS,46,Two year,DSL,64.2,3009.5,Credit card (automatic),No,2.6,Low Risk
3138-BKYAV,6,Month-to-month,Fiber optic,85.35,489.45,Electronic check,Yes,67.92,Medium Risk
9926-PJHDQ,72,Two year,DSL,76.8,5468.45,Bank transfer (automatic),No,2.66,Low Risk
7382-DFJTU,18,Month-to-month,DSL,55.2,1058.1,Credit card (automatic),No,14.7,Low Risk
2798-NYLMZ,71,Two year,Fiber optic,108.55,7616.0,Credit card (automatic),No,5.89,Low Risk
4289-DTDKW,40,Month-to-month,Fiber optic,101.3,4113.1,Electronic check,Yes,59.14,Medium Risk
1820-TQVEV,1,Month-to-month,Fiber optic,69.55,69.55,Electronic check,Yes,70.76,High Risk
2239-JALAW,58,One year,Fiber optic,103.25,6017.65,Bank transfer (automatic),Yes,23.3,Low Risk
4853-RULSV,70,Two year,Fiber optic,104.0,7250.15,Credit card (automatic),Yes,5.76,Low Risk
8098-TDCBU,42,Two year,No,25.25,1108.2,Electronic check,No,1.73,Low Risk
3551-GAEGL,34,One year,DSL,30.4,938.65,Bank transfer (automatic),No,5.07,Low Risk
4785-NKHCX,5,Month-to-month,No,20.05,94.15,Bank transfer (automatic),No,17.6,Low Risk
3196-NVXLZ,25,Month-to-month,Fiber optic,84.6,2088.05,Mailed check,No,57.5,Medium Risk
6275-YDUVO,2,Month-to-month,Fiber optic,86.2,178.7,Mailed check,Yes,66.25,Medium Risk
0036-IHMOT,55,One year,Fiber optic,103.7,5656.75,Bank transfer (automatic),No,11.75,Low Risk
0115-TFERT,21,Month-to-month,Fiber optic,111.2,2317.1,Electronic check,Yes,62.4,Medium Risk
4178-EGMON,70,Two year,Fiber optic,88.0,5986.45,Credit card (automatic),No,2.48,Low Risk
4220-TINQT,61,Month-to-month,Fiber optic,106.35,6751.35,Electronic check,No,41.51,Medium Risk
5318-YKDPV,43,Two year,DSL,79.15,3566.6,Credit card (automatic),No,2.65,Low Risk
7975-TZMLR,47,One year,Fiber optic,103.1,4889.3,Electronic check,No,37.6,Low Risk
0295-QVKPB,5,Month-to-month,DSL,63.95,318.1,Credit card (automatic),No,34.27,Low Risk
4335-BSMJS,62,Two year,No,25.8,1563.95,Credit card (automatic),No,0.65,Low Risk
2311-QYMUQ,16,Month-to-month,Fiber optic,89.45,1430.25,Credit card (automatic),Yes,45.06,Medium Risk
3643-AHCFP,7,Month-to-month,Fiber optic,95.6,644.35,Bank transfer (automatic),Yes,76.8,High Risk
9146-JRIOX,14,Month-to-month,No,25.55,372.45,Mailed check,No,12.38,Low Risk
3104-OWCGK,60,One year,Fiber optic,90.95,5453.4,Electronic check,Yes,10.2,Low Risk
5337-IIWKZ,34,Month-to-month,DSL,44.85,1442.6,Electronic check,No,24.76,Low Risk
9101-BWFSS,50,One year,Fiber optic,108.55,5610.7,Electronic check,Yes,16.33,Low Risk
9650-VBUOG,38,Two year,No,25.05,963.95,Credit card (automatic),No,1.12,Low Risk
3487-EARAT,70,One year,DSL,74.1,5222.3,Credit card (automatic),No,0.87,Low Risk
2672-TGEFF,37,Month-to-month,Fiber optic,88.8,3340.55,Electronic check,No,48.17,Medium Risk
9231-ZJYAM,4,Month-to-month,Fiber optic,78.85,292.8,Electronic check,Yes,75.74,High Risk
4250-WAROZ,60,Month-to-month,Fiber optic,93.25,5774.55,Electronic check,No,28.39,Low Risk
8184-WMOFI,62,One year,DSL,71.4,4487.3,Credit card (automatic),No,1.29,Low Risk
6982-SSHFK,1,Month-to-month,DSL,44.4,44.4,Mailed check,Yes,35.6,Low Risk
6092-QZVPP,36,Month-to-month,DSL,79.2,2854.95,Credit card (automatic),No,13.57,Low Risk
4625-LAMOB,44,Two year,No,20.4,905.55,Credit card (automatic),No,0.75,Low Risk
0727-BMPLR,55,One year,Fiber optic,100.0,5509.3,Electronic check,Yes,37.63,Low Risk
0392-BZIUW,72,Two year,Fiber optic,105.0,7589.8,Credit card (automatic),No,7.56,Low Risk
1038-ZAGBI,12,One year,No,19.8,229.6,Bank transfer (automatic),Yes,5.03,Low Risk
6549-NNDYT,13,Month-to-month,DSL,30.85,394.1,Bank transfer (automatic),No,32.41,Low Risk
3027-ZTDHO,1,Month-to-month,Fiber optic,89.9,89.9,Electronic check,Yes,78.93,High Risk
0422-OHQHQ,15,One year,No,20.55,295.95,Mailed check,No,4.67,Low Risk
6916-HIJSE,65,Two year,DSL,84.85,5459.2,Bank transfer (automatic),No,1.38,Low Risk
2316-ESMLS,12,One year,DSL,33.15,444.75,Credit card (automatic),No,9.11,Low Risk
9778-OGKQZ,72,Two year,DSL,92.0,6782.15,Credit card (automatic),No,1.7,Low Risk
7408-OFWXJ,72,Two year,DSL,89.8,6510.45,Credit card (automatic),No,0.91,Low Risk
6007-TCTST,72,Two year,Fiber optic,115.8,8476.5,Bank transfer (automatic),No,4.48,Low Risk
2252-NKNSI,52,Two year,DSL,85.15,4461.85,Mailed check,No,2.55,Low Risk
8713-IGZSO,2,Month-to-month,No,24.85,62.0,Mailed check,No,23.53,Low Risk
7905-TVXTA,5,Month-to-month,DSL,64.35,352.65,Electronic check,No,34.39,Low Risk
7695-PKLCZ,68,Two year,No,20.5,1424.9,Credit card (automatic),No,0.24,Low Risk
2382-BCKQJ,62,One year,Fiber optic,100.15,6413.65,Electronic check,Yes,26.49,Low Risk
8374-UULRV,72,Two year,DSL,86.05,6309.65,Credit card (automatic),No,1.1,Low Risk
2207-NHRJK,1,Month-to-month,DSL,50.8,50.8,Electronic check,Yes,38.02,Low Risk
3224-DFQNQ,66,One year,Fiber optic,89.0,5898.6,Electronic check,No,5.56,Low Risk
5275-PMFUT,72,Two year,DSL,64.8,4719.75,Credit card (automatic),No,1.16,Low Risk
4795-UXVCJ,26,One year,No,19.8,457.3,Credit card (automatic),No,3.21,Low Risk
9777-IQHWP,64,Two year,Fiber optic,93.4,5822.3,Bank transfer (automatic),No,3.76,Low Risk
0947-MUGVO,20,Month-to-month,Fiber optic,73.65,1463.5,Electronic check,Yes,56.02,Medium Risk
9944-HKVVB,3,Month-to-month,Fiber optic,95.1,307.4,Electronic check,Yes,74.35,High Risk
4124-MMETB,22,Month-to-month,Fiber optic,94.65,2104.55,Credit card (automatic),Yes,64.53,Medium Risk
3671-SHRSP,4,Month-to-month,Fiber optic,80.6,319.15,Mailed check,Yes,51.58,Medium Risk
0979-MOZQI,62,Two year,DSL,39.0,2337.45,Bank transfer (automatic),No,2.19,Low Risk
2732-ISEZX,5,Month-to-month,No,20.5,104.3,Mailed check,No,21.92,Low Risk
3313-QKNKB,59,One year,Fiber optic,85.55,5084.65,Electronic check,Yes,18.63,Low Risk
0323-XWWTN,3,Two year,No,26.4,121.25,Mailed check,No,7.9,Low Risk
1937-OTUKY,72,Two year,Fiber optic,98.2,7015.9,Bank transfer (automatic),No,4.03,Low Risk
1573-LGXBA,57,One year,Fiber optic,97.55,5598.0,Credit card (automatic),No,14.92,Low Risk
1764-VUUMT,66,Two year,No,19.95,1269.1,Credit card (automatic),No,0.21,Low Risk
5073-WXOYN,60,Month-to-month,DSL,50.8,3027.4,Electronic check,Yes,18.97,Low Risk
4713-ZBURT,45,Two year,Fiber optic,99.7,4634.35,Bank transfer (automatic),No,12.45,Low Risk
3050-GBUSH,3,Month-to-month,DSL,34.8,113.95,Credit card (automatic),No,58.6,Medium Risk
0207-MDKNV,15,Month-to-month,Fiber optic,105.1,1582.75,Electronic check,Yes,42.97,Medium Risk
7876-AEHIG,51,One year,DSL,60.15,3077.0,Bank transfer (automatic),No,3.52,Low Risk
7945-HLKEA,60,One year,DSL,64.75,4039.5,Electronic check,No,2.53,Low Risk
9342-VNIMQ,33,Month-to-month,DSL,54.65,1665.2,Bank transfer (automatic),No,18.99,Low Risk
9851-KIELU,10,Month-to-month,Fiber optic,110.1,1043.3,Electronic check,Yes,51.5,Medium Risk
3523-BRGUW,26,One year,No,19.3,504.2,Credit card (automatic),No,3.77,Low Risk
3908-BLSYF,6,Month-to-month,Fiber optic,83.9,497.55,Electronic check,Yes,62.9,Medium Risk
3199-NPKCN,67,One year,Fiber optic,111.25,7511.65,Electronic check,No,16.83,Low Risk
5170-PTRKA,49,One year,DSL,35.8,1782.0,Credit card (automatic),No,2.77,Low Risk
4661-NJEUX,1,Month-to-month,No,20.05,20.05,Mailed check,No,25.82,Low Risk
2123-AGEEN,7,Month-to-month,Fiber optic,84.35,609.65,Electronic check,No,73.3,High Risk
1258-YMZNM,27,One year,Fiber optic,110.5,2857.6,Bank transfer (automatic),No,33.3,Low Risk
0048-LUMLS,37,One year,Fiber optic,91.2,3247.55,Credit card (automatic),No,18.32,Low Risk
7549-MYGPK,63,Month-to-month,Fiber optic,100.55,6215.35,Electronic check,Yes,22.67,Low Risk
5898-IGSLP,31,Month-to-month,Fiber optic,89.3,2823.0,Electronic check,No,24.45,Low Risk
3804-RVTGV,50,Month-to-month,Fiber optic,103.85,5017.9,Bank transfer (automatic),Yes,37.12,Low Risk
6259-WJQLC,32,Month-to-month,Fiber optic,81.1,2619.25,Credit card (automatic),No,46.13,Medium Risk
9227-LUNBG,1,Month-to-month,DSL,24.6,24.6,Electronic check,Yes,56.32,Medium Risk
7997-EASSD,63,One year,Fiber optic,81.2,4965.1,Credit card (automatic),No,8.49,Low Risk
0730-KOAVE,30,Month-to-month,Fiber optic,94.3,2679.7,Credit card (automatic),No,37.92,Low Risk
8975-SKGRX,71,Two year,Fiber optic,116.1,8310.55,Bank transfer (automatic),No,5.68,Low Risk
0678-RLHVP,53,Two year,Fiber optic,105.55,5682.25,Electronic check,No,15.13,Low Risk
4315-MURBD,12,Month-to-month,Fiber optic,98.9,1120.95,Bank transfer (automatic),Yes,45.34,Medium Risk
2267-FPIMA,50,Month-to-month,Fiber optic,94.4,4914.9,Credit card (automatic),No,27.44,Low Risk
1051-GEJLJ,2,Month-to-month,No,19.5,27.55,Mailed check,No,18.43,Low Risk
9734-YWGEX,9,Month-to-month,Fiber optic,98.3,923.5,Credit card (automatic),Yes,64.08,Medium Risk
2719-BDAQO,17,Month-to-month,Fiber optic,93.85,1625.65,Electronic check,Yes,52.16,Medium Risk
5285-MVEHD,56,One year,Fiber optic,105.6,6068.65,Credit card (automatic),No,13.43,Low Risk
0379-DJQHR,67,Two year,DSL,81.35,5398.6,Credit card (automatic),No,0.98,Low Risk
0781-LKXBR,9,Month-to-month,Fiber optic,100.5,918.6,Electronic check,Yes,81.53,High Risk
5543-QDCRY,4,Month-to-month,DSL,56.4,234.85,Electronic check,No,53.99,Medium Risk
0297-RBCSG,19,One year,DSL,65.35,1231.85,Bank transfer (automatic),No,11.98,Low Risk
4694-PHWFW,8,Month-to-month,No,19.95,170.9,Mailed check,No,12.0,Low Risk
0835-JKADZ,71,Two year,Fiber optic,111.25,7984.15,Electronic check,No,10.7,Low Risk
1907-UBQFC,10,Month-to-month,Fiber optic,72.85,688.65,Electronic check,Yes,63.81,Medium Risk
7508-SMHXL,15,Month-to-month,Fiber optic,89.0,1288.3,Credit card (automatic),No,53.22,Medium Risk
3865-YIOTT,72,One year,Fiber optic,106.1,7848.5,Bank transfer (automatic),No,12.12,Low Risk
5993-BQHEA,12,One year,No,20.05,267.0,Credit card (automatic),No,6.08,Low Risk
6024-RUGGH,72,Two year,No,25.2,1798.9,Bank transfer (automatic),No,0.36,Low Risk
6513-EECDB,1,Month-to-month,Fiber optic,73.55,73.55,Electronic check,Yes,79.49,High Risk
3956-CJUST,23,Month-to-month,Fiber optic,75.4,1643.55,Bank transfer (automatic),No,36.01,Low Risk
4079-WWQQQ,72,Two year,DSL,65.55,4807.45,Bank transfer (automatic),No,1.47,Low Risk
6103-BOCOU,26,Month-to-month,Fiber optic,80.7,2193.0,Electronic check,No,57.58,Medium Risk
5149-TGWDZ,21,One year,Fiber optic,104.55,2239.4,Mailed check,No,30.56,Low Risk
7471-WNSUF,60,One year,No,24.15,1505.9,Bank transfer (automatic),No,1.04,Low Risk
8942-DBMHZ,12,Month-to-month,No,20.45,255.35,Mailed check,No,12.54,Low Risk
4301-VVZKA,16,Month-to-month,Fiber optic,75.4,1189.4,Electronic check,No,66.12,Medium Risk
9199-PWQVC,63,One year,DSL,79.7,4786.15,Credit card (automatic),No,4.87,Low Risk
4824-GUCBY,22,Month-to-month,Fiber optic,81.7,1820.9,Electronic check,No,33.73,Low Risk
5393-HJZSM,32,Month-to-month,DSL,76.3,2404.15,Bank transfer (automatic),No,5.95,Low Risk
7074-IEVOJ,3,Month-to-month,Fiber optic,79.4,205.05,Electronic check,Yes,73.99,High Risk
9625-QSTYE,13,Month-to-month,Fiber optic,81.15,952.3,Electronic check,Yes,55.1,Medium Risk
0862-PRCBS,68,Two year,Fiber optic,103.75,7039.45,Credit card (automatic),No,6.2,Low Risk
8812-ZRHFP,30,One year,Fiber optic,86.45,2538.05,Electronic check,No,23.57,Low Risk
5146-CBVOE,16,Month-to-month,Fiber optic,75.1,1212.85,Bank transfer (automatic),No,35.82,Low Risk
0454-OKRCT,33,Two year,Fiber optic,80.6,2651.1,Bank transfer (automatic),No,5.53,Low Risk
5787-KXGIY,72,Two year,No,19.3,1304.8,Credit card (automatic),No,0.21,Low Risk
4750-ZRXIU,4,Month-to-month,Fiber optic,84.6,360.1,Electronic check,Yes,80.63,High Risk
4198-VFOEA,12,One year,DSL,33.6,435.45,Mailed check,No,16.31,Low Risk
6630-UJZMY,4,Month-to-month,Fiber optic,83.25,308.05,Electronic check,No,81.15,High Risk
5709-LVOEQ,0,Two year,DSL,80.85,0.0,Mailed check,No,8.55,Low Risk
6400-BWQKW,6,Month-to-month,Fiber optic,79.05,434.5,Electronic check,Yes,63.7,Medium Risk
2692-AQCPF,65,One year,Fiber optic,108.05,7118.9,Credit card (automatic),No,15.56,Low Risk
0347-UBKUZ,15,Month-to-month,No,19.9,320.45,Mailed check,No,10.99,Low Risk
0835-DUUIQ,24,One year,No,21.05,531.55,Bank transfer (automatic),No,2.86,Low Risk
0811-GSDTP,13,Month-to-month,DSL,30.15,382.2,Electronic check,No,33.43,Low Risk
7567-ECMCM,24,Month-to-month,Fiber optic,79.85,2001.0,Credit card (automatic),No,49.07,Medium Risk
6115-ZTBFQ,72,Two year,DSL,65.5,4919.7,Bank transfer (automatic),No,1.04,Low Risk
6353-BRMMA,54,Month-to-month,Fiber optic,104.1,5645.8,Bank transfer (automatic),No,26.97,Low Risk
6680-WKXRZ,3,Month-to-month,Fiber optic,74.4,215.8,Bank transfer (automatic),Yes,58.1,Medium Risk
6231-WFGFH,4,Month-to-month,No,20.5,77.6,Mailed check,No,19.69,Low Risk
9904-EHEVJ,32,Month-to-month,Fiber optic,91.35,2896.55,Mailed check,No,50.07,Medium Risk
7028-DVOIQ,35,Month-to-month,Fiber optic,99.05,3395.8,Electronic check,Yes,68.25,Medium Risk
6169-PPETC,35,Two year,No,20.5,759.35,Bank transfer (automatic),No,0.96,Low Risk
4208-UFFGW,2,Month-to-month,DSL,44.95,85.15,Mailed check,Yes,37.74,Low Risk
8584-KMVXD,8,Month-to-month,Fiber optic,75.6,535.55,Electronic check,No,51.03,Medium Risk
8467-WYNSR,22,Month-to-month,DSL,55.1,1253.15,Mailed check,No,9.99,Low Risk
0851-DFJKB,15,Month-to-month,DSL,58.95,955.15,Electronic check,No,16.26,Low Risk
5382-SOYZL,22,Month-to-month,Fiber optic,95.1,2162.6,Electronic check,No,73.4,High Risk
9448-REEVD,1,Month-to-month,DSL,44.7,44.7,Credit card (automatic),Yes,33.61,Low Risk
3261-CQXOL,71,Two year,No,25.45,1813.35,Bank transfer (automatic),No,0.26,Low Risk
8388-FYNPZ,4,Month-to-month,DSL,56.75,245.15,Electronic check,No,28.89,Low Risk
4002-BQWPQ,25,Month-to-month,DSL,81.75,2028.8,Bank transfer (automatic),No,12.03,Low Risk
5651-YLPRD,32,Month-to-month,Fiber optic,86.1,2723.75,Electronic check,No,42.72,Medium Risk
2826-DXLQO,7,Month-to-month,DSL,29.8,220.45,Bank transfer (automatic),No,34.67,Low Risk
4378-BZYFP,17,One year,No,20.5,365.8,Mailed check,No,7.55,Low Risk
9489-UTFKA,8,Month-to-month,DSL,60.9,551.95,Bank transfer (automatic),No,27.36,Low Risk
4849-PYRLQ,56,Two year,DSL,73.25,4054.2,Bank transfer (automatic),No,1.65,Low Risk
9117-SHLZX,1,Month-to-month,DSL,45.7,45.7,Mailed check,Yes,43.87,Medium Risk
9889-TMAHG,8,Month-to-month,Fiber optic,100.3,832.35,Credit card (automatic),Yes,42.28,Medium Risk
4541-RMRLG,7,Month-to-month,No,19.25,112.3,Electronic check,Yes,19.99,Low Risk
7764-BDPEE,3,Month-to-month,No,20.85,60.65,Mailed check,No,14.7,Low Risk
3429-IFLEM,71,Two year,DSL,77.35,5550.1,Credit card (automatic),No,0.54,Low Risk
3158-MOERK,2,Month-to-month,Fiber optic,96.0,174.8,Electronic check,Yes,82.23,High Risk
7294-TMAOP,1,Month-to-month,Fiber optic,90.55,90.55,Electronic check,Yes,71.39,High Risk
5002-GCQFH,49,Month-to-month,Fiber optic,93.85,4733.1,Bank transfer (automatic),No,28.38,Low Risk
0556-FJEGU,58,Two year,DSL,70.1,4048.95,Bank transfer (automatic),No,1.22,Low Risk
8919-FYFQZ,44,Month-to-month,DSL,30.35,1359.7,Electronic check,Yes,21.95,Low Risk
0604-THJFP,59,Two year,DSL,75.95,4542.35,Credit card (automatic),No,1.86,Low Risk
2834-JRTUA,71,Two year,Fiber optic,108.05,7532.15,Electronic check,Yes,8.4,Low Risk
5875-YPQFJ,1,Month-to-month,Fiber optic,69.9,69.9,Electronic check,Yes,70.62,High Risk
5879-SESNB,11,Month-to-month,Fiber optic,75.25,888.65,Electronic check,No,60.9,Medium Risk
6646-QVXLR,62,One year,Fiber optic,103.75,6383.35,Electronic check,Yes,31.63,Low Risk
6461-PPAXN,35,One year,DSL,54.95,1916.0,Bank transfer (automatic),No,3.44,Low Risk
3318-ISQFQ,20,Month-to-month,No,19.5,413.0,Bank transfer (automatic),No,11.71,Low Risk
1106-HRLKZ,40,Two year,No,19.6,808.95,Mailed check,No,0.82,Low Risk
2483-XSSMZ,39,One year,DSL,47.85,1886.4,Electronic check,No,7.29,Low Risk
8603-IJWDN,1,Month-to-month,Fiber optic,86.6,86.6,Electronic check,Yes,79.47,High Risk
8165-ZJRNM,72,Two year,No,23.75,1679.25,Bank transfer (automatic),No,0.24,Low Risk
9369-XFEHK,33,Month-to-month,Fiber optic,80.6,2656.5,Bank transfer (automatic),Yes,42.54,Medium Risk
2604-XVDAM,12,Month-to-month,DSL,43.8,540.95,Bank transfer (automatic),No,24.54,Low Risk
3717-OFRTN,1,Month-to-month,No,19.75,19.75,Bank transfer (automatic),No,18.31,Low Risk
9046-JBFWA,27,Month-to-month,No,19.15,537.35,Mailed check,No,5.52,Low Risk
3280-NMUVX,34,One year,No,19.6,678.8,Credit card (automatic),No,1.87,Low Risk
1206-EHBDD,56,Two year,Fiber optic,80.3,4513.65,Bank transfer (automatic),No,2.98,Low Risk
8361-LBRDI,58,Two year,No,24.35,1423.85,Credit card (automatic),No,0.55,Low Risk
4883-KCPZJ,22,Two year,No,25.25,555.4,Credit card (automatic),No,2.23,Low Risk
9108-EQPNQ,10,Two year,No,26.1,225.55,Credit card (automatic),No,3.7,Low Risk
7277-KAMWT,13,Two year,No,20.0,268.45,Credit card (automatic),No,3.1,Low Risk
3842-IYKUE,35,Month-to-month,Fiber optic,85.3,2917.5,Credit card (automatic),Yes,21.82,Low Risk
6641-XRPSU,34,Month-to-month,Fiber optic,70.0,2416.1,Credit card (automatic),Yes,33.27,Low Risk
1374-DMZUI,4,Month-to-month,Fiber optic,94.3,424.45,Electronic check,Yes,84.11,High Risk
2545-LXYVJ,72,Two year,No,20.7,1492.1,Bank transfer (automatic),No,0.21,Low Risk
3234-VKACU,2,Month-to-month,DSL,70.3,132.4,Electronic check,No,43.34,Medium Risk
8357-EQXFO,7,Month-to-month,Fiber optic,95.35,660.9,Electronic check,Yes,74.6,High Risk
1989-PRJHP,27,Month-to-month,Fiber optic,75.5,1893.95,Electronic check,Yes,60.21,Medium Risk
8120-JDCAM,4,Month-to-month,Fiber optic,69.55,284.9,Mailed check,No,56.68,Medium Risk
8917-FAEMR,37,Two year,No,19.85,784.25,Mailed check,No,1.13,Low Risk
7047-YXDMZ,21,Month-to-month,No,20.0,417.7,Mailed check,No,8.66,Low Risk
2858-EIMXH,53,One year,Fiber optic,95.85,5016.25,Credit card (automatic),No,29.16,Low Risk
9524-EGPJC,18,Month-to-month,Fiber optic,90.1,1612.75,Electronic check,Yes,61.64,Medium Risk
6993-OHLXR,2,Month-to-month,Fiber optic,68.95,119.75,Electronic check,Yes,61.36,Medium Risk
8818-XYFCQ,32,Month-to-month,Fiber optic,99.55,3204.65,Credit card (automatic),Yes,43.04,Medium Risk
6419-ZTTLE,23,One year,No,20.75,485.2,Electronic check,No,8.99,Low Risk
0929-HYQEW,3,Month-to-month,DSL,50.15,160.85,Mailed check,No,32.39,Low Risk
6614-YOLAC,71,Two year,DSL,58.65,4145.25,Mailed check,No,0.85,Low Risk
7426-RHZGU,9,Month-to-month,Fiber optic,95.9,827.45,Bank transfer (automatic),No,57.57,Medium Risk
4065-JJAVA,1,Month-to-month,DSL,49.5,49.5,Electronic check,No,38.11,Low Risk
4695-VADHF,18,Month-to-month,DSL,57.45,990.85,Electronic check,Yes,28.61,Low Risk
3863-IUBJR,12,One year,DSL,53.65,696.35,Credit card (automatic),Yes,14.48,Low Risk
7649-SIJJF,71,Two year,DSL,80.1,5585.4,Mailed check,No,1.25,Low Risk
9361-YNQWJ,64,One year,No,24.4,1601.2,Bank transfer (automatic),No,1.2,Low Risk
3748-FVMZZ,4,Month-to-month,DSL,40.05,162.45,Electronic check,No,58.95,Medium Risk
9391-TTOYH,23,Month-to-month,No,19.5,470.2,Mailed check,No,11.04,Low Risk
1452-XRSJV,39,Month-to-month,DSL,51.05,2066.0,Credit card (automatic),No,5.49,Low Risk
3422-WJOYD,28,One year,DSL,54.35,1426.45,Mailed check,No,4.18,Low Risk
8242-SOQUO,5,Month-to-month,Fiber optic,84.7,392.5,Electronic check,No,71.39,High Risk
7460-ITWWP,45,Month-to-month,Fiber optic,86.1,3861.45,Electronic check,No,45.43,Medium Risk
7147-AYBAA,37,Month-to-month,Fiber optic,70.35,2552.9,Mailed check,No,33.17,Low Risk
7868-TMWMZ,60,Two year,Fiber optic,110.0,6668.35,Bank transfer (automatic),No,5.87,Low Risk
4822-RVYBB,8,Month-to-month,Fiber optic,100.6,819.4,Electronic check,Yes,81.92,High Risk
6732-FZUGP,47,One year,Fiber optic,94.9,4615.25,Credit card (automatic),No,13.26,Low Risk
8436-BJUMM,26,Month-to-month,Fiber optic,83.75,2070.6,Electronic check,Yes,59.71,Medium Risk
4184-TJFAN,3,Month-to-month,Fiber optic,88.3,273.75,Mailed check,Yes,47.08,Medium Risk
8329-GWVPJ,50,Month-to-month,Fiber optic,69.75,3557.7,Bank transfer (automatic),No,19.54,Low Risk
1352-VHKAJ,27,Month-to-month,DSL,71.6,1957.1,Bank transfer (automatic),No,20.65,Low Risk
4145-UQXUQ,8,Month-to-month,Fiber optic,92.1,729.95,Electronic check,Yes,77.75,High Risk
2632-TACXW,62,Two year,No,23.65,1416.75,Bank transfer (automatic),No,0.48,Low Risk
8146-QQKZH,71,Two year,DSL,81.85,5924.4,Bank transfer (automatic),No,0.92,Low Risk
1767-CJKBA,66,Two year,No,25.1,1697.7,Mailed check,No,0.43,Low Risk
6445-TNRXS,68,Two year,Fiber optic,114.7,7849.85,Bank transfer (automatic),No,4.93,Low Risk
4581-LNWUM,13,Month-to-month,DSL,49.15,649.4,Electronic check,No,54.85,Medium Risk
4869-EPIUS,56,One year,Fiber optic,80.9,4557.5,Electronic check,No,20.33,Low Risk
9948-YPTDG,38,Month-to-month,Fiber optic,79.45,3013.05,Electronic check,Yes,28.9,Low Risk
1236-WFCDV,14,Month-to-month,Fiber optic,90.45,1266.1,Credit card (automatic),Yes,56.99,Medium Risk
1915-OAKWD,16,One year,No,19.3,360.35,Bank transfer (automatic),No,6.01,Low Risk
7296-PIXQY,14,Month-to-month,Fiber optic,70.2,1046.5,Electronic check,No,46.0,Medium Risk
4883-QICIH,32,Month-to-month,Fiber optic,69.75,2347.9,Bank transfer (automatic),Yes,31.93,Low Risk
3354-OADJP,8,One year,DSL,54.25,447.75,Bank transfer (automatic),No,7.92,Low Risk
3524-WQDSG,43,Month-to-month,Fiber optic,99.3,4209.95,Bank transfer (automatic),No,44.77,Medium Risk
0810-DHDBD,52,One year,DSL,74.0,3877.65,Credit card (automatic),No,3.06,Low Risk
4026-SKKHW,3,Month-to-month,DSL,50.25,152.3,Mailed check,No,33.4,Low Risk
2829-HYVZP,29,One year,No,19.8,572.2,Mailed check,No,4.49,Low Risk
8329-IBCTI,1,Month-to-month,No,19.65,19.65,Mailed check,Yes,19.14,Low Risk
1271-SJBGZ,12,Month-to-month,DSL,43.65,526.95,Electronic check,Yes,54.25,Medium Risk
3845-JHAMY,16,Month-to-month,DSL,35.5,552.7,Credit card (automatic),No,39.42,Low Risk
7013-PSXHK,40,One year,DSL,80.75,3208.65,Mailed check,No,12.84,Low Risk
5669-SRAIP,5,Month-to-month,DSL,39.5,210.75,Electronic check,Yes,56.84,Medium Risk
5981-ITEMU,40,Month-to-month,Fiber optic,97.1,3706.95,Bank transfer (automatic),Yes,51.35,Medium Risk
3486-NPGST,36,One year,No,19.55,620.75,Mailed check,No,2.2,Low Risk
6941-PMGEP,5,Month-to-month,Fiber optic,80.0,412.5,Electronic check,Yes,72.09,High Risk
1624-WOIWJ,10,Month-to-month,Fiber optic,84.7,832.05,Mailed check,Yes,51.54,Medium Risk
2074-GKOWZ,2,Month-to-month,Fiber optic,89.55,185.55,Bank transfer (automatic),Yes,67.1,Medium Risk
0376-YMCJC,23,Month-to-month,Fiber optic,90.6,1943.2,Electronic check,Yes,57.61,Medium Risk
6100-FJZDG,26,One year,No,20.05,505.9,Bank transfer (automatic),No,3.91,Low Risk
4829-ZLJTK,72,Two year,Fiber optic,112.4,8046.85,Electronic check,No,11.25,Low Risk
1730-VFMWO,34,Month-to-month,DSL,50.2,1815.3,Bank transfer (automatic),No,8.85,Low Risk
7143-BQIBA,10,Month-to-month,DSL,62.25,612.95,Bank transfer (automatic),No,17.75,Low Risk
3800-LYTRK,14,One year,DSL,55.7,795.15,Mailed check,No,6.7,Low Risk
0634-SZPQA,23,Month-to-month,Fiber optic,90.05,2169.8,Bank transfer (automatic),Yes,47.9,Medium Risk
9646-NMHXE,47,Two year,No,19.65,973.1,Mailed check,No,0.75,Low Risk
7030-NJVDP,24,Month-to-month,Fiber optic,89.25,2210.2,Electronic check,No,41.47,Medium Risk
5536-RTPWK,49,Month-to-month,Fiber optic,99.05,4853.75,Bank transfer (automatic),Yes,43.63,Medium Risk
8883-GRDWQ,20,One year,DSL,54.0,1055.9,Mailed check,No,6.42,Low Risk
6166-ILMNY,2,Month-to-month,Fiber optic,69.75,144.55,Bank transfer (automatic),Yes,51.71,Medium Risk
3097-NNSPB,2,Month-to-month,DSL,49.05,91.1,Credit card (automatic),Yes,36.4,Low Risk
7771-ZONAT,22,Two year,DSL,56.75,1304.85,Bank transfer (automatic),No,9.45,Low Risk
0655-RBDUG,7,Month-to-month,Fiber optic,98.05,713.0,Bank transfer (automatic),Yes,74.24,High Risk
2111-DWYHN,1,Month-to-month,No,21.1,21.1,Mailed check,No,19.04,Low Risk
4194-WHFCB,59,Month-to-month,Fiber optic,96.65,5580.8,Bank transfer (automatic),No,18.44,Low Risk
4121-AGSIN,58,One year,No,24.5,1497.9,Credit card (automatic),No,1.26,Low Risk
4361-BKAXE,41,Month-to-month,Fiber optic,114.5,4527.45,Bank transfer (automatic),Yes,30.68,Low Risk
9845-PEEKO,59,Two year,Fiber optic,79.2,4590.35,Credit card (automatic),No,7.2,Low Risk
0455-XFASS,3,Month-to-month,Fiber optic,69.55,200.2,Electronic check,No,64.3,Medium Risk
0301-KOBTQ,32,Two year,No,20.05,614.45,Bank transfer (automatic),No,1.92,Low Risk
1751-NCDLI,46,Month-to-month,Fiber optic,98.85,4564.9,Electronic check,No,62.28,Medium Risk
4367-NUYAO,0,Two year,No,25.75,0.0,Mailed check,No,6.48,Low Risk
9878-TNQGW,2,Month-to-month,Fiber optic,80.95,171.15,Electronic check,Yes,74.06,High Risk
9170-ARBTB,52,One year,No,19.6,1012.4,Credit card (automatic),No,0.8,Low Risk
4441-NIHPT,13,Month-to-month,Fiber optic,74.3,940.35,Electronic check,Yes,63.7,Medium Risk
8999-BOHSE,11,Month-to-month,Fiber optic,89.7,1047.7,Bank transfer (automatic),Yes,59.99,Medium Risk
7241-AJHFS,32,Month-to-month,Fiber optic,87.65,2766.4,Bank transfer (automatic),No,19.78,Low Risk
7029-RPUAV,17,Month-to-month,Fiber optic,100.45,1622.45,Credit card (automatic),Yes,70.06,High Risk
4546-FOKWR,16,Month-to-month,Fiber optic,74.75,1129.35,Credit card (automatic),No,55.31,Medium Risk
9036-CSKBW,51,One year,Fiber optic,107.45,5680.9,Bank transfer (automatic),No,15.25,Low Risk
5832-TRLPB,29,One year,DSL,75.35,2243.9,Bank transfer (automatic),No,12.9,Low Risk
8590-YFFQO,70,Two year,DSL,64.95,4523.25,Credit card (automatic),No,0.39,Low Risk
8659-IOOPU,71,Two year,Fiber optic,100.45,7159.7,Electronic check,No,3.43,Low Risk
1338-CECEE,41,One year,DSL,68.5,2839.95,Bank transfer (automatic),No,6.54,Low Risk
7439-DKZTW,1,Month-to-month,Fiber optic,80.55,80.55,Electronic check,No,74.76,High Risk
4646-QZXTF,7,Month-to-month,DSL,81.25,580.1,Bank transfer (automatic),No,21.63,Low Risk
4607-CHPCA,25,One year,Fiber optic,90.4,2178.6,Electronic check,Yes,41.77,Medium Risk
9742-XOKTS,67,One year,Fiber optic,89.55,6038.55,Electronic check,No,4.47,Low Risk
6921-OZMFH,5,Month-to-month,DSL,55.7,259.4,Mailed check,No,33.34,Low Risk
9578-FOMUK,15,Month-to-month,No,24.8,324.15,Electronic check,No,21.05,Low Risk
4712-UYOOI,20,Month-to-month,No,20.0,417.65,Electronic check,No,9.81,Low Risk
8824-RWFXJ,3,Month-to-month,DSL,56.15,168.15,Mailed check,Yes,32.08,Low Risk
7722-CVFXN,54,One year,Fiber optic,105.2,5637.85,Electronic check,No,21.96,Low Risk
8717-VCTXJ,42,One year,No,19.55,839.4,Mailed check,No,2.52,Low Risk
7363-QTBIW,9,Month-to-month,Fiber optic,79.75,769.1,Electronic check,No,70.13,High Risk
4159-NAAIX,63,Two year,Fiber optic,97.45,6253.0,Bank transfer (automatic),No,8.43,Low Risk
0971-QIFJK,69,Two year,No,24.25,1641.8,Bank transfer (automatic),No,0.35,Low Risk
9397-TZSHA,69,Two year,No,24.6,1678.05,Credit card (automatic),No,0.33,Low Risk
3391-JSQEW,40,Month-to-month,DSL,50.15,2058.5,Mailed check,No,12.81,Low Risk
0343-QLUZP,60,Two year,DSL,39.6,2424.5,Bank transfer (automatic),No,1.03,Low Risk
9763-PDTKK,4,Month-to-month,Fiber optic,94.4,387.2,Bank transfer (automatic),Yes,44.56,Medium Risk
2176-LVPNX,71,Two year,DSL,89.85,6293.45,Mailed check,No,1.41,Low Risk
7627-JKIAZ,37,Month-to-month,Fiber optic,78.95,2839.65,Credit card (automatic),Yes,38.63,Low Risk
3312-UUMZW,32,Month-to-month,Fiber optic,98.85,3145.9,Credit card (automatic),No,54.68,Medium Risk
1271-UODNO,39,Two year,DSL,53.85,2200.7,Credit card (automatic),No,3.92,Low Risk
8461-EFQYM,38,One year,No,24.25,914.4,Electronic check,No,5.45,Low Risk
6900-RBKER,52,Two year,Fiber optic,89.45,4577.75,Credit card (automatic),No,12.24,Low Risk
6891-JPYFF,48,Month-to-month,Fiber optic,105.25,4997.5,Credit card (automatic),No,29.06,Low Risk
1459-QNFQT,70,Two year,DSL,59.5,4144.8,Bank transfer (automatic),No,0.96,Low Risk
1047-NNCBF,20,Month-to-month,Fiber optic,70.55,1493.55,Credit card (automatic),No,36.41,Low Risk
3696-XRIEN,50,One year,DSL,82.5,4179.1,Credit card (automatic),No,6.52,Low Risk
4081-DYXAV,19,One year,DSL,44.85,893.55,Credit card (automatic),Yes,31.59,Low Risk
0074-HDKDG,25,One year,DSL,61.6,1611.0,Bank transfer (automatic),No,6.02,Low Risk
8791-GFXLZ,12,Month-to-month,DSL,49.05,593.05,Bank transfer (automatic),No,28.87,Low Risk
8111-SLLHI,39,Month-to-month,Fiber optic,105.65,4284.8,Electronic check,Yes,64.09,Medium Risk
0927-LCSMG,7,Month-to-month,Fiber optic,74.65,544.55,Mailed check,Yes,49.12,Medium Risk
9330-DHBFL,23,One year,DSL,66.25,1533.8,Mailed check,No,4.83,Low Risk
0098-BOWSO,27,Month-to-month,No,19.4,529.8,Electronic check,No,12.53,Low Risk
3452-ABWRL,47,Month-to-month,Fiber optic,86.05,3865.6,Credit card (automatic),No,40.86,Medium Risk
5859-HZYLF,26,Two year,No,19.15,515.75,Credit card (automatic),No,2.05,Low Risk
8257-RZAHR,14,Month-to-month,DSL,64.7,941.0,Bank transfer (automatic),Yes,33.69,Low Risk
5293-WXJAK,11,Month-to-month,Fiber optic,104.05,1133.65,Bank transfer (automatic),Yes,66.83,Medium Risk
3156-QLHBO,2,Month-to-month,No,19.25,48.35,Mailed check,No,15.73,Low Risk
2208-NQBCT,26,Month-to-month,Fiber optic,81.95,2070.05,Electronic check,No,23.63,Low Risk
1779-PWPMG,72,Two year,Fiber optic,114.65,8333.95,Bank transfer (automatic),No,6.27,Low Risk
6621-NRZAK,63,Two year,No,20.0,1209.25,Credit card (automatic),No,0.25,Low Risk
0831-JNISG,71,Two year,No,19.8,1396.25,Mailed check,No,0.19,Low Risk
0774-IFUVM,11,Month-to-month,DSL,65.15,723.35,Bank transfer (automatic),No,31.34,Low Risk
3082-WQRVY,14,One year,No,19.65,228.65,Mailed check,No,7.08,Low Risk
9553-DLCLU,13,Two year,DSL,88.95,1161.75,Credit card (automatic),No,5.04,Low Risk
1641-BYBTK,6,Month-to-month,No,20.2,98.35,Mailed check,No,17.98,Low Risk
2460-NGXBJ,11,Month-to-month,Fiber optic,75.2,775.3,Credit card (automatic),No,58.45,Medium Risk
2446-ZKVAF,18,Month-to-month,DSL,56.8,1074.65,Credit card (automatic),No,22.38,Low Risk
0841-NULXI,1,Month-to-month,DSL,35.55,35.55,Electronic check,Yes,70.09,High Risk
3522-CDKHF,32,Month-to-month,Fiber optic,75.5,2324.7,Bank transfer (automatic),No,26.86,Low Risk
1430-SFQSA,29,One year,DSL,35.6,1072.6,Mailed check,No,6.04,Low Risk
0411-EZJZE,3,Month-to-month,DSL,60.25,170.5,Electronic check,No,61.84,Medium Risk
7851-WZEKY,2,Month-to-month,Fiber optic,95.15,196.9,Electronic check,Yes,82.55,High Risk
8844-TONUD,13,Month-to-month,Fiber optic,96.65,1162.85,Mailed check,Yes,59.21,Medium Risk
8807-ARQET,41,Month-to-month,DSL,40.35,1677.85,Electronic check,No,26.76,Low Risk
8992-CEUEN,1,Month-to-month,No,18.85,18.85,Electronic check,No,24.68,Low Risk
4320-QMLLA,7,Month-to-month,DSL,54.85,370.4,Mailed check,No,35.13,Low Risk
8777-PVYGU,52,One year,DSL,64.3,3410.6,Mailed check,No,4.79,Low Risk
8292-ITGYJ,45,Two year,No,24.65,1138.8,Bank transfer (automatic),No,1.2,Low Risk
6870-ZWMNX,70,Two year,DSL,76.1,5264.25,Credit card (automatic),No,1.14,Low Risk
0621-CXBKL,53,Two year,No,18.7,1005.7,Mailed check,No,0.54,Low Risk
5268-DSMNQ,62,One year,Fiber optic,97.95,5936.55,Credit card (automatic),No,16.63,Low Risk
5334-JLAXU,60,Month-to-month,Fiber optic,94.1,5475.9,Credit card (automatic),No,20.29,Low Risk
4086-YQSNZ,3,Month-to-month,Fiber optic,80.4,224.05,Electronic check,Yes,76.19,High Risk
6242-MBHPK,23,Month-to-month,Fiber optic,95.1,2326.05,Electronic check,No,60.7,Medium Risk
5868-CZJDR,1,Month-to-month,DSL,31.35,31.35,Mailed check,Yes,47.58,Medium Risk
9359-UGBTK,67,One year,DSL,72.35,4991.5,Bank transfer (automatic),No,1.96,Low Risk
0135-NMXAP,12,Month-to-month,Fiber optic,89.75,1052.4,Bank transfer (automatic),Yes,61.48,Medium Risk
4782-OSFXZ,71,Two year,DSL,82.7,5831.2,Bank transfer (automatic),No,1.32,Low Risk
6479-OAUSD,25,One year,No,19.9,510.8,Credit card (automatic),No,3.41,Low Risk
7129-ACFOG,5,Month-to-month,DSL,53.8,283.95,Electronic check,No,44.8,Medium Risk
4189-NAKJS,26,One year,DSL,51.55,1295.4,Credit card (automatic),No,14.57,Low Risk
5562-BETPV,1,One year,No,19.65,19.65,Mailed check,No,8.91,Low Risk
1282-IHQAC,70,One year,DSL,44.05,3011.65,Credit card (automatic),No,4.14,Low Risk
9127-FHJBZ,72,Two year,Fiber optic,114.0,8093.15,Electronic check,No,6.24,Low Risk
6270-OMFIW,60,One year,Fiber optic,94.4,5610.25,Electronic check,Yes,22.2,Low Risk
1641-RQDAY,32,Month-to-month,Fiber optic,100.4,3217.65,Electronic check,No,61.94,Medium Risk
0107-WESLM,1,Month-to-month,No,19.85,19.85,Electronic check,Yes,32.27,Low Risk
6994-ORCWG,14,One year,DSL,54.25,773.2,Mailed check,No,20.9,Low Risk
1346-UFHAX,13,Month-to-month,Fiber optic,80.0,1029.35,Credit card (automatic),No,47.83,Medium Risk
3992-YWPKO,6,Month-to-month,Fiber optic,109.9,669.45,Credit card (automatic),Yes,61.25,Medium Risk
2933-XEUJM,46,Two year,DSL,79.2,3593.8,Mailed check,No,4.0,Low Risk
0125-LZQXK,15,Month-to-month,Fiber optic,101.35,1553.95,Electronic check,Yes,62.35,Medium Risk
5461-QKNTN,43,Month-to-month,Fiber optic,94.3,3953.15,Electronic check,No,44.2,Medium Risk
4835-YSJMR,39,Two year,DSL,49.8,1971.15,Bank transfer (automatic),No,2.85,Low Risk
8399-YNDCH,21,Month-to-month,DSL,60.05,1236.15,Bank transfer (automatic),Yes,32.58,Low Risk
3164-YAXFY,57,Month-to-month,DSL,53.75,3196.0,Electronic check,No,18.51,Low Risk
0887-WBJVH,53,One year,Fiber optic,93.45,4872.2,Electronic check,No,21.95,Low Risk
4660-IRIBM,18,Month-to-month,Fiber optic,87.9,1500.5,Mailed check,No,40.72,Medium Risk
5673-FSSMF,1,Month-to-month,DSL,60.15,60.15,Electronic check,Yes,63.69,Medium Risk
7670-ZBPOQ,58,One year,DSL,61.05,3478.75,Bank transfer (automatic),No,2.52,Low Risk
8089-UZWLX,71,Two year,Fiber optic,104.05,7413.55,Bank transfer (automatic),No,8.57,Low Risk
0080-OROZO,35,One year,Fiber optic,99.25,3532.0,Electronic check,No,32.34,Low Risk
3916-NRPAP,3,Month-to-month,Fiber optic,85.7,256.75,Credit card (automatic),No,54.96,Medium Risk
6807-SIWJI,38,One year,Fiber optic,104.85,3887.25,Electronic check,No,33.15,Low Risk
8221-HVAYI,35,Two year,DSL,69.15,2490.15,Credit card (automatic),No,2.23,Low Risk
1579-KLYDT,7,Month-to-month,Fiber optic,90.45,593.45,Electronic check,Yes,75.9,High Risk
5232-NXPAY,47,Two year,DSL,74.45,3510.3,Mailed check,No,2.96,Low Risk
8967-SZQAS,14,Month-to-month,DSL,50.45,765.45,Electronic check,No,26.88,Low Risk
4468-KAZHE,20,Month-to-month,DSL,60.0,1259.35,Electronic check,No,39.51,Low Risk
0455-ENTCR,66,Two year,DSL,85.25,5538.35,Electronic check,No,1.93,Low Risk
8944-AILEF,15,Month-to-month,No,19.45,340.85,Credit card (automatic),No,14.6,Low Risk
5542-NKVRU,42,Two year,No,20.75,844.45,Bank transfer (automatic),No,1.18,Low Risk
7126-RBHSD,17,Month-to-month,Fiber optic,78.9,1348.95,Electronic check,No,46.65,Medium Risk
5370-IIVVL,37,One year,Fiber optic,104.5,3778.0,Credit card (automatic),No,26.27,Low Risk
6789-HJBWG,12,Month-to-month,DSL,49.4,611.65,Electronic check,No,36.77,Low Risk
3927-NLNRY,53,One year,Fiber optic,94.25,4867.95,Bank transfer (automatic),Yes,18.98,Low Risk
9087-EYCPR,60,Two year,No,25.0,1505.05,Mailed check,No,0.55,Low Risk
6791-YBNAK,18,Month-to-month,DSL,25.55,467.85,Credit card (automatic),No,24.54,Low Risk
6358-LYNGM,1,Month-to-month,Fiber optic,74.9,74.9,Electronic check,Yes,76.2,High Risk
6077-BDPXA,3,Month-to-month,Fiber optic,70.15,194.2,Electronic check,No,68.51,Medium Risk
0013-MHZWF,9,Month-to-month,DSL,69.4,571.45,Credit card (automatic),No,31.23,Low Risk
5494-HECPR,1,Month-to-month,Fiber optic,80.25,80.25,Electronic check,Yes,74.46,High Risk
8268-YDIXR,56,One year,Fiber optic,93.15,5253.95,Electronic check,No,13.89,Low Risk
9824-BEMCV,17,Month-to-month,Fiber optic,69.0,1149.65,Electronic check,Yes,53.18,Medium Risk
1373-ORVIZ,11,Month-to-month,DSL,66.35,740.8,Electronic check,Yes,40.34,Medium Risk
4291-SHSBH,7,Month-to-month,Fiber optic,69.55,521.35,Electronic check,No,66.44,Medium Risk
6980-IMXXE,69,Two year,No,20.2,1412.65,Bank transfer (automatic),No,0.19,Low Risk
9866-QEVEE,19,Month-to-month,Fiber optic,86.0,1532.45,Bank transfer (automatic),Yes,59.86,Medium Risk
9897-KXHCM,3,Month-to-month,Fiber optic,80.3,250.05,Electronic check,Yes,69.11,Medium Risk
0040-HALCW,54,Two year,No,20.4,1090.6,Credit card (automatic),No,0.38,Low Risk
0784-GTUUK,62,One year,No,23.75,1446.8,Credit card (automatic),No,1.32,Low Risk
7979-CORPM,24,Month-to-month,Fiber optic,90.55,2282.55,Credit card (automatic),Yes,53.01,Medium Risk
2294-DMMUS,62,Month-to-month,DSL,70.45,4300.45,Credit card (automatic),No,12.3,Low Risk
0872-JCPIB,17,Month-to-month,DSL,65.75,1111.2,Bank transfer (automatic),No,23.49,Low Risk
3055-MJDSB,9,Month-to-month,DSL,24.6,190.1,Mailed check,No,49.18,Medium Risk
9091-WTUUY,64,Two year,DSL,69.25,4447.75,Mailed check,No,0.7,Low Risk
1618-CFHME,2,Month-to-month,Fiber optic,75.9,143.35,Electronic check,Yes,74.79,High Risk
3165-HDOEW,1,Month-to-month,DSL,45.85,45.85,Mailed check,Yes,38.91,Low Risk
6581-NQCBA,16,Month-to-month,DSL,49.95,810.2,Electronic check,Yes,52.99,Medium Risk
7115-IRDHS,72,Two year,No,24.65,1830.05,Bank transfer (automatic),No,0.31,Low Risk
8496-DMZUK,30,One year,Fiber optic,90.4,2820.65,Bank transfer (automatic),No,14.33,Low Risk
2040-VZIKE,49,Month-to-month,Fiber optic,100.85,4847.35,Mailed check,No,38.07,Low Risk
9068-VPWQQ,61,Two year,DSL,75.35,4729.3,Credit card (automatic),No,1.27,Low Risk
0178-SZBHO,47,Month-to-month,Fiber optic,87.2,4017.45,Electronic check,No,32.2,Low Risk
0384-RVBPI,20,Month-to-month,DSL,64.4,1398.6,Credit card (automatic),No,16.88,Low Risk
1689-MRZQR,34,Month-to-month,Fiber optic,78.3,2564.3,Electronic check,Yes,36.61,Low Risk
1299-AURJA,70,Two year,No,24.7,1685.9,Bank transfer (automatic),No,0.26,Low Risk
4525-VZCZG,54,One year,Fiber optic,105.85,5826.65,Electronic check,No,12.26,Low Risk
1543-LLLFT,61,One year,Fiber optic,98.3,6066.55,Mailed check,No,15.57,Low Risk
5835-BEQEU,3,Month-to-month,Fiber optic,76.95,228.4,Electronic check,Yes,74.22,High Risk
2788-CJQAQ,13,One year,No,19.45,270.2,Mailed check,No,6.45,Low Risk
5565-FILXA,16,Month-to-month,Fiber optic,96.15,1529.2,Electronic check,Yes,78.17,High Risk
0319-QZTCO,3,Month-to-month,DSL,58.7,168.6,Credit card (automatic),No,36.19,Low Risk
2120-SMPEX,25,Month-to-month,No,20.15,536.35,Mailed check,No,10.3,Low Risk
0096-FCPUF,30,Month-to-month,DSL,64.5,1888.45,Mailed check,No,23.27,Low Risk
0668-OGMHD,21,Month-to-month,DSL,28.5,629.35,Electronic check,No,26.68,Low Risk
5552-ZNFSJ,1,Month-to-month,DSL,45.3,45.3,Electronic check,Yes,42.54,Medium Risk
2223-KAGMX,15,Month-to-month,No,19.4,289.3,Bank transfer (automatic),Yes,10.31,Low Risk
6507-ZJSUR,23,Month-to-month,Fiber optic,90.45,2117.25,Electronic check,No,69.54,Medium Risk
9408-HRXRK,45,Month-to-month,Fiber optic,105.15,4730.9,Electronic check,No,40.43,Medium Risk
5593-SUAOO,24,One year,Fiber optic,83.15,2033.05,Bank transfer (automatic),No,19.45,Low Risk
7321-PKUYW,11,Month-to-month,Fiber optic,90.15,987.95,Electronic check,Yes,57.73,Medium Risk
2833-SLKDQ,1,Month-to-month,DSL,45.05,45.05,Mailed check,Yes,35.31,Low Risk
6766-HFKLA,56,Two year,Fiber optic,103.2,5744.35,Bank transfer (automatic),No,8.49,Low Risk
7595-EUIVN,1,Month-to-month,Fiber optic,75.8,75.8,Electronic check,Yes,57.14,Medium Risk
7617-EYGLW,1,Month-to-month,No,19.45,19.45,Electronic check,No,24.87,Low Risk
2026-TGDHM,7,Month-to-month,Fiber optic,79.3,523.15,Electronic check,Yes,70.81,High Risk
9220-ZNKJI,55,Two year,Fiber optic,88.8,4805.3,Credit card (automatic),No,4.98,Low Risk
4030-VPZBD,2,Month-to-month,DSL,30.9,59.05,Electronic check,Yes,54.53,Medium Risk
2226-ICFDO,72,Two year,DSL,85.9,6110.75,Credit card (automatic),No,1.39,Low Risk
0723-VSOBE,45,One year,DSL,34.2,1596.6,Electronic check,No,12.35,Low Risk
5529-GIBVH,47,Two year,No,20.15,1046.2,Mailed check,No,0.72,Low Risk
4187-CINZD,46,One year,Fiber optic,95.25,4424.2,Credit card (automatic),Yes,18.03,Low Risk
9992-UJOEL,2,Month-to-month,DSL,50.3,92.75,Mailed check,No,38.74,Low Risk
4741-WWJQZ,2,Month-to-month,Fiber optic,80.15,194.55,Electronic check,No,51.2,Medium Risk
6625-UTXEW,12,Month-to-month,DSL,51.25,612.1,Electronic check,No,36.4,Low Risk
6818-WOBHJ,68,Month-to-month,Fiber optic,89.6,6127.6,Bank transfer (automatic),Yes,26.19,Low Risk
6244-BESBM,69,Two year,Fiber optic,95.2,6671.7,Credit card (automatic),No,4.89,Low Risk
1004-NOZNR,56,One year,Fiber optic,94.8,5264.3,Credit card (automatic),No,9.4,Low Risk
1251-STYSZ,4,Month-to-month,Fiber optic,80.25,303.7,Electronic check,No,68.03,Medium Risk
2612-PHGOX,64,Two year,DSL,76.1,4818.8,Bank transfer (automatic),No,2.06,Low Risk
2408-TZMJL,59,One year,Fiber optic,110.15,6448.05,Electronic check,Yes,23.16,Low Risk
8480-PPONV,62,Two year,Fiber optic,115.55,7159.05,Bank transfer (automatic),No,3.9,Low Risk
8780-IHCRN,63,Two year,No,24.65,1574.5,Credit card (automatic),No,0.37,Low Risk
4598-ZADCK,53,One year,DSL,53.6,2879.2,Electronic check,No,5.47,Low Risk
1257-SXUXQ,5,Month-to-month,No,19.45,86.05,Mailed check,No,14.11,Low Risk
9681-KYGYB,49,Month-to-month,Fiber optic,88.2,4159.45,Electronic check,No,31.47,Low Risk
7182-OVLBJ,62,Two year,Fiber optic,101.15,6638.35,Bank transfer (automatic),No,8.38,Low Risk
5095-ETBRJ,55,Two year,DSL,56.8,3112.05,Mailed check,No,0.72,Low Risk
7005-CYUIL,71,Two year,Fiber optic,99.4,7168.25,Electronic check,No,4.55,Low Risk
4821-WQOYN,72,Two year,No,20.1,1326.25,Credit card (automatic),No,0.23,Low Risk
4730-AWNAU,36,One year,DSL,60.7,2234.55,Credit card (automatic),No,6.08,Low Risk
3452-FLHYD,25,One year,No,20.95,495.15,Bank transfer (automatic),No,4.99,Low Risk
2388-LAESQ,72,Two year,Fiber optic,114.85,8317.95,Bank transfer (automatic),No,6.23,Low Risk
9531-NSBMR,36,One year,No,19.25,679.8,Bank transfer (automatic),No,3.0,Low Risk
6260-ONULR,1,Month-to-month,DSL,62.8,62.8,Mailed check,No,56.31,Medium Risk
4389-UEFCZ,72,Two year,Fiber optic,105.5,7544.0,Electronic check,No,10.8,Low Risk
8711-LOBKY,59,Two year,No,19.85,1188.25,Mailed check,No,0.34,Low Risk
9134-CEQMF,7,Month-to-month,Fiber optic,89.5,676.7,Electronic check,Yes,78.99,High Risk
8985-OOPOS,1,One year,DSL,74.1,74.1,Credit card (automatic),No,20.03,Low Risk
8800-ZKRFW,30,Month-to-month,Fiber optic,107.5,3242.5,Electronic check,No,52.3,Medium Risk
2616-FLVQC,64,Two year,No,19.55,1240.15,Mailed check,No,0.33,Low Risk
9968-FFVVH,63,One year,DSL,68.8,4111.35,Bank transfer (automatic),No,1.33,Low Risk
3108-PCCGG,72,Two year,DSL,84.45,5899.85,Credit card (automatic),No,1.68,Low Risk
7993-PYKOF,8,Month-to-month,Fiber optic,75.0,632.95,Electronic check,Yes,46.81,Medium Risk
8390-FESFV,62,Two year,DSL,84.5,5193.2,Bank transfer (automatic),No,2.12,Low Risk
3022-BEXHZ,67,Two year,Fiber optic,111.2,7530.8,Bank transfer (automatic),No,7.0,Low Risk
5027-XWQHA,6,Month-to-month,DSL,44.75,270.95,Electronic check,Yes,37.93,Low Risk
6248-TKCQV,70,Two year,DSL,80.6,5460.2,Bank transfer (automatic),No,1.43,Low Risk
6729-GDNGC,20,Month-to-month,Fiber optic,80.7,1614.2,Bank transfer (automatic),No,45.96,Medium Risk
6198-ZFIOJ,5,Month-to-month,Fiber optic,75.6,402.5,Electronic check,No,65.22,Medium Risk
5989-OMNJE,24,One year,DSL,57.6,1367.75,Electronic check,No,15.72,Low Risk
4566-QVRRW,11,Month-to-month,DSL,44.05,483.7,Electronic check,Yes,42.21,Medium Risk
1291-CUOCY,72,Two year,Fiber optic,110.6,7962.2,Credit card (automatic),No,7.34,Low Risk
9795-SHUHB,66,Two year,DSL,58.2,3810.8,Credit card (automatic),No,0.49,Low Risk
3230-IUALN,45,Two year,DSL,81.0,3533.6,Mailed check,No,2.49,Low Risk
0042-RLHYP,69,Two year,No,19.7,1396.9,Bank transfer (automatic),No,0.2,Low Risk
8519-IMDHU,15,Month-to-month,Fiber optic,85.6,1345.55,Bank transfer (automatic),Yes,67.55,Medium Risk
4945-RVMTE,28,Month-to-month,DSL,59.55,1646.45,Bank transfer (automatic),No,24.13,Low Risk
0201-OAMXR,70,One year,Fiber optic,115.55,8127.6,Credit card (automatic),Yes,7.06,Low Risk
1866-NXPSP,36,One year,DSL,75.55,2680.15,Mailed check,No,5.02,Low Risk
3372-KWFBM,16,Month-to-month,Fiber optic,86.6,1281.0,Electronic check,Yes,73.3,High Risk
7831-QGOXH,18,Month-to-month,Fiber optic,85.2,1553.9,Electronic check,Yes,69.7,Medium Risk
6393-WRYZE,34,Month-to-month,Fiber optic,97.65,3207.55,Electronic check,Yes,64.46,Medium Risk
3941-XTSKM,42,One year,DSL,45.1,2049.05,Credit card (automatic),No,9.1,Low Risk
1661-CZBAU,48,One year,DSL,70.95,3629.2,Bank transfer (automatic),No,5.28,Low Risk
6599-RCLCJ,47,Month-to-month,Fiber optic,109.55,5124.55,Electronic check,Yes,46.72,Medium Risk
9831-BPFRI,39,One year,Fiber optic,89.55,3474.45,Electronic check,Yes,18.29,Low Risk
5158-RIVOP,11,Two year,No,20.9,202.3,Credit card (automatic),No,2.66,Low Risk
9788-YTFGE,7,Month-to-month,No,19.95,147.5,Mailed check,No,20.91,Low Risk
9277-JOOMO,3,Month-to-month,No,24.6,86.35,Mailed check,No,22.43,Low Risk
1907-YLNYW,8,Month-to-month,DSL,66.7,579.0,Electronic check,No,39.32,Low Risk
1725-MIMXW,1,Month-to-month,No,19.45,19.45,Mailed check,Yes,22.0,Low Risk
8947-YRTDV,32,One year,Fiber optic,94.8,3131.55,Mailed check,No,11.92,Low Risk
3161-ONRWK,60,One year,DSL,65.85,3928.3,Bank transfer (automatic),No,1.27,Low Risk
0114-RSRRW,10,Month-to-month,No,19.95,187.75,Bank transfer (automatic),No,17.51,Low Risk
4565-NLZBV,71,Two year,No,24.65,1710.15,Bank transfer (automatic),No,0.46,Low Risk
0031-PVLZI,4,Month-to-month,No,20.35,76.35,Mailed check,Yes,14.22,Low Risk
7206-GZCDC,1,Month-to-month,Fiber optic,69.25,69.25,Electronic check,Yes,73.35,High Risk
6682-VCIXC,43,One year,DSL,51.25,2151.6,Bank transfer (automatic),No,4.28,Low Risk
4791-QRGMF,59,One year,Fiber optic,99.5,5961.1,Bank transfer (automatic),Yes,25.34,Low Risk
6475-VHUIZ,23,Month-to-month,DSL,54.25,1221.55,Electronic check,No,17.56,Low Risk
3910-MRQOY,72,Two year,No,19.4,1496.45,Bank transfer (automatic),No,0.22,Low Risk
0661-WCQNQ,22,One year,DSL,56.25,1292.2,Credit card (automatic),No,6.75,Low Risk
7537-RBWEA,1,Month-to-month,DSL,25.15,25.15,Mailed check,No,57.57,Medium Risk
4656-CAURT,69,Two year,No,23.95,1713.1,Bank transfer (automatic),No,0.36,Low Risk
0121-SNYRK,50,One year,DSL,35.4,1748.9,Mailed check,No,3.61,Low Risk
1768-ZAIFU,1,Month-to-month,DSL,25.2,25.2,Electronic check,Yes,68.11,Medium Risk
4671-LXRDQ,2,Month-to-month,DSL,45.0,96.45,Mailed check,Yes,43.25,Medium Risk
3733-LSYCE,15,Month-to-month,Fiber optic,75.35,1114.55,Bank transfer (automatic),No,36.83,Low Risk
6265-FRMTQ,31,Two year,No,20.4,609.1,Bank transfer (automatic),No,1.39,Low Risk
1934-SJVJK,1,Month-to-month,No,20.15,20.15,Mailed check,Yes,19.33,Low Risk
3838-OZURD,66,Month-to-month,Fiber optic,105.0,7133.25,Credit card (automatic),Yes,33.7,Low Risk
1371-DWPAZ,0,Two year,DSL,56.05,0.0,Credit card (automatic),No,7.56,Low Risk
9269-CQOOL,3,Month-to-month,DSL,54.7,169.45,Credit card (automatic),Yes,40.0,Low Risk
2017-CCBLH,8,Two year,No,20.0,141.6,Mailed check,No,4.16,Low Risk
7690-KPNCU,64,One year,DSL,73.05,4688.65,Credit card (automatic),No,3.35,Low Risk
0536-BGFMZ,28,Month-to-month,No,20.5,563.05,Mailed check,No,6.35,Low Risk
2293-IJWPS,57,One year,Fiber optic,100.75,5985.0,Credit card (automatic),No,25.98,Low Risk
2845-HSJCY,14,Month-to-month,Fiber optic,87.25,1258.6,Electronic check,Yes,68.68,Medium Risk
5469-NUJUR,19,Two year,No,19.95,373.5,Mailed check,No,3.73,Low Risk
1184-PJVDB,10,Month-to-month,Fiber optic,79.95,857.2,Electronic check,Yes,69.84,Medium Risk
2625-TRCZQ,51,Month-to-month,DSL,49.65,2553.35,Electronic check,No,25.73,Low Risk
4102-HLENU,67,Two year,DSL,65.65,4322.85,Mailed check,No,0.89,Low Risk
7266-GSSJX,11,Month-to-month,No,20.45,250.8,Electronic check,No,19.58,Low Risk
7722-VJRQD,72,Two year,DSL,60.95,4549.05,Bank transfer (automatic),No,0.93,Low Risk
7073-QETQY,66,One year,No,20.35,1359.5,Electronic check,No,0.93,Low Risk
9415-DPEWS,18,Month-to-month,Fiber optic,88.35,1639.3,Electronic check,Yes,62.57,Medium Risk
5624-RYAMH,9,Month-to-month,No,19.5,178.85,Electronic check,No,24.45,Low Risk
0196-JTUQI,9,Month-to-month,Fiber optic,75.2,633.85,Credit card (automatic),No,60.97,Medium Risk
7130-YXBRO,48,Month-to-month,Fiber optic,111.45,5315.1,Bank transfer (automatic),No,35.24,Low Risk
9272-LSVYH,10,Month-to-month,Fiber optic,70.15,735.5,Mailed check,No,47.16,Medium Risk
7943-RQCHR,9,Month-to-month,Fiber optic,94.75,889.9,Electronic check,Yes,79.68,High Risk
3793-MMFUH,13,Month-to-month,Fiber optic,95.05,1290.0,Electronic check,Yes,80.13,High Risk
3249-ZPQRG,4,Month-to-month,Fiber optic,78.45,330.05,Electronic check,Yes,63.35,Medium Risk
2568-BRGYX,4,Month-to-month,Fiber optic,70.2,237.95,Electronic check,Yes,68.07,Medium Risk
3084-DOWLE,72,Two year,DSL,92.0,6474.4,Bank transfer (automatic),No,1.1,Low Risk
1084-MNSMJ,51,Two year,DSL,85.5,4421.95,Credit card (automatic),No,1.2,Low Risk
7721-JXEAW,59,Month-to-month,DSL,41.05,2452.7,Bank transfer (automatic),Yes,10.89,Low Risk
7249-WBIYX,10,Month-to-month,Fiber optic,85.6,813.85,Electronic check,Yes,75.08,High Risk
4238-HFHSN,61,Month-to-month,Fiber optic,82.15,4904.85,Electronic check,No,30.37,Low Risk
6250-CGGUN,54,One year,Fiber optic,84.4,4484.05,Electronic check,No,6.27,Low Risk
5478-JJVZK,33,Month-to-month,DSL,60.9,2033.85,Mailed check,No,14.67,Low Risk
7596-IIWYC,27,Two year,No,20.25,538.2,Bank transfer (automatic),No,2.36,Low Risk
6567-HOOPW,1,Month-to-month,Fiber optic,79.2,79.2,Electronic check,Yes,77.46,High Risk
9793-WECQC,23,Month-to-month,Fiber optic,95.3,2192.9,Mailed check,No,45.51,Medium Risk
4291-HPAXL,1,Month-to-month,No,19.85,19.85,Mailed check,No,16.17,Low Risk
8999-YPYBV,45,Two year,DSL,84.35,3858.05,Mailed check,No,2.37,Low Risk
1839-FBNFR,39,Two year,No,19.85,854.8,Bank transfer (automatic),No,1.15,Low Risk
3164-AALRN,5,One year,DSL,70.0,347.4,Mailed check,Yes,33.83,Low Risk
3071-MVJCD,72,Two year,DSL,82.3,5815.15,Bank transfer (automatic),No,0.62,Low Risk
1697-BCSHV,58,Month-to-month,DSL,66.8,3970.4,Bank transfer (automatic),No,9.67,Low Risk
0562-KBDVM,70,Two year,DSL,44.6,3058.15,Bank transfer (automatic),No,0.7,Low Risk
1131-SUEKT,61,One year,Fiber optic,98.45,6145.2,Bank transfer (automatic),No,10.5,Low Risk
3717-OEAUQ,2,Month-to-month,Fiber optic,70.7,129.2,Mailed check,No,53.55,Medium Risk
4538-WNTMJ,46,One year,No,24.95,1165.9,Mailed check,No,1.63,Low Risk
3334-CTHOL,1,Month-to-month,DSL,49.95,49.95,Bank transfer (automatic),Yes,48.99,Medium Risk
4704-ERYFC,22,Month-to-month,Fiber optic,69.25,1554.0,Electronic check,Yes,54.05,Medium Risk
9432-RUVSL,48,Two year,Fiber optic,102.5,4904.25,Credit card (automatic),No,7.31,Low Risk
8060-HIWJJ,64,Two year,DSL,86.55,5632.55,Credit card (automatic),No,2.03,Low Risk
7684-XSZIY,72,Two year,No,24.3,1643.25,Bank transfer (automatic),No,0.24,Low Risk
9089-UOWJG,12,Month-to-month,DSL,58.35,740.55,Credit card (automatic),No,32.16,Low Risk
8621-MNIHH,34,Month-to-month,Fiber optic,94.25,3217.55,Electronic check,Yes,59.16,Medium Risk
8039-ACLPL,72,Two year,DSL,68.75,4888.2,Credit card (automatic),No,0.56,Low Risk
9885-AIBVB,29,Month-to-month,Fiber optic,85.8,2440.25,Electronic check,No,51.76,Medium Risk
1934-MKPXS,33,One year,No,20.1,620.55,Credit card (automatic),No,1.92,Low Risk
2592-YKDIF,1,Month-to-month,No,20.35,20.35,Mailed check,No,18.93,Low Risk
2272-JKMSI,62,One year,Fiber optic,110.8,6840.95,Electronic check,No,18.73,Low Risk
0471-LVHGK,41,One year,DSL,73.0,3001.2,Electronic check,Yes,22.55,Low Risk
9518-RWHZL,64,One year,Fiber optic,100.05,6254.2,Credit card (automatic),Yes,20.61,Low Risk
8714-CTZJW,4,Month-to-month,Fiber optic,82.85,319.6,Credit card (automatic),No,63.85,Medium Risk
3569-EDBPQ,24,Month-to-month,Fiber optic,84.35,1938.05,Electronic check,No,40.45,Medium Risk
3131-NWVFJ,14,One year,No,19.55,294.5,Mailed check,No,4.99,Low Risk
7521-YXVZY,3,Month-to-month,No,19.95,58.3,Mailed check,No,14.92,Low Risk
5419-CONWX,4,Month-to-month,Fiber optic,99.8,442.85,Credit card (automatic),Yes,67.77,Medium Risk
6240-EURKS,18,Month-to-month,DSL,35.0,553.0,Electronic check,Yes,46.75,Medium Risk
2373-NTKOD,8,Month-to-month,DSL,66.25,546.45,Electronic check,No,56.25,Medium Risk
1970-KKFWL,35,Two year,No,23.3,797.1,Bank transfer (automatic),No,1.6,Low Risk
6960-HVYXR,1,Month-to-month,Fiber optic,76.0,76.0,Electronic check,Yes,67.9,Medium Risk
9337-SRRNI,66,Two year,No,25.3,1673.8,Credit card (automatic),No,0.45,Low Risk
0895-UADGO,8,Two year,DSL,44.55,343.45,Mailed check,No,10.84,Low Risk
5678-VFNEQ,71,One year,Fiber optic,104.1,7412.25,Credit card (automatic),No,13.94,Low Risk
5977-CKHON,43,Month-to-month,Fiber optic,92.55,4039.0,Bank transfer (automatic),No,36.98,Low Risk
7024-OHCCK,2,Month-to-month,Fiber optic,93.85,170.85,Electronic check,Yes,84.78,High Risk
2692-BUCFV,29,Month-to-month,Fiber optic,101.45,2948.6,Bank transfer (automatic),No,51.77,Medium Risk
7861-UVUFT,15,Month-to-month,Fiber optic,84.3,1308.4,Electronic check,Yes,65.5,Medium Risk
1830-GGFNM,65,Two year,Fiber optic,94.55,6078.75,Credit card (automatic),No,1.7,Low Risk
5302-BDJNT,35,Month-to-month,Fiber optic,95.5,3418.2,Electronic check,No,40.86,Medium Risk
5223-UZAVK,64,One year,Fiber optic,100.3,6603.8,Credit card (automatic),No,10.91,Low Risk
4859-ZSRDZ,58,Two year,DSL,55.5,3166.9,Credit card (automatic),No,2.87,Low Risk
5651-WYIPH,18,Month-to-month,DSL,49.85,865.75,Credit card (automatic),No,25.62,Low Risk
9350-VLHMB,67,Month-to-month,Fiber optic,89.55,6373.1,Bank transfer (automatic),No,21.9,Low Risk
3498-LZGQZ,63,Two year,No,19.15,1177.05,Mailed check,No,0.41,Low Risk
8785-CJSHH,60,Month-to-month,Fiber optic,99.8,5985.75,Electronic check,No,44.88,Medium Risk
5357-TZHPP,9,Month-to-month,Fiber optic,84.4,732.5,Credit card (automatic),Yes,70.5,High Risk
3870-SPZSI,70,Two year,Fiber optic,113.05,7869.05,Credit card (automatic),No,4.42,Low Risk
0680-DFNNY,15,Month-to-month,Fiber optic,101.1,1504.05,Electronic check,Yes,76.48,High Risk
7560-QRBXH,48,One year,No,19.95,936.7,Mailed check,No,1.03,Low Risk
7077-XJMET,12,Month-to-month,DSL,74.15,741.4,Electronic check,No,43.5,Medium Risk
8752-GHJFU,71,One year,Fiber optic,92.0,6585.2,Electronic check,No,8.4,Low Risk
6896-SRVYQ,44,Month-to-month,Fiber optic,73.85,3122.4,Electronic check,No,29.89,Low Risk
7767-UXAGJ,1,Month-to-month,DSL,50.45,50.45,Electronic check,Yes,58.8,Medium Risk
4652-ODEVH,45,Two year,No,24.45,1088.25,Mailed check,No,0.91,Low Risk
6510-UPNKS,23,One year,No,24.8,615.35,Credit card (automatic),No,4.97,Low Risk
6718-BDGHG,43,One year,DSL,64.85,2908.2,Bank transfer (automatic),No,8.66,Low Risk
9046-DQMTP,35,Month-to-month,No,20.75,739.9,Bank transfer (automatic),No,4.37,Low Risk
6439-LAJXL,9,Month-to-month,DSL,68.95,593.85,Mailed check,No,22.56,Low Risk
1571-SAVHK,12,Month-to-month,Fiber optic,99.95,1132.75,Mailed check,Yes,64.61,Medium Risk
9052-VKDUW,65,Month-to-month,Fiber optic,109.4,7227.45,Credit card (automatic),No,29.03,Low Risk
9546-CQJSU,2,Month-to-month,Fiber optic,91.4,193.6,Electronic check,Yes,78.05,High Risk
1666-JZPZT,27,Month-to-month,DSL,49.0,1291.35,Mailed check,No,20.8,Low Risk
5777-KJIRB,40,One year,DSL,50.25,2023.55,Mailed check,No,7.35,Low Risk
0506-LVNGN,5,Month-to-month,Fiber optic,75.55,349.65,Credit card (automatic),Yes,59.78,Medium Risk
7677-SJJJK,8,One year,No,19.9,153.95,Credit card (automatic),No,5.96,Low Risk
2480-EJWYP,58,One year,Fiber optic,97.8,5458.8,Bank transfer (automatic),No,24.4,Low Risk
3253-HKOKL,52,One year,Fiber optic,100.3,5244.45,Electronic check,No,13.59,Low Risk
7055-HNEOJ,3,Month-to-month,DSL,55.8,154.55,Mailed check,No,32.74,Low Risk
5514-YQENT,41,Two year,Fiber optic,111.15,4507.15,Electronic check,No,8.99,Low Risk
3211-AAPKX,20,Month-to-month,Fiber optic,98.55,2031.95,Mailed check,No,60.63,Medium Risk
8445-DNBAE,1,Month-to-month,DSL,50.05,50.05,Electronic check,No,53.52,Medium Risk
2951-QOQTK,4,Month-to-month,Fiber optic,80.8,332.45,Credit card (automatic),Yes,41.85,Medium Risk
2958-NHPPS,23,Month-to-month,No,20.85,473.9,Electronic check,No,10.41,Low Risk
6806-YDEUL,6,Month-to-month,No,19.5,106.8,Bank transfer (automatic),No,16.76,Low Risk
1735-XMJVH,8,Month-to-month,No,19.35,152.6,Mailed check,No,17.21,Low Risk
6890-PFRQX,18,Month-to-month,DSL,69.5,1199.4,Mailed check,No,23.99,Low Risk
0222-CNVPT,52,Month-to-month,DSL,48.8,2555.05,Credit card (automatic),No,16.72,Low Risk
5899-OUVKV,31,Month-to-month,Fiber optic,94.5,2979.2,Electronic check,No,57.27,Medium Risk
8681-ICONS,29,Month-to-month,No,20.65,654.85,Mailed check,No,7.22,Low Risk
1621-YNCJH,36,Two year,Fiber optic,106.05,3834.4,Credit card (automatic),No,8.79,Low Risk
3473-XIIIT,16,Month-to-month,Fiber optic,100.0,1534.75,Electronic check,Yes,73.02,High Risk
6362-QHAFM,42,One year,Fiber optic,108.3,4586.15,Electronic check,No,35.43,Low Risk
7893-IXHRQ,1,Month-to-month,No,20.55,20.55,Electronic check,Yes,24.48,Low Risk
3070-BDOQC,60,Two year,Fiber optic,99.65,5941.05,Electronic check,No,12.8,Low Risk
2952-QAYZF,5,Month-to-month,Fiber optic,85.3,424.15,Electronic check,Yes,69.3,Medium Risk
6234-PFPXL,22,Month-to-month,Fiber optic,95.9,2234.95,Credit card (automatic),No,31.69,Low Risk
9824-QCJPK,36,One year,No,20.0,666.75,Mailed check,No,2.3,Low Risk
4763-PGDPO,4,Month-to-month,Fiber optic,70.4,281.0,Electronic check,Yes,59.14,Medium Risk
4283-IVYCI,9,Month-to-month,DSL,64.95,547.8,Mailed check,No,18.61,Low Risk
1866-OBPNR,1,Month-to-month,Fiber optic,74.6,74.6,Credit card (automatic),No,43.0,Medium Risk
8205-MQUGY,12,Month-to-month,DSL,49.2,571.15,Electronic check,No,27.42,Low Risk
8970-ANWXO,23,One year,DSL,73.75,1756.6,Mailed check,No,21.28,Low Risk
9480-BQJEI,62,One year,Fiber optic,92.3,5731.45,Bank transfer (automatic),No,11.41,Low Risk
5394-SVGJV,37,Month-to-month,Fiber optic,98.8,3475.55,Bank transfer (automatic),Yes,36.59,Low Risk
6979-TNDEU,8,Month-to-month,No,19.2,156.85,Mailed check,No,14.7,Low Risk
9777-WJJPR,31,Month-to-month,Fiber optic,88.65,2683.2,Credit card (automatic),No,42.12,Medium Risk
9283-LZQOH,13,Month-to-month,Fiber optic,74.4,896.75,Credit card (automatic),Yes,53.46,Medium Risk
7079-QRCBC,24,Month-to-month,Fiber optic,98.75,2407.3,Electronic check,Yes,71.82,High Risk
9495-SKLKD,45,Month-to-month,Fiber optic,95.95,4456.65,Bank transfer (automatic),No,33.99,Low Risk
6048-UWKAL,69,Two year,Fiber optic,105.4,6998.95,Credit card (automatic),No,5.66,Low Risk
5067-DGXLL,2,Month-to-month,No,20.25,36.8,Mailed check,No,18.57,Low Risk
5469-CTCWN,61,One year,Fiber optic,106.0,6547.7,Electronic check,Yes,18.58,Low Risk
9851-QXEEQ,41,Month-to-month,Fiber optic,104.7,4346.4,Electronic check,Yes,58.54,Medium Risk
6281-FKEWS,44,One year,DSL,49.05,2265.0,Electronic check,No,20.72,Low Risk
8898-KASCD,39,One year,DSL,35.55,1309.15,Mailed check,No,5.65,Low Risk
9242-TKFSV,72,Two year,DSL,65.1,4754.3,Credit card (automatic),No,1.17,Low Risk
9290-SHCMB,13,Month-to-month,Fiber optic,96.85,1235.55,Electronic check,No,73.51,High Risk
0743-HNPFG,51,One year,DSL,69.75,3562.5,Credit card (automatic),No,2.3,Low Risk
2277-BKJKN,71,Two year,Fiber optic,99.2,7213.75,Electronic check,No,11.83,Low Risk
9809-IMGCQ,22,Month-to-month,Fiber optic,96.7,2082.95,Electronic check,Yes,75.21,High Risk
5208-HFSBT,2,Month-to-month,DSL,55.05,102.75,Credit card (automatic),Yes,27.88,Low Risk
5035-PGZXH,56,One year,Fiber optic,106.8,5914.4,Electronic check,No,30.56,Low Risk
8695-WDYEA,1,Month-to-month,DSL,51.25,51.25,Mailed check,No,25.87,Low Risk
6543-JXSOO,23,One year,DSL,57.75,1282.85,Mailed check,No,5.06,Low Risk
8016-ZMGMO,66,One year,DSL,70.85,4738.85,Bank transfer (automatic),No,5.62,Low Risk
8605-ITULD,1,Month-to-month,No,19.55,19.55,Mailed check,No,19.17,Low Risk
3254-YRILK,19,Month-to-month,Fiber optic,88.2,1775.8,Electronic check,Yes,70.27,High Risk
6416-YJTTB,11,Month-to-month,Fiber optic,79.5,795.65,Bank transfer (automatic),No,42.42,Medium Risk
2667-WYLWJ,8,One year,No,19.75,145.0,Mailed check,Yes,9.07,Low Risk
4472-VESGY,52,Month-to-month,Fiber optic,98.15,4993.4,Bank transfer (automatic),No,15.98,Low Risk
3195-TQDZX,3,Month-to-month,No,20.25,61.45,Electronic check,No,30.12,Low Risk
3128-YOVTD,51,Month-to-month,Fiber optic,79.15,4018.55,Bank transfer (automatic),No,12.44,Low Risk
0529-ONKER,15,Month-to-month,Fiber optic,75.65,1146.65,Electronic check,Yes,61.24,Medium Risk
1728-CXQBE,64,Month-to-month,Fiber optic,94.25,6081.4,Electronic check,No,38.48,Low Risk
7041-TXQJH,37,Month-to-month,DSL,40.2,1478.85,Credit card (automatic),No,24.63,Low Risk
5014-GSOUQ,13,Two year,No,19.95,243.65,Mailed check,No,3.4,Low Risk
5724-BIDBU,49,One year,DSL,55.35,2633.95,Electronic check,No,6.91,Low Risk
0481-SUMCB,45,One year,Fiber optic,102.15,4735.35,Bank transfer (automatic),No,35.4,Low Risk
1769-GRUIK,18,Month-to-month,Fiber optic,71.1,1247.75,Electronic check,No,55.94,Medium Risk
5240-IJOQT,1,Month-to-month,Fiber optic,74.7,74.7,Electronic check,Yes,78.79,High Risk
8819-WFGGJ,68,Two year,DSL,54.1,3794.5,Bank transfer (automatic),No,2.57,Low Risk
7427-AUFPY,54,Two year,No,19.65,1008.7,Credit card (automatic),No,0.47,Low Risk
2811-POVEX,23,Month-to-month,Fiber optic,88.45,2130.55,Bank transfer (automatic),No,45.05,Medium Risk
1092-GANHU,17,Month-to-month,Fiber optic,76.65,1313.55,Electronic check,Yes,56.87,Medium Risk
7898-PDWQE,71,Two year,DSL,80.4,5727.15,Credit card (automatic),No,0.8,Low Risk
9972-EWRJS,67,Two year,No,19.25,1372.9,Bank transfer (automatic),No,0.32,Low Risk
9314-IJWSQ,14,Month-to-month,Fiber optic,84.8,1203.9,Electronic check,No,68.16,Medium Risk
0661-XEYAN,1,Month-to-month,DSL,25.8,25.8,Mailed check,Yes,60.76,Medium Risk
5799-JRCZO,63,Two year,No,19.5,1215.1,Credit card (automatic),No,0.24,Low Risk
1921-KYSAY,41,One year,DSL,68.6,2877.05,Electronic check,No,12.88,Low Risk
6198-RTPMF,17,Month-to-month,Fiber optic,92.6,1579.7,Electronic check,No,69.21,Medium Risk
2924-KHUVI,56,One year,Fiber optic,100.55,5514.95,Electronic check,No,25.85,Low Risk
1925-GMVBW,5,Month-to-month,No,20.55,96.1,Credit card (automatic),No,14.84,Low Risk
7881-EVUAD,2,Month-to-month,DSL,42.6,72.4,Electronic check,Yes,55.98,Medium Risk
6184-DYUOB,3,Month-to-month,No,19.6,55.25,Mailed check,No,24.2,Low Risk
9207-ZPANB,37,One year,DSL,67.45,2443.3,Electronic check,No,4.92,Low Risk
5766-XQXMQ,29,Month-to-month,DSL,68.85,1970.5,Bank transfer (automatic),Yes,15.31,Low Risk
9327-QSDED,8,Month-to-month,DSL,43.55,335.4,Mailed check,No,29.61,Low Risk
1656-DRSMG,63,Month-to-month,Fiber optic,109.85,7002.95,Credit card (automatic),No,27.52,Low Risk
3012-VFFMN,7,Month-to-month,No,20.65,158.95,Mailed check,No,12.6,Low Risk
2984-AFWNC,3,Month-to-month,Fiber optic,95.4,293.15,Electronic check,No,66.44,Medium Risk
0640-YJTPY,72,Two year,No,21.0,1493.75,Bank transfer (automatic),No,0.17,Low Risk
8096-LOIST,19,Month-to-month,DSL,56.2,1093.4,Electronic check,No,39.58,Low Risk
9764-REAFF,59,Two year,No,18.4,1057.85,Bank transfer (automatic),No,0.39,Low Risk
3703-VAVCL,2,Month-to-month,Fiber optic,90.0,190.05,Credit card (automatic),Yes,41.83,Medium Risk
7107-UBYKY,35,Month-to-month,No,25.75,882.55,Electronic check,No,9.67,Low Risk
4881-GQJTW,14,Month-to-month,No,19.6,300.4,Credit card (automatic),No,10.72,Low Risk
8519-QJGJD,14,Month-to-month,Fiber optic,75.35,1025.95,Electronic check,Yes,49.85,Medium Risk
7876-DNYAP,69,Two year,No,19.8,1436.95,Credit card (automatic),No,0.19,Low Risk
7905-NJMXS,7,Month-to-month,DSL,64.2,475.0,Electronic check,No,26.61,Low Risk
2882-WDTBA,69,Two year,DSL,75.75,5388.15,Bank transfer (automatic),No,0.73,Low Risk
2091-GPPIQ,72,Two year,DSL,78.95,5730.15,Electronic check,No,2.63,Low Risk
6326-MTTXK,8,Month-to-month,Fiber optic,100.85,819.55,Electronic check,Yes,70.05,High Risk
5071-FBJFS,4,Month-to-month,DSL,50.3,217.1,Electronic check,No,25.68,Low Risk
2796-UUZZO,63,Month-to-month,Fiber optic,80.3,4896.35,Credit card (automatic),No,11.89,Low Risk
2429-AYKKO,72,Two year,No,19.85,1434.1,Bank transfer (automatic),No,0.21,Low Risk
9798-OPFEM,46,Two year,No,21.1,937.1,Electronic check,No,1.43,Low Risk
0330-IVZHA,5,Month-to-month,Fiber optic,69.95,330.15,Electronic check,Yes,58.88,Medium Risk
3794-NFNCH,30,Month-to-month,DSL,50.0,1474.9,Mailed check,No,19.78,Low Risk
5193-QLVZB,63,Two year,Fiber optic,104.75,6536.5,Bank transfer (automatic),No,11.81,Low Risk
7114-AEOZE,60,Two year,No,19.85,1128.1,Bank transfer (automatic),No,0.35,Low Risk
2886-KEFUM,63,One year,Fiber optic,107.5,6873.75,Electronic check,Yes,27.96,Low Risk
5522-NYKPB,25,Month-to-month,Fiber optic,85.9,2199.05,Electronic check,No,35.41,Low Risk
4237-RLAQD,1,Month-to-month,DSL,45.85,45.85,Mailed check,Yes,43.8,Medium Risk
9957-YODKZ,6,Month-to-month,Fiber optic,80.8,457.1,Electronic check,No,75.13,High Risk
6518-KZXCB,22,Two year,No,25.25,566.5,Mailed check,No,3.07,Low Risk
2245-ADZFJ,31,Two year,DSL,80.55,2471.6,Bank transfer (automatic),No,4.45,Low Risk
7776-QGYJC,39,Month-to-month,Fiber optic,81.5,3107.3,Bank transfer (automatic),No,19.65,Low Risk
9313-QOLTZ,26,Month-to-month,No,20.9,518.3,Mailed check,No,6.87,Low Risk
9651-GTSAQ,53,One year,Fiber optic,106.1,5769.75,Bank transfer (automatic),Yes,14.65,Low Risk
3186-BAXNB,1,Month-to-month,Fiber optic,91.7,91.7,Electronic check,Yes,52.92,Medium Risk
4672-FOTSD,12,Month-to-month,DSL,67.25,832.3,Electronic check,No,26.13,Low Risk
0637-YLETY,16,Month-to-month,Fiber optic,95.6,1555.65,Credit card (automatic),Yes,57.38,Medium Risk
9818-XQCUV,2,Month-to-month,No,20.35,45.3,Mailed check,No,18.24,Low Risk
7338-ERIVA,39,One year,DSL,45.05,1790.6,Bank transfer (automatic),No,4.09,Low Risk
1157-BQCUW,1,Month-to-month,Fiber optic,74.95,74.95,Electronic check,Yes,76.19,High Risk
8259-NFJTV,7,Month-to-month,DSL,34.65,246.6,Mailed check,No,21.17,Low Risk
3223-DWFIO,4,Month-to-month,Fiber optic,69.35,261.65,Electronic check,No,63.46,Medium Risk
2660-EMUBI,10,Month-to-month,Fiber optic,95.35,898.35,Electronic check,Yes,81.33,High Risk
6968-GMKPR,55,Month-to-month,Fiber optic,81.55,4509.5,Electronic check,No,24.67,Low Risk
4751-ERMAN,72,Two year,DSL,75.4,5480.25,Bank transfer (automatic),No,1.78,Low Risk
1436-ZMJAN,10,Month-to-month,DSL,67.8,653.15,Credit card (automatic),No,44.73,Medium Risk
3292-PBZEJ,11,Month-to-month,Fiber optic,111.4,1183.05,Electronic check,No,70.51,High Risk
0799-DDIHE,15,Month-to-month,DSL,46.3,639.45,Electronic check,No,24.59,Low Risk
3070-FNFZQ,23,Two year,No,20.4,478.75,Bank transfer (automatic),No,1.62,Low Risk
2812-SFXMJ,1,Month-to-month,No,20.05,20.05,Mailed check,No,16.12,Low Risk
7675-OZCZG,3,Month-to-month,DSL,45.0,127.1,Electronic check,Yes,43.66,Medium Risk
5014-WUQMG,47,One year,Fiber optic,96.1,4391.45,Electronic check,No,14.0,Low Risk
5312-TSZVC,15,One year,No,19.65,270.6,Mailed check,No,4.63,Low Risk
2003-CKLOR,66,Month-to-month,Fiber optic,99.5,6710.5,Electronic check,Yes,26.26,Low Risk
0993-OSGPT,68,One year,DSL,60.65,3975.9,Bank transfer (automatic),No,1.83,Low Risk
9254-RBFON,17,One year,Fiber optic,98.6,1704.95,Bank transfer (automatic),Yes,23.29,Low Risk
1205-WNWPJ,7,Month-to-month,DSL,59.5,415.95,Mailed check,Yes,34.95,Low Risk
9391-EOYLI,12,Month-to-month,Fiber optic,80.45,950.2,Electronic check,Yes,70.99,High Risk
7108-DGVUU,21,One year,DSL,71.7,1497.05,Bank transfer (automatic),No,15.87,Low Risk
2782-JEEBU,21,Month-to-month,DSL,36.0,780.15,Mailed check,No,25.14,Low Risk
5127-BZENZ,56,One year,DSL,65.2,3512.15,Bank transfer (automatic),No,2.85,Low Risk
2720-FVBQP,6,Month-to-month,DSL,48.95,273.25,Credit card (automatic),No,38.83,Low Risk
9906-NHHVC,65,Two year,DSL,53.5,3517.9,Bank transfer (automatic),No,3.97,Low Risk
4522-XRWWI,42,One year,DSL,80.45,3375.9,Credit card (automatic),No,5.79,Low Risk
3766-EJLFL,68,Two year,Fiber optic,109.05,7508.55,Bank transfer (automatic),No,5.37,Low Risk
5939-SXWHM,48,Two year,No,26.3,1245.05,Bank transfer (automatic),No,0.73,Low Risk
8152-UOBNY,50,One year,Fiber optic,106.8,5347.95,Electronic check,No,30.2,Low Risk
7351-KYHQH,7,Month-to-month,DSL,64.95,493.65,Electronic check,No,49.98,Medium Risk
7643-RCHXS,63,Two year,No,19.35,1263.85,Electronic check,No,0.38,Low Risk
8246-SHFGA,17,Month-to-month,No,21.1,385.55,Credit card (automatic),No,9.26,Low Risk
8387-MOJJT,42,Month-to-month,Fiber optic,77.95,3384.0,Credit card (automatic),Yes,30.56,Low Risk
0620-XEFWH,4,Month-to-month,No,18.85,84.2,Mailed check,No,14.88,Low Risk
6485-QXWWE,62,Two year,No,26.0,1638.7,Bank transfer (automatic),No,0.38,Low Risk
2761-OCIAX,2,Month-to-month,Fiber optic,74.7,165.4,Electronic check,Yes,69.36,Medium Risk
7321-VGNKU,2,Month-to-month,Fiber optic,70.35,120.25,Electronic check,No,69.58,Medium Risk
5327-CNLUQ,48,Two year,Fiber optic,96.9,4473.45,Bank transfer (automatic),No,9.14,Low Risk
7552-KEYGT,27,Two year,No,19.55,520.55,Bank transfer (automatic),No,1.72,Low Risk
5816-JMLGY,70,Two year,DSL,80.4,5717.85,Bank transfer (automatic),No,1.4,Low Risk
3068-OMWZA,1,Month-to-month,Fiber optic,88.8,88.8,Electronic check,Yes,81.94,High Risk
2927-QRRQV,46,One year,Fiber optic,94.65,4312.5,Electronic check,No,30.55,Low Risk
6032-KRXXO,30,Month-to-month,Fiber optic,90.25,2755.35,Electronic check,Yes,61.22,Medium Risk
7459-RRWQZ,15,Month-to-month,DSL,64.65,994.55,Bank transfer (automatic),Yes,32.43,Low Risk
6265-SXWBU,69,One year,Fiber optic,95.75,6511.25,Credit card (automatic),No,7.52,Low Risk
7941-RCJOW,65,Two year,No,19.55,1218.65,Credit card (automatic),No,0.41,Low Risk
6374-NTQLP,72,Two year,Fiber optic,104.1,7447.7,Credit card (automatic),No,3.78,Low Risk
4154-AQUGT,13,Month-to-month,Fiber optic,89.05,1169.35,Bank transfer (automatic),Yes,49.59,Medium Risk
2387-KDZQY,17,One year,No,20.1,279.5,Mailed check,No,7.46,Low Risk
3584-WKTTW,51,One year,Fiber optic,111.55,5720.35,Electronic check,No,23.42,Low Risk
3399-BMLVW,51,Two year,DSL,60.5,3121.45,Credit card (automatic),No,0.61,Low Risk
1971-DTCZB,72,Two year,DSL,90.95,6468.6,Bank transfer (automatic),No,1.62,Low Risk
3092-IGHWF,67,One year,Fiber optic,87.4,5918.8,Electronic check,Yes,8.43,Low Risk
3374-PZLXD,34,Month-to-month,No,19.7,675.6,Mailed check,No,4.95,Low Risk
3813-DHBBB,67,Two year,DSL,50.95,3521.7,Bank transfer (automatic),No,1.19,Low Risk
2812-REYAT,49,One year,No,20.05,923.1,Bank transfer (automatic),No,1.66,Low Risk
6518-PPLMZ,53,Two year,No,19.4,1110.35,Mailed check,No,0.66,Low Risk
4939-KYYPY,27,Month-to-month,DSL,59.45,1611.65,Electronic check,No,20.17,Low Risk
8017-LXHFA,23,Month-to-month,Fiber optic,94.75,2293.6,Electronic check,Yes,65.91,Medium Risk
5930-GBIWP,69,Two year,DSL,81.5,5553.25,Credit card (automatic),No,1.19,Low Risk
6022-KOUQO,2,Month-to-month,DSL,29.05,44.75,Bank transfer (automatic),No,32.23,Low Risk
6352-TWCAU,35,Month-to-month,Fiber optic,86.45,3029.1,Electronic check,Yes,57.09,Medium Risk
2361-UPSND,46,One year,DSL,70.6,3231.05,Mailed check,No,2.57,Low Risk
6035-RIIOM,54,Two year,Fiber optic,97.2,5129.45,Bank transfer (automatic),No,14.03,Low Risk
2929-QNSRW,56,One year,Fiber optic,98.25,5508.35,Electronic check,Yes,31.3,Low Risk
1262-OPMFY,9,Month-to-month,Fiber optic,75.75,655.9,Bank transfer (automatic),Yes,54.08,Medium Risk
9504-DSHWM,20,Month-to-month,DSL,59.2,1191.2,Bank transfer (automatic),No,13.23,Low Risk
5035-BVCXS,11,Month-to-month,Fiber optic,75.9,866.4,Mailed check,No,51.08,Medium Risk
6267-DCFFZ,30,Month-to-month,Fiber optic,90.05,2627.2,Electronic check,No,61.29,Medium Risk
3533-UVMOM,68,Two year,DSL,70.95,4741.45,Bank transfer (automatic),No,0.83,Low Risk
2439-LYPMQ,38,Month-to-month,Fiber optic,102.6,4009.2,Electronic check,No,65.14,Medium Risk
4248-QPAVC,17,Month-to-month,Fiber optic,85.35,1463.45,Bank transfer (automatic),Yes,48.92,Medium Risk
1899-VXWXM,48,One year,Fiber optic,106.1,5082.8,Credit card (automatic),Yes,27.22,Low Risk
1478-VPOAD,1,Month-to-month,DSL,43.8,43.8,Electronic check,No,42.72,Medium Risk
9995-HOTOH,63,Two year,DSL,59.0,3707.6,Electronic check,No,2.22,Low Risk
2988-PLAHS,3,One year,DSL,69.95,220.45,Electronic check,No,42.33,Medium Risk
1371-OJCEK,48,One year,No,24.35,1133.7,Bank transfer (automatic),No,1.68,Low Risk
4999-IEZLT,66,One year,DSL,29.45,1983.15,Credit card (automatic),No,1.66,Low Risk
8883-ANODQ,68,Two year,Fiber optic,84.4,5746.75,Credit card (automatic),No,4.16,Low Risk
4690-LLKUA,17,Month-to-month,DSL,45.05,770.6,Electronic check,Yes,39.47,Low Risk
2351-RRBUE,7,One year,No,20.65,134.05,Mailed check,No,6.62,Low Risk
5980-BDHPY,72,Two year,DSL,87.1,6230.1,Bank transfer (automatic),No,1.69,Low Risk
1498-DQNRX,29,Month-to-month,No,19.85,573.05,Mailed check,No,6.14,Low Risk
9469-WEJBT,37,Month-to-month,Fiber optic,90.35,3419.3,Electronic check,No,41.05,Medium Risk
3331-HQDTW,34,Month-to-month,Fiber optic,109.8,3587.25,Mailed check,Yes,44.17,Medium Risk
9490-DFPMD,42,Month-to-month,Fiber optic,84.65,3541.35,Electronic check,Yes,55.67,Medium Risk
2581-VKIRT,59,One year,DSL,65.5,3801.3,Mailed check,No,1.31,Low Risk
5442-XSDCW,11,Month-to-month,Fiber optic,79.5,868.5,Bank transfer (automatic),Yes,54.83,Medium Risk
7426-WEIJX,60,Month-to-month,Fiber optic,80.95,4859.1,Electronic check,No,22.55,Low Risk
2851-MMUTZ,27,Month-to-month,DSL,56.15,1439.35,Mailed check,No,13.76,Low Risk
3049-NDXFL,1,Month-to-month,Fiber optic,85.8,85.8,Mailed check,Yes,66.04,Medium Risk
8580-AECUZ,1,Month-to-month,Fiber optic,79.1,79.1,Electronic check,Yes,77.87,High Risk
3307-TLCUD,17,Month-to-month,DSL,34.4,592.75,Mailed check,No,23.86,Low Risk
6625-FLENO,58,Two year,No,20.75,1185.95,Mailed check,No,0.44,Low Risk
2967-MXRAV,1,One year,No,18.8,18.8,Mailed check,No,9.04,Low Risk
7963-GQRMY,3,Month-to-month,DSL,44.3,134.5,Mailed check,Yes,28.99,Low Risk
8189-HBVRW,53,Month-to-month,Fiber optic,90.8,4921.2,Electronic check,No,19.57,Low Risk
4163-KIUHY,35,Month-to-month,No,25.6,901.25,Electronic check,No,11.89,Low Risk
1228-FZFRV,50,Month-to-month,Fiber optic,105.95,5341.8,Credit card (automatic),Yes,24.27,Low Risk
3500-NSDOA,68,Two year,DSL,70.8,4859.95,Credit card (automatic),No,0.97,Low Risk
1171-TYKUR,47,Month-to-month,No,25.4,1139.2,Electronic check,No,5.17,Low Risk
3761-FLYZI,65,Month-to-month,Fiber optic,108.8,7082.45,Bank transfer (automatic),No,36.33,Low Risk
2058-DCJBE,5,Month-to-month,Fiber optic,69.75,324.6,Electronic check,Yes,67.59,Medium Risk
5364-XYIRR,51,Month-to-month,Fiber optic,94.65,4812.75,Electronic check,Yes,54.57,Medium Risk
4829-AUOAX,46,Month-to-month,Fiber optic,96.05,4399.5,Bank transfer (automatic),Yes,38.15,Low Risk
1219-NNDDO,9,Month-to-month,Fiber optic,76.85,663.55,Electronic check,No,69.7,Medium Risk
8388-DMKAE,8,Two year,No,20.25,174.65,Mailed check,No,4.17,Low Risk
4403-BWPAY,14,One year,No,24.8,321.7,Credit card (automatic),No,10.3,Low Risk
9659-QEQSY,45,Month-to-month,Fiber optic,115.65,5125.5,Electronic check,No,37.34,Low Risk
5405-ZMYXQ,8,Month-to-month,Fiber optic,74.6,548.9,Credit card (automatic),No,61.99,Medium Risk
5047-LHVLY,1,Month-to-month,DSL,50.15,50.15,Mailed check,Yes,41.29,Medium Risk
1442-OKRJE,66,One year,Fiber optic,103.15,7031.3,Bank transfer (automatic),No,9.33,Low Risk
4737-AQCPU,72,Two year,DSL,72.1,5016.65,Credit card (automatic),No,0.4,Low Risk
9158-VCTQB,41,Month-to-month,Fiber optic,113.6,4594.95,Bank transfer (automatic),Yes,31.84,Low Risk
2808-CHTDM,23,Two year,No,25.1,611.45,Mailed check,No,2.38,Low Risk
6311-UEUME,29,Month-to-month,Fiber optic,78.9,2384.15,Electronic check,Yes,55.11,Medium Risk
0793-TWELN,4,Month-to-month,Fiber optic,80.15,319.85,Electronic check,No,64.93,Medium Risk
3283-WCWXT,6,Two year,No,25.4,153.3,Mailed check,No,5.05,Low Risk
1060-ENTOF,67,One year,Fiber optic,105.4,7035.6,Credit card (automatic),No,8.63,Low Risk
0999-QXNSA,7,Month-to-month,DSL,45.75,344.2,Mailed check,No,36.31,Low Risk
5451-MHQOF,56,One year,No,24.45,1431.65,Mailed check,No,1.56,Low Risk
4836-WNFNO,72,Two year,No,25.0,1849.2,Credit card (automatic),No,0.3,Low Risk
9225-BZLNZ,72,Two year,DSL,85.25,6083.1,Electronic check,No,3.23,Low Risk
0354-VXMJC,23,Two year,No,19.6,426.65,Credit card (automatic),No,1.61,Low Risk
4422-QVIJA,35,Month-to-month,DSL,50.15,1655.35,Mailed check,No,12.7,Low Risk
9365-SRSZE,27,Month-to-month,Fiber optic,70.55,1943.9,Electronic check,No,53.47,Medium Risk
6839-ITVZJ,26,Month-to-month,DSL,60.05,1616.15,Electronic check,Yes,20.97,Low Risk
8332-OSJDW,12,One year,No,26.4,314.95,Mailed check,No,7.13,Low Risk
4735-BJKOU,40,Two year,No,20.15,804.85,Mailed check,No,0.97,Low Risk
0274-JKUJR,7,Month-to-month,DSL,58.85,465.7,Mailed check,No,34.74,Low Risk
5740-YHGTW,70,Month-to-month,Fiber optic,97.55,6669.05,Credit card (automatic),No,13.37,Low Risk
8917-SZTTJ,60,Two year,No,19.65,1161.75,Credit card (automatic),No,0.29,Low Risk
1696-MZVAU,39,One year,DSL,25.25,947.75,Credit card (automatic),No,8.23,Low Risk
7359-WWYJV,72,Two year,Fiber optic,114.45,8375.05,Credit card (automatic),No,3.87,Low Risk
0375-HVGXO,1,Month-to-month,DSL,34.7,34.7,Electronic check,Yes,69.96,Medium Risk
4906-ZHGPK,54,One year,DSL,70.7,3770.0,Electronic check,No,6.13,Low Risk
8593-WHYHV,3,Month-to-month,Fiber optic,85.3,264.8,Electronic check,Yes,78.89,High Risk
3795-GWTRD,63,Two year,DSL,75.55,4707.85,Credit card (automatic),No,0.56,Low Risk
1298-PHBTI,71,Two year,Fiber optic,84.8,6152.4,Electronic check,No,4.29,Low Risk
6223-DHJGV,42,One year,No,20.65,958.1,Mailed check,No,2.48,Low Risk
6961-MJKBO,47,Two year,No,20.45,943.0,Bank transfer (automatic),No,0.67,Low Risk
6097-EQISJ,66,One year,Fiber optic,102.45,6615.15,Credit card (automatic),Yes,15.49,Low Risk
4423-YLHDV,21,Month-to-month,Fiber optic,104.4,2200.25,Bank transfer (automatic),Yes,55.94,Medium Risk
8158-WPEZG,11,Month-to-month,DSL,35.65,425.1,Electronic check,No,41.44,Medium Risk
0107-YHINA,1,Month-to-month,Fiber optic,99.75,99.75,Electronic check,Yes,79.4,High Risk
4918-FYJNT,55,Month-to-month,Fiber optic,90.45,5044.8,Electronic check,No,22.0,Low Risk
0727-BNRLG,69,Two year,Fiber optic,97.65,6743.55,Credit card (automatic),No,5.46,Low Risk
4854-CIDCF,3,Month-to-month,Fiber optic,73.85,196.4,Electronic check,No,63.09,Medium Risk
8640-SDGKB,4,Month-to-month,DSL,74.4,299.7,Electronic check,Yes,50.47,Medium Risk
3280-MRDOF,30,Two year,DSL,69.1,2093.9,Credit card (automatic),No,7.98,Low Risk
6435-SRWBJ,5,Month-to-month,Fiber optic,82.75,417.75,Electronic check,No,65.59,Medium Risk
9964-WBQDJ,71,Two year,No,24.4,1725.4,Credit card (automatic),No,0.45,Low Risk
6303-KFWSL,29,One year,DSL,55.25,1620.2,Electronic check,No,16.67,Low Risk
1702-CCFNJ,52,Month-to-month,DSL,61.35,3169.55,Bank transfer (automatic),No,5.57,Low Risk
8932-CZHRQ,68,One year,DSL,76.75,5233.25,Credit card (automatic),No,2.2,Low Risk
0386-CWRGM,46,Two year,No,19.4,967.85,Mailed check,No,0.62,Low Risk
5515-RUGKN,8,Month-to-month,DSL,54.75,438.05,Credit card (automatic),No,40.71,Medium Risk
0404-AHASP,72,Two year,No,19.7,1421.9,Credit card (automatic),No,0.21,Low Risk
7279-NMVJC,17,One year,No,19.9,323.15,Bank transfer (automatic),No,4.87,Low Risk
2081-VEYEH,3,Month-to-month,Fiber optic,107.95,318.6,Electronic check,No,64.96,Medium Risk
6407-UTSLV,2,Month-to-month,Fiber optic,83.8,163.7,Bank transfer (automatic),No,65.65,Medium Risk
4116-TZAQJ,9,Month-to-month,Fiber optic,74.25,639.65,Credit card (automatic),Yes,43.91,Medium Risk
9060-HJJRW,51,One year,DSL,56.4,2928.5,Credit card (automatic),No,10.14,Low Risk
2587-YNLES,6,Two year,No,20.1,100.35,Mailed check,No,3.74,Low Risk
7398-SKNQZ,3,Month-to-month,Fiber optic,94.9,273.2,Electronic check,No,76.38,High Risk
5935-FCCNB,17,Month-to-month,Fiber optic,94.2,1608.15,Electronic check,No,78.27,High Risk
1958-RNRKS,30,Month-to-month,DSL,49.9,1441.95,Electronic check,No,24.19,Low Risk
5136-RGMZO,31,Month-to-month,DSL,71.05,2168.15,Electronic check,No,26.31,Low Risk
8345-MVDYC,45,Two year,DSL,81.65,3618.7,Bank transfer (automatic),No,1.97,Low Risk
8226-BXGES,64,One year,Fiber optic,89.45,5692.65,Bank transfer (automatic),No,5.66,Low Risk
3877-JRJIP,1,Month-to-month,DSL,59.85,59.85,Electronic check,Yes,64.3,Medium Risk
8375-DKEBR,1,Month-to-month,Fiber optic,69.6,69.6,Electronic check,Yes,73.22,High Risk
9705-IOVQQ,61,One year,Fiber optic,99.0,5969.3,Electronic check,No,20.16,Low Risk
1015-OWJKI,1,Month-to-month,No,19.05,19.05,Mailed check,No,19.66,Low Risk
7511-YMXVQ,9,Month-to-month,DSL,45.4,418.8,Electronic check,Yes,68.01,Medium Risk
2040-XBAVJ,72,Two year,Fiber optic,114.45,8100.55,Bank transfer (automatic),No,3.01,Low Risk
7551-JOHTI,1,Month-to-month,No,19.5,19.5,Mailed check,Yes,19.19,Low Risk
8887-IPQNC,7,Month-to-month,DSL,44.25,313.45,Mailed check,No,38.62,Low Risk
8646-JCOMS,66,One year,Fiber optic,90.55,6130.95,Bank transfer (automatic),No,8.05,Low Risk
9804-ICWBG,1,Month-to-month,Fiber optic,69.9,69.9,Electronic check,Yes,70.62,High Risk
1222-KJNZD,40,Month-to-month,No,20.4,745.3,Bank transfer (automatic),No,4.05,Low Risk
0106-GHRQR,16,Month-to-month,DSL,71.4,1212.1,Bank transfer (automatic),No,36.79,Low Risk
5318-IXUZF,2,Month-to-month,Fiber optic,87.15,183.75,Bank transfer (automatic),Yes,60.87,Medium Risk
3768-VHXQO,67,Two year,No,24.85,1583.5,Credit card (automatic),No,0.37,Low Risk
8952-WCVCD,41,One year,Fiber optic,104.45,4162.05,Bank transfer (automatic),No,18.34,Low Risk
2418-TPEUN,56,Two year,No,19.8,1119.9,Credit card (automatic),No,0.5,Low Risk
3963-RYFNS,72,Two year,Fiber optic,116.45,8013.55,Bank transfer (automatic),No,4.84,Low Risk
3198-VELRD,3,Month-to-month,Fiber optic,84.75,264.85,Bank transfer (automatic),Yes,67.29,Medium Risk
8540-ZQGEA,54,Two year,No,20.05,1102.4,Credit card (automatic),No,0.47,Low Risk
1320-REHCS,52,Month-to-month,Fiber optic,110.75,5832.0,Electronic check,No,47.0,Medium Risk
4137-JOPHL,50,Two year,Fiber optic,89.7,4304.5,Bank transfer (automatic),No,6.97,Low Risk
9436-ZBZCT,14,Month-to-month,Fiber optic,89.95,1178.4,Electronic check,Yes,64.58,Medium Risk
7801-CEDNV,27,One year,DSL,48.7,1421.75,Credit card (automatic),No,5.75,Low Risk
2057-BOYKM,72,Two year,Fiber optic,96.6,6827.5,Bank transfer (automatic),No,2.83,Low Risk
3658-QQJYD,62,One year,DSL,74.3,4698.05,Credit card (automatic),No,3.85,Low Risk
1803-BGNBD,12,Month-to-month,DSL,54.3,654.5,Electronic check,No,28.79,Low Risk
0134-XWXCE,44,One year,DSL,74.85,3268.05,Bank transfer (automatic),No,6.44,Low Risk
6950-TWMYB,54,Two year,Fiber optic,79.95,4362.05,Bank transfer (automatic),No,3.46,Low Risk
5848-FHRFC,68,Two year,No,20.05,1386.9,Bank transfer (automatic),No,0.25,Low Risk
2243-FNMMI,20,Month-to-month,No,19.4,415.4,Mailed check,No,9.16,Low Risk
2511-MORQY,50,One year,DSL,54.9,2614.1,Bank transfer (automatic),No,3.77,Low Risk
5356-KZCKT,58,Two year,No,24.45,1513.6,Credit card (automatic),No,0.83,Low Risk
9470-XCCEM,35,Month-to-month,Fiber optic,89.65,3161.6,Bank transfer (automatic),No,40.32,Medium Risk
6519-CFDBX,2,Month-to-month,DSL,45.4,80.95,Electronic check,No,50.12,Medium Risk
3902-MIVLE,63,Two year,DSL,75.7,4676.7,Mailed check,No,1.0,Low Risk
0409-WTMPL,58,One year,Fiber optic,110.65,6526.65,Credit card (automatic),No,17.17,Low Risk
8763-KIAFH,27,One year,No,20.55,583.3,Mailed check,No,3.95,Low Risk
3669-WHAFY,71,Two year,Fiber optic,115.15,8078.1,Credit card (automatic),No,5.24,Low Risk
3055-VTCGS,63,One year,DSL,58.55,3503.5,Credit card (automatic),No,2.7,Low Risk
3144-KMTWZ,71,Month-to-month,Fiber optic,93.25,6669.45,Bank transfer (automatic),No,23.18,Low Risk
7279-BUYWN,41,Month-to-month,Fiber optic,113.2,4689.5,Electronic check,Yes,51.37,Medium Risk
7156-MHUGY,13,Month-to-month,Fiber optic,90.5,1201.15,Electronic check,Yes,75.04,High Risk
7198-GLXTC,2,Month-to-month,Fiber optic,79.0,143.65,Electronic check,Yes,66.99,Medium Risk
2007-QVGAW,68,Two year,No,19.35,1292.65,Bank transfer (automatic),No,0.29,Low Risk
5207-PLSTK,1,Month-to-month,DSL,48.75,48.75,Mailed check,No,30.27,Low Risk
2307-FYNNL,65,Two year,Fiber optic,109.05,7108.2,Electronic check,No,11.33,Low Risk
5605-XNWEN,72,Two year,No,25.0,1802.55,Bank transfer (automatic),No,0.52,Low Risk
2155-AMQRX,28,Month-to-month,DSL,54.9,1505.15,Credit card (automatic),No,18.5,Low Risk
6181-AXXYF,72,Two year,No,24.75,1859.1,Credit card (automatic),No,0.25,Low Risk
5091-HFAZW,2,Month-to-month,Fiber optic,91.15,168.5,Electronic check,No,60.27,Medium Risk
0516-VRYBW,18,One year,No,20.15,390.85,Bank transfer (automatic),Yes,3.79,Low Risk
2519-LBNQL,60,One year,Fiber optic,104.35,6339.45,Electronic check,No,33.39,Low Risk
8623-ULFNQ,26,Month-to-month,DSL,66.05,1652.4,Electronic check,No,35.62,Low Risk
8380-PEFPE,1,Month-to-month,Fiber optic,71.65,71.65,Electronic check,Yes,65.03,Medium Risk
5687-DKDTV,4,Month-to-month,No,20.35,77.5,Mailed check,Yes,16.87,Low Risk
1568-LJSZU,68,Two year,DSL,92.2,6392.85,Credit card (automatic),No,1.52,Low Risk
7530-HDYDS,38,Month-to-month,Fiber optic,84.25,3264.5,Credit card (automatic),Yes,21.73,Low Risk
7789-HKSBS,42,One year,Fiber optic,105.2,4599.15,Bank transfer (automatic),No,30.01,Low Risk
7416-CKTEP,57,Two year,No,19.6,1134.25,Bank transfer (automatic),No,0.61,Low Risk
2586-CWXVV,54,Month-to-month,DSL,30.4,1621.35,Electronic check,No,9.65,Low Risk
3096-IZETN,12,Month-to-month,Fiber optic,78.1,947.3,Bank transfer (automatic),Yes,49.95,Medium Risk
2348-KCJLT,44,One year,DSL,61.5,2722.2,Mailed check,No,3.98,Low Risk
8401-EMUWF,42,Month-to-month,DSL,69.4,3058.3,Bank transfer (automatic),No,12.06,Low Risk
4193-IBKSW,72,Two year,No,24.75,1769.6,Bank transfer (automatic),No,0.25,Low Risk
5377-NDTOU,71,Two year,DSL,91.05,6293.75,Mailed check,No,0.98,Low Risk
5922-ABDVO,19,Month-to-month,Fiber optic,89.65,1761.05,Mailed check,Yes,53.52,Medium Risk
2474-LCNUE,23,Month-to-month,DSL,73.65,1642.75,Credit card (automatic),No,32.94,Low Risk
0839-QNXME,30,Two year,No,19.4,578.5,Credit card (automatic),No,1.41,Low Risk
3506-OVLKD,35,One year,No,26.2,954.9,Bank transfer (automatic),No,3.04,Low Risk
9172-ANCRX,10,Month-to-month,Fiber optic,98.7,973.25,Electronic check,Yes,71.71,High Risk
6650-VJONK,1,Month-to-month,DSL,43.85,43.85,Bank transfer (automatic),No,42.94,Medium Risk
2178-PMGCJ,22,Month-to-month,Fiber optic,69.7,1490.4,Mailed check,No,45.77,Medium Risk
7492-TAFJD,7,Two year,DSL,38.55,280.0,Mailed check,No,7.82,Low Risk
2773-MADBQ,36,Two year,DSL,53.1,1901.25,Mailed check,No,4.05,Low Risk
6016-LVTJQ,34,Month-to-month,No,20.65,716.4,Mailed check,No,3.96,Low Risk
7860-KSUGX,72,Two year,DSL,64.45,4720.0,Credit card (automatic),No,0.58,Low Risk
8966-KZXXA,36,Two year,No,25.1,930.95,Credit card (automatic),No,1.23,Low Risk
6910-HADCM,1,Month-to-month,Fiber optic,76.35,76.35,Electronic check,Yes,60.27,Medium Risk
4816-LXZYW,23,Month-to-month,Fiber optic,79.15,1676.95,Electronic check,Yes,55.68,Medium Risk
9606-PBKBQ,32,Month-to-month,Fiber optic,85.0,2642.05,Electronic check,Yes,63.74,Medium Risk
5149-QYTTU,71,One year,Fiber optic,95.15,6770.85,Credit card (automatic),No,3.88,Low Risk
2070-XYMFH,23,Month-to-month,Fiber optic,79.35,1835.3,Mailed check,No,55.87,Medium Risk
2085-BOJKI,17,One year,Fiber optic,96.65,1588.25,Bank transfer (automatic),No,42.86,Medium Risk
0817-HSUSE,1,Month-to-month,DSL,75.5,75.5,Electronic check,No,52.45,Medium Risk
5442-PPTJY,12,Two year,No,19.7,258.35,Mailed check,No,2.96,Low Risk
1927-QEWMY,72,Two year,No,20.5,1502.25,Credit card (automatic),No,0.21,Low Risk
1663-MHLHE,1,Month-to-month,No,19.2,19.2,Mailed check,No,19.62,Low Risk
5663-QBGIS,72,Two year,Fiber optic,98.35,6929.4,Bank transfer (automatic),No,7.46,Low Risk
4450-MDZFX,60,Month-to-month,Fiber optic,74.35,4453.3,Bank transfer (automatic),No,14.51,Low Risk
6701-DHKWQ,61,Two year,DSL,51.35,3244.4,Credit card (automatic),No,1.16,Low Risk
7554-AKDQF,6,Month-to-month,DSL,45.65,323.45,Mailed check,No,30.81,Low Risk
3536-IQCTX,32,Month-to-month,Fiber optic,85.3,2661.1,Electronic check,Yes,54.75,Medium Risk
4911-BANWH,31,Month-to-month,Fiber optic,86.55,2697.4,Credit card (automatic),Yes,44.42,Medium Risk
8496-EJAUI,19,Month-to-month,Fiber optic,73.85,1424.5,Credit card (automatic),Yes,42.63,Medium Risk
0794-YVSGE,72,Two year,No,20.3,1401.15,Bank transfer (automatic),No,0.17,Low Risk
5423-BHIXO,32,Month-to-month,DSL,54.2,1739.6,Electronic check,No,26.69,Low Risk
6908-VVYHM,65,Month-to-month,Fiber optic,90.65,5931.0,Electronic check,No,33.44,Low Risk
2959-EEXWB,45,Month-to-month,DSL,50.9,2333.85,Bank transfer (automatic),No,15.7,Low Risk
1839-UMACK,42,One year,No,25.05,949.85,Electronic check,No,3.18,Low Risk
3030-YDNRM,8,Month-to-month,Fiber optic,74.85,572.45,Electronic check,No,71.58,High Risk
7321-KKSDU,32,Two year,No,20.5,696.8,Mailed check,No,1.16,Low Risk
3402-XRIUO,22,Month-to-month,DSL,63.55,1381.8,Mailed check,No,18.0,Low Risk
3132-TVFDZ,57,Month-to-month,DSL,44.85,2572.95,Electronic check,Yes,26.49,Low Risk
8286-AFUYI,1,Month-to-month,DSL,47.95,47.95,Electronic check,No,33.65,Low Risk
8080-DDEMJ,1,Month-to-month,DSL,45.1,45.1,Electronic check,Yes,46.21,Medium Risk
8356-WUAOJ,1,Month-to-month,DSL,45.0,45.0,Electronic check,No,51.89,Medium Risk
6365-MTGZX,24,Month-to-month,Fiber optic,96.0,2122.45,Electronic check,Yes,55.58,Medium Risk
1349-WXNGG,1,Month-to-month,No,20.05,20.05,Bank transfer (automatic),Yes,18.23,Low Risk
8058-DMYRU,54,Month-to-month,Fiber optic,90.05,4931.8,Electronic check,No,44.42,Medium Risk
9350-ZXYJC,4,Two year,No,25.3,116.95,Credit card (automatic),No,8.41,Low Risk
6990-YNRIO,65,Two year,Fiber optic,108.65,6937.95,Bank transfer (automatic),Yes,3.95,Low Risk
8958-JPTRR,56,One year,No,24.3,1261.7,Electronic check,No,1.72,Low Risk
6959-GQEGV,45,Month-to-month,DSL,75.95,3273.8,Electronic check,No,18.85,Low Risk
3173-WSSUE,71,Two year,No,19.7,1415.85,Credit card (automatic),No,0.17,Low Risk
1265-HVPZB,59,One year,DSL,66.4,3958.2,Credit card (automatic),No,2.2,Low Risk
4115-UMJFQ,69,One year,DSL,35.75,2492.25,Bank transfer (automatic),No,2.71,Low Risk
7369-TRPFD,19,One year,No,18.8,279.2,Mailed check,No,4.9,Low Risk
1098-KFQEC,55,Two year,No,19.4,1083.0,Credit card (automatic),No,0.36,Low Risk
7190-XHTWJ,38,One year,No,19.3,755.5,Mailed check,No,2.07,Low Risk
0621-TWIEM,10,Month-to-month,DSL,45.55,402.6,Electronic check,Yes,42.31,Medium Risk
3537-RYBHH,47,Month-to-month,DSL,67.45,3252.0,Credit card (automatic),No,9.99,Low Risk
2485-ITVKB,2,Month-to-month,DSL,35.1,68.75,Electronic check,Yes,69.33,Medium Risk
3669-OYSJI,1,Month-to-month,DSL,46.2,46.2,Credit card (automatic),Yes,32.52,Low Risk
1612-EOHDH,1,Month-to-month,DSL,45.15,45.15,Electronic check,Yes,42.08,Medium Risk
6702-OHFWR,1,Month-to-month,DSL,43.3,43.3,Electronic check,Yes,69.48,Medium Risk
5296-BFCYD,46,Two year,No,20.1,936.85,Mailed check,No,0.9,Low Risk
4510-PYUSH,38,Month-to-month,DSL,57.15,2250.65,Credit card (automatic),Yes,9.67,Low Risk
9359-JANWS,65,Two year,DSL,58.9,3857.1,Credit card (automatic),No,0.51,Low Risk
7517-SAWMO,19,Month-to-month,Fiber optic,73.2,1441.1,Electronic check,Yes,47.13,Medium Risk
4143-HHPMK,52,Month-to-month,Fiber optic,85.35,4338.6,Electronic check,Yes,33.23,Low Risk
3279-DYZQM,71,Two year,No,19.45,1378.45,Mailed check,No,0.19,Low Risk
7054-LGEQW,1,Month-to-month,DSL,45.95,45.95,Mailed check,Yes,34.42,Low Risk
0523-VNGTF,52,Month-to-month,DSL,50.5,2566.3,Electronic check,No,16.3,Low Risk
9575-IWCAZ,6,One year,No,25.1,171.0,Mailed check,No,11.45,Low Risk
7105-MXJLL,26,One year,DSL,60.7,1597.4,Mailed check,No,12.86,Low Risk
7064-FRRSW,48,One year,Fiber optic,99.0,4744.35,Electronic check,No,39.52,Low Risk
7940-UQQUG,64,One year,Fiber optic,104.4,6721.6,Bank transfer (automatic),No,10.33,Low Risk
0923-PNFUB,3,Month-to-month,Fiber optic,83.75,247.25,Electronic check,Yes,61.89,Medium Risk
3961-SXAXY,1,Month-to-month,DSL,44.05,44.05,Bank transfer (automatic),No,42.84,Medium Risk
7010-BRBUU,72,Two year,No,24.1,1734.65,Credit card (automatic),No,0.24,Low Risk
3566-HJGPK,1,Month-to-month,DSL,45.55,45.55,Mailed check,No,43.95,Medium Risk
3062-ICYZQ,51,Month-to-month,Fiber optic,93.8,4539.35,Electronic check,No,28.25,Low Risk
9938-PRCVK,41,Two year,No,19.7,804.25,Bank transfer (automatic),No,0.71,Low Risk
0973-KYVNF,72,Two year,DSL,70.65,5011.15,Credit card (automatic),No,0.8,Low Risk
5129-HHMZC,43,Two year,DSL,86.45,3574.5,Credit card (automatic),No,2.48,Low Risk
9637-CDTKZ,72,Two year,Fiber optic,114.1,8086.4,Credit card (automatic),No,5.2,Low Risk
3946-JEWRQ,47,One year,Fiber optic,95.2,4563.0,Credit card (automatic),No,31.06,Low Risk
7873-CVMAW,72,Two year,DSL,88.55,6362.35,Credit card (automatic),No,1.12,Low Risk
0463-WZZKO,3,Month-to-month,No,20.75,67.1,Credit card (automatic),No,22.06,Low Risk
3494-JCHRQ,1,Month-to-month,Fiber optic,70.05,70.05,Electronic check,Yes,70.56,High Risk
6474-FVJLC,2,Month-to-month,Fiber optic,86.0,165.45,Electronic check,Yes,79.12,High Risk
4524-QCSSM,26,Month-to-month,DSL,44.65,1156.55,Bank transfer (automatic),No,24.31,Low Risk
5832-EXGTT,29,Month-to-month,DSL,60.2,1834.15,Mailed check,No,16.03,Low Risk
8840-DQLGN,35,Month-to-month,Fiber optic,100.5,3653.35,Bank transfer (automatic),Yes,32.11,Low Risk
2039-JONDJ,27,One year,DSL,55.45,1477.65,Bank transfer (automatic),No,4.79,Low Risk
7217-JYHOQ,24,Month-to-month,DSL,70.3,1706.45,Credit card (automatic),No,11.01,Low Risk
6695-FRVEC,67,Two year,DSL,60.4,3953.7,Bank transfer (automatic),No,0.56,Low Risk
4547-LYTDD,16,Month-to-month,Fiber optic,72.65,1194.3,Electronic check,Yes,57.69,Medium Risk
9894-QMIMJ,23,One year,DSL,55.8,1327.85,Bank transfer (automatic),No,7.85,Low Risk
8069-YQQAJ,14,Month-to-month,DSL,31.1,419.7,Mailed check,No,39.08,Low Risk
6770-XUAGN,1,Month-to-month,No,21.0,21.0,Electronic check,Yes,27.14,Low Risk
4193-ORFCL,1,Month-to-month,DSL,45.1,45.1,Mailed check,Yes,38.14,Low Risk
1636-NTNCO,4,Month-to-month,DSL,50.95,207.35,Credit card (automatic),No,62.3,Medium Risk
3466-WAESX,16,Month-to-month,DSL,69.1,1083.7,Electronic check,No,32.08,Low Risk
9281-PKKZE,46,Month-to-month,DSL,43.95,2007.85,Electronic check,No,32.32,Low Risk
3638-VBZTA,68,Two year,DSL,86.5,5882.75,Bank transfer (automatic),No,1.43,Low Risk
7459-IMVYU,38,Month-to-month,DSL,69.95,2657.55,Electronic check,No,9.05,Low Risk
7776-QWNFX,30,Month-to-month,DSL,50.4,1527.5,Bank transfer (automatic),Yes,18.77,Low Risk
6689-TCZHQ,5,Month-to-month,Fiber optic,78.95,378.4,Electronic check,Yes,67.57,Medium Risk
8563-OYMQY,17,Month-to-month,Fiber optic,90.95,1612.2,Credit card (automatic),No,49.72,Medium Risk
0754-EEBDC,4,Two year,No,19.9,76.65,Mailed check,No,4.21,Low Risk
5777-ZPQNC,12,One year,No,20.15,260.7,Electronic check,No,8.7,Low Risk
1951-IEYXM,72,Two year,DSL,90.6,6441.85,Credit card (automatic),No,1.3,Low Risk
3318-NMQXL,3,Month-to-month,Fiber optic,92.0,266.8,Electronic check,No,77.18,High Risk
3143-ILDAL,56,Month-to-month,Fiber optic,94.45,5124.6,Electronic check,Yes,31.22,Low Risk
1022-RKXDR,41,One year,No,24.85,962.25,Mailed check,No,3.5,Low Risk
2361-FJWNO,40,One year,DSL,36.0,1382.9,Credit card (automatic),No,4.31,Low Risk
2272-UOINI,7,Month-to-month,DSL,78.5,571.05,Electronic check,No,34.53,Low Risk
8232-UTFOZ,69,Two year,No,19.95,1399.35,Credit card (automatic),No,0.24,Low Risk
3750-YHRYO,7,One year,No,20.65,150.0,Mailed check,No,6.78,Low Risk
6637-KYRCV,5,Month-to-month,DSL,30.5,167.2,Electronic check,No,51.38,Medium Risk
5668-MEISB,72,Two year,Fiber optic,106.1,7657.4,Credit card (automatic),No,2.03,Low Risk
0129-QMPDR,44,One year,No,20.5,865.05,Bank transfer (automatic),No,1.72,Low Risk
7188-CBBBA,65,One year,Fiber optic,95.5,6153.85,Electronic check,No,19.48,Low Risk
5356-CSVSQ,3,Month-to-month,DSL,64.6,174.2,Electronic check,No,43.75,Medium Risk
3221-CJMSG,24,Month-to-month,DSL,51.1,1269.6,Credit card (automatic),No,16.5,Low Risk
4720-VSTSI,44,Month-to-month,Fiber optic,84.8,3862.55,Bank transfer (automatic),Yes,31.67,Low Risk
3219-JQRSL,72,Two year,DSL,89.1,6352.4,Credit card (automatic),No,1.27,Low Risk
2801-NISEI,24,Month-to-month,DSL,54.95,1348.5,Electronic check,No,12.29,Low Risk
3946-MHCZW,1,Month-to-month,DSL,50.9,50.9,Mailed check,Yes,34.06,Low Risk
4623-ZKHLY,22,Month-to-month,No,20.45,471.55,Bank transfer (automatic),No,11.05,Low Risk
6732-VAILE,70,Two year,DSL,85.95,5931.75,Credit card (automatic),No,1.92,Low Risk
8201-AAXCB,25,Month-to-month,DSL,60.35,1404.65,Electronic check,No,28.75,Low Risk
7696-CFTAT,37,Two year,No,19.8,726.1,Bank transfer (automatic),No,0.87,Low Risk
1845-CSBRZ,22,Month-to-month,Fiber optic,85.35,1961.6,Bank transfer (automatic),No,47.7,Medium Risk
2123-VSCOT,59,Two year,DSL,72.1,4194.85,Bank transfer (automatic),No,2.12,Low Risk
6651-AZVTJ,49,Month-to-month,Fiber optic,99.8,4872.45,Electronic check,Yes,50.87,Medium Risk
4566-GOLUK,47,Month-to-month,Fiber optic,107.35,5118.95,Bank transfer (automatic),Yes,35.1,Low Risk
2484-DGXPZ,31,Month-to-month,No,19.55,658.95,Mailed check,Yes,6.57,Low Risk
2018-QKYGT,1,Month-to-month,Fiber optic,81.05,81.05,Electronic check,No,70.57,High Risk
2792-VPPET,3,Month-to-month,No,20.5,76.95,Electronic check,No,30.09,Low Risk
7409-JURKQ,53,One year,Fiber optic,111.8,5809.75,Bank transfer (automatic),No,19.29,Low Risk
3247-MHJKM,1,Month-to-month,No,20.2,20.2,Mailed check,No,19.31,Low Risk
1964-SVLEA,20,One year,No,19.7,415.9,Mailed check,No,6.71,Low Risk
4587-NUKOX,3,Month-to-month,Fiber optic,79.1,246.5,Electronic check,Yes,55.11,Medium Risk
7297-DVYGA,51,One year,No,19.85,996.95,Bank transfer (automatic),No,1.51,Low Risk
2239-CGBUZ,51,One year,DSL,60.5,3145.15,Bank transfer (automatic),No,2.12,Low Risk
0854-UYHZD,13,Two year,No,19.55,265.3,Mailed check,No,2.77,Low Risk
7243-LCGGZ,1,Month-to-month,No,20.9,20.9,Mailed check,No,18.77,Low Risk
8267-KFGYD,1,Month-to-month,No,21.05,21.05,Mailed check,No,21.47,Low Risk
4890-VMUAV,63,One year,DSL,71.5,4576.3,Electronic check,No,2.04,Low Risk
9261-WDCAF,3,Month-to-month,DSL,54.65,189.1,Mailed check,No,39.03,Low Risk
3764-MNMOI,46,Two year,No,19.2,908.15,Credit card (automatic),No,0.69,Low Risk
7442-YGZFK,1,Month-to-month,DSL,49.8,49.8,Credit card (automatic),No,48.9,Medium Risk
0420-BWTPW,8,Month-to-month,DSL,25.5,215.2,Mailed check,Yes,35.71,Low Risk
8229-BUJHX,71,Two year,No,20.5,1500.95,Bank transfer (automatic),No,0.18,Low Risk
7449-HVPIV,55,Month-to-month,Fiber optic,90.4,5099.15,Credit card (automatic),No,29.67,Low Risk
5504-WSIUR,70,One year,Fiber optic,90.25,6385.95,Bank transfer (automatic),No,6.95,Low Risk
8183-ONMXC,2,Month-to-month,Fiber optic,80.75,159.45,Electronic check,Yes,65.85,Medium Risk
8466-PZBLH,67,Two year,Fiber optic,104.6,6885.75,Bank transfer (automatic),No,3.61,Low Risk
9614-RMGHA,65,Month-to-month,Fiber optic,91.85,5940.85,Bank transfer (automatic),Yes,25.08,Low Risk
8735-IJJEG,14,Month-to-month,DSL,50.2,668.85,Credit card (automatic),No,22.29,Low Risk
0564-MUUQK,20,Month-to-month,Fiber optic,95.5,1916.2,Bank transfer (automatic),No,45.25,Medium Risk
5054-IEXZT,1,Month-to-month,Fiber optic,75.35,75.35,Electronic check,Yes,61.48,Medium Risk
5834-ASPWA,1,Month-to-month,Fiber optic,75.45,75.45,Electronic check,Yes,76.01,High Risk
0701-RFGFI,49,Month-to-month,Fiber optic,95.4,4613.95,Bank transfer (automatic),No,40.04,Medium Risk
0019-EFAEP,72,Two year,Fiber optic,101.3,7261.25,Bank transfer (automatic),No,4.75,Low Risk
5619-PTMIK,46,Month-to-month,DSL,53.1,2459.8,Electronic check,No,10.59,Low Risk
3737-XBQDD,24,Month-to-month,Fiber optic,84.85,2048.8,Bank transfer (automatic),No,46.22,Medium Risk
5882-CMAZQ,5,Month-to-month,DSL,34.25,163.55,Electronic check,No,33.88,Low Risk
5846-QFDFI,33,Month-to-month,Fiber optic,88.6,2888.7,Credit card (automatic),No,19.95,Low Risk
4445-KWOKW,42,One year,DSL,60.15,2421.6,Bank transfer (automatic),No,5.25,Low Risk
3511-APPBJ,23,One year,Fiber optic,99.95,2292.75,Credit card (automatic),No,29.54,Low Risk
7967-HYCDE,8,Month-to-month,Fiber optic,70.7,553.4,Bank transfer (automatic),No,46.52,Medium Risk
2430-RRYUW,66,One year,DSL,54.8,3465.7,Mailed check,No,1.7,Low Risk
3948-XHGNA,24,Month-to-month,DSL,49.55,1210.4,Bank transfer (automatic),Yes,16.43,Low Risk
3723-BFBGR,24,Month-to-month,DSL,54.8,1291.3,Credit card (automatic),No,20.82,Low Risk
0565-IYCGT,69,One year,DSL,78.6,5356.45,Credit card (automatic),Yes,2.28,Low Risk
5447-WZAFP,53,One year,Fiber optic,100.3,5200.8,Mailed check,No,19.76,Low Risk
5110-CHOPY,60,Two year,DSL,53.6,3237.05,Electronic check,No,3.3,Low Risk
5445-UTODQ,7,Month-to-month,Fiber optic,81.1,576.65,Electronic check,Yes,70.74,High Risk
4425-OWHWB,20,One year,No,19.35,433.75,Credit card (automatic),No,6.04,Low Risk
7892-QVYKW,23,Month-to-month,Fiber optic,85.6,1868.4,Electronic check,No,51.75,Medium Risk
9675-ICXCT,72,Two year,DSL,80.8,5728.55,Electronic check,No,1.48,Low Risk
1024-VRZHF,11,Month-to-month,Fiber optic,74.95,825.7,Electronic check,Yes,70.01,High Risk
4703-MQYKT,21,Two year,No,19.6,390.4,Mailed check,No,2.38,Low Risk
9497-QCMMS,1,Month-to-month,Fiber optic,93.55,93.55,Electronic check,Yes,85.55,High Risk
5692-ICXLW,31,Month-to-month,Fiber optic,90.7,2845.15,Electronic check,No,61.03,Medium Risk
0602-DDUML,57,Two year,DSL,69.75,3894.4,Mailed check,No,1.32,Low Risk
2208-MPXIO,45,Two year,No,20.0,886.4,Bank transfer (automatic),No,0.85,Low Risk
1960-UYCNN,10,Month-to-month,Fiber optic,95.25,1021.55,Electronic check,No,71.5,High Risk
0348-SDKOL,58,Month-to-month,Fiber optic,102.1,5885.4,Credit card (automatic),Yes,32.7,Low Risk
3190-FZATL,14,Month-to-month,No,19.95,268.4,Mailed check,No,9.5,Low Risk
7336-RLLRH,27,One year,DSL,80.85,2204.35,Mailed check,No,9.94,Low Risk
4373-MAVJG,14,Month-to-month,Fiber optic,90.9,1259.0,Bank transfer (automatic),Yes,54.73,Medium Risk
8901-HJXTF,12,Month-to-month,DSL,29.2,309.1,Mailed check,Yes,28.38,Low Risk
7710-JSYOA,69,Two year,Fiber optic,93.3,6398.05,Bank transfer (automatic),No,4.31,Low Risk
5419-KLXBN,25,Month-to-month,Fiber optic,89.15,2257.75,Bank transfer (automatic),Yes,39.41,Low Risk
3424-NMNBO,58,One year,Fiber optic,108.85,6287.25,Electronic check,Yes,26.58,Low Risk
9885-MFVSU,35,Two year,DSL,46.35,1662.05,Credit card (automatic),No,3.49,Low Risk
4514-GFCFI,16,Month-to-month,Fiber optic,84.75,1350.15,Electronic check,Yes,73.9,High Risk
0607-MVMGC,45,One year,DSL,78.75,3600.65,Credit card (automatic),No,7.6,Low Risk
3365-SAIGS,17,Month-to-month,Fiber optic,83.55,1329.15,Electronic check,No,59.83,Medium Risk
9828-AOQLM,1,Month-to-month,DSL,45.7,45.7,Electronic check,Yes,46.0,Medium Risk
8022-BECSI,22,One year,No,19.6,422.5,Mailed check,No,4.3,Low Risk
8000-REIQB,1,Month-to-month,Fiber optic,69.95,69.95,Electronic check,Yes,73.08,High Risk
9993-LHIEB,67,Two year,DSL,67.85,4627.65,Mailed check,No,0.64,Low Risk
0266-CLZKZ,67,Two year,Fiber optic,105.65,6717.9,Bank transfer (automatic),No,6.85,Low Risk
7615-ESMYF,2,Month-to-month,DSL,44.6,97.1,Electronic check,Yes,66.35,Medium Risk
3858-VOBET,23,Month-to-month,Fiber optic,74.95,1710.45,Electronic check,Yes,60.39,Medium Risk
7020-OZKXZ,9,Month-to-month,Fiber optic,75.5,637.4,Credit card (automatic),No,47.21,Medium Risk
3977-QCRSL,5,Month-to-month,No,20.15,117.95,Mailed check,No,16.35,Low Risk
0017-DINOC,54,Two year,DSL,45.2,2460.55,Credit card (automatic),No,1.44,Low Risk
1447-PJGGA,57,Two year,Fiber optic,95.25,5464.65,Electronic check,Yes,15.33,Low Risk
8565-CLBZW,24,Month-to-month,Fiber optic,89.85,2165.05,Mailed check,Yes,58.63,Medium Risk
9139-WQQDY,49,One year,Fiber optic,100.45,4941.8,Mailed check,Yes,18.11,Low Risk
0224-HJAPT,5,Month-to-month,DSL,47.15,223.15,Electronic check,Yes,47.11,Medium Risk
8086-OVPWV,2,Month-to-month,Fiber optic,80.2,181.1,Electronic check,Yes,74.38,High Risk
9430-FRQOC,4,Month-to-month,Fiber optic,87.1,341.45,Mailed check,Yes,51.51,Medium Risk
7639-OPLNG,70,Two year,DSL,79.25,5731.85,Bank transfer (automatic),No,1.03,Low Risk
3074-GQWYX,5,Month-to-month,Fiber optic,75.9,357.75,Bank transfer (automatic),Yes,65.07,Medium Risk
1492-QGCLU,53,Month-to-month,DSL,85.7,4616.1,Electronic check,No,9.86,Low Risk
6845-RGTYS,47,Month-to-month,Fiber optic,98.75,4533.7,Electronic check,Yes,36.68,Low Risk
7328-OWMOM,31,One year,No,20.1,589.25,Credit card (automatic),No,2.02,Low Risk
4418-LZMSV,13,Month-to-month,DSL,61.8,750.1,Bank transfer (automatic),No,12.35,Low Risk
5155-AZQPB,28,Month-to-month,DSL,49.9,1410.25,Mailed check,No,16.78,Low Risk
8861-HGGKB,10,Month-to-month,Fiber optic,86.45,830.85,Electronic check,Yes,66.31,Medium Risk
1087-GRUYI,38,Two year,No,20.4,743.5,Bank transfer (automatic),No,1.02,Low Risk
7065-YUNRY,1,Month-to-month,DSL,45.3,45.3,Mailed check,Yes,43.53,Medium Risk
7694-VLBWQ,67,One year,Fiber optic,104.1,7040.85,Electronic check,Yes,19.85,Low Risk
2546-KZAAT,52,One year,DSL,75.4,3865.45,Mailed check,No,5.72,Low Risk
0181-RITDD,62,Two year,Fiber optic,108.15,6825.65,Mailed check,No,3.09,Low Risk
5989-PGKJB,16,Month-to-month,Fiber optic,86.25,1340.1,Electronic check,No,59.87,Medium Risk
4795-KTRTH,5,Month-to-month,Fiber optic,81.0,371.65,Electronic check,Yes,72.53,High Risk
8272-ONJLV,12,One year,Fiber optic,95.7,1184.0,Electronic check,No,47.1,Medium Risk
1488-PBLJN,72,Two year,Fiber optic,116.85,8477.7,Bank transfer (automatic),No,4.39,Low Risk
0308-GIQJT,71,One year,Fiber optic,105.75,7382.85,Bank transfer (automatic),No,10.45,Low Risk
3778-FOAQW,24,One year,No,20.15,456.85,Mailed check,No,3.88,Low Risk
4452-ROHMO,15,Two year,No,19.6,331.6,Mailed check,No,3.1,Low Risk
6481-OGDOO,67,One year,Fiber optic,90.6,6056.15,Credit card (automatic),Yes,7.0,Low Risk
3090-LETTY,2,Month-to-month,DSL,60.95,134.6,Bank transfer (automatic),No,21.95,Low Risk
5349-AZPEW,5,Month-to-month,DSL,25.05,125.5,Mailed check,No,38.99,Low Risk
3753-TSEMP,15,Month-to-month,Fiber optic,88.15,1390.6,Electronic check,Yes,63.9,Medium Risk
8305-VHZBZ,1,Month-to-month,No,20.2,20.2,Mailed check,Yes,25.77,Low Risk
9720-JJJOR,41,One year,DSL,60.3,2511.3,Bank transfer (automatic),No,3.45,Low Risk
8100-HZZLJ,43,Month-to-month,DSL,63.95,2737.05,Electronic check,No,11.43,Low Risk
8775-ERLNB,1,Month-to-month,Fiber optic,74.3,74.3,Electronic check,No,72.48,High Risk
8309-IEYJD,1,Month-to-month,Fiber optic,70.6,70.6,Mailed check,No,66.29,Medium Risk
9172-JITSM,26,Month-to-month,Fiber optic,90.8,2361.8,Electronic check,Yes,58.27,Medium Risk
6298-QDFNH,22,Month-to-month,Fiber optic,79.35,1730.35,Electronic check,Yes,57.68,Medium Risk
7398-HPYZQ,71,Two year,DSL,90.55,6404.0,Bank transfer (automatic),No,1.2,Low Risk
3546-GHEAE,7,Two year,No,19.45,165.35,Mailed check,No,4.53,Low Risk
7361-YPXFS,28,Month-to-month,DSL,64.45,1867.6,Bank transfer (automatic),No,14.1,Low Risk
6557-BZXLQ,16,Month-to-month,Fiber optic,69.65,1043.3,Electronic check,No,52.89,Medium Risk
2550-QHZGP,7,One year,No,19.5,128.6,Mailed check,No,8.31,Low Risk
7519-JTWQH,69,Two year,Fiber optic,110.5,7455.45,Bank transfer (automatic),No,7.49,Low Risk
2538-OIMXF,1,Month-to-month,DSL,24.7,24.7,Mailed check,No,43.04,Medium Risk
8543-MSDMF,3,Month-to-month,DSL,77.4,206.15,Electronic check,No,48.49,Medium Risk
9961-JBNMK,21,Month-to-month,Fiber optic,96.8,2030.3,Bank transfer (automatic),Yes,60.75,Medium Risk
1170-SASML,69,Month-to-month,Fiber optic,85.4,5869.4,Bank transfer (automatic),No,17.25,Low Risk
4872-JCVCA,71,Two year,DSL,47.6,3377.8,Bank transfer (automatic),No,0.69,Low Risk
5346-BZCHP,69,Two year,No,19.4,1346.2,Mailed check,No,0.21,Low Risk
2038-LLMLM,48,Month-to-month,Fiber optic,103.85,4946.05,Electronic check,No,48.17,Medium Risk
6173-ITPWD,47,Month-to-month,Fiber optic,83.35,4065.0,Bank transfer (automatic),Yes,30.91,Low Risk
9734-UYXQI,2,Month-to-month,DSL,49.4,106.55,Electronic check,Yes,57.85,Medium Risk
1216-BGTSP,45,Month-to-month,Fiber optic,108.45,4964.7,Credit card (automatic),No,32.67,Low Risk
4138-NAXED,51,Month-to-month,Fiber optic,81.0,4085.75,Bank transfer (automatic),No,19.64,Low Risk
2189-UXTKY,22,Month-to-month,DSL,79.2,1742.75,Electronic check,Yes,34.07,Low Risk
0744-BIKKF,72,Two year,DSL,86.65,6224.8,Bank transfer (automatic),No,1.16,Low Risk
7483-IQWIB,37,Month-to-month,Fiber optic,92.95,3415.25,Electronic check,No,48.57,Medium Risk
5248-KWLAR,71,Two year,DSL,90.35,6325.25,Electronic check,No,1.39,Low Risk
4958-GZWIY,7,Month-to-month,DSL,48.7,340.25,Electronic check,Yes,32.11,Low Risk
7996-MHXLW,66,Two year,No,25.15,1683.6,Credit card (automatic),No,0.55,Low Risk
7833-PKIHD,51,One year,DSL,76.4,3966.3,Bank transfer (automatic),No,3.77,Low Risk
7061-OVMIM,30,One year,No,19.55,608.5,Bank transfer (automatic),No,2.26,Low Risk
5153-RTHKF,34,Month-to-month,Fiber optic,85.35,2896.6,Electronic check,No,48.88,Medium Risk
1852-QSWCD,64,Two year,No,24.8,1514.85,Mailed check,No,0.55,Low Risk
4832-VRBMR,65,One year,Fiber optic,103.15,6792.45,Bank transfer (automatic),No,23.14,Low Risk
9079-LWTFD,47,Month-to-month,Fiber optic,100.75,4669.2,Mailed check,No,17.23,Low Risk
6356-ELRKD,1,Month-to-month,Fiber optic,95.6,95.6,Electronic check,Yes,70.29,High Risk
8624-GIOUT,49,Month-to-month,DSL,59.75,2934.3,Credit card (automatic),Yes,7.96,Low Risk
3392-EHMNK,67,Two year,Fiber optic,94.1,6302.8,Credit card (automatic),No,3.12,Low Risk
5986-WWXDV,39,One year,No,19.35,779.2,Bank transfer (automatic),No,1.51,Low Risk
3061-BCKYI,14,Month-to-month,No,19.9,283.75,Mailed check,No,11.64,Low Risk
6179-GJPSO,43,Month-to-month,Fiber optic,108.15,4600.7,Credit card (automatic),Yes,24.95,Low Risk
7901-TBKJX,56,Month-to-month,Fiber optic,101.05,5594.0,Electronic check,No,54.2,Medium Risk
7228-PAQPD,14,One year,DSL,59.1,772.85,Credit card (automatic),No,11.26,Low Risk
3177-LASXD,1,Month-to-month,Fiber optic,71.35,71.35,Electronic check,Yes,61.19,Medium Risk
7746-QYVCO,16,One year,DSL,55.85,857.8,Mailed check,No,8.81,Low Risk
5804-HYIEZ,70,Month-to-month,Fiber optic,106.05,7554.05,Electronic check,No,26.92,Low Risk
9919-FZDED,72,Two year,DSL,84.1,5981.65,Credit card (automatic),No,2.49,Low Risk
5934-TSSAU,23,Month-to-month,Fiber optic,75.3,1702.9,Credit card (automatic),No,36.62,Low Risk
3486-KHMLI,21,Month-to-month,No,24.7,467.15,Mailed check,No,9.32,Low Risk
4897-QSUYC,1,Month-to-month,No,20.15,20.15,Mailed check,Yes,25.37,Low Risk
1084-UQCHV,1,Month-to-month,Fiber optic,69.75,69.75,Bank transfer (automatic),Yes,47.54,Medium Risk
8290-YWKHZ,32,Month-to-month,Fiber optic,93.2,2931.0,Electronic check,Yes,70.36,High Risk
2955-BJZHG,17,Month-to-month,Fiber optic,80.85,1400.85,Electronic check,Yes,49.93,Medium Risk
3806-DXQOM,4,Month-to-month,DSL,33.65,137.85,Electronic check,Yes,47.82,Medium Risk
6784-XYJAE,36,One year,DSL,55.8,1941.5,Electronic check,No,10.57,Low Risk
3933-DQPWX,50,Two year,DSL,39.7,1932.75,Credit card (automatic),No,1.52,Low Risk
6661-EIPZC,48,Month-to-month,DSL,29.5,1423.05,Credit card (automatic),No,8.03,Low Risk
8957-THMOA,50,Two year,No,20.15,970.85,Credit card (automatic),No,0.44,Low Risk
2251-PYLPB,72,Two year,DSL,79.55,5810.9,Credit card (automatic),No,0.79,Low Risk
5555-RNPGT,10,Month-to-month,No,24.8,223.9,Credit card (automatic),No,13.31,Low Risk
1057-FOGLZ,18,Month-to-month,No,19.65,391.7,Mailed check,No,9.77,Low Risk
9300-RENDD,1,Month-to-month,Fiber optic,79.95,79.95,Electronic check,Yes,74.98,High Risk
0761-AETCS,1,Month-to-month,No,19.3,19.3,Electronic check,Yes,24.52,Low Risk
8087-LGYHQ,9,Month-to-month,Fiber optic,94.05,811.65,Electronic check,No,74.23,High Risk
4137-BTIKL,2,Month-to-month,Fiber optic,90.75,174.75,Mailed check,No,55.78,Medium Risk
2190-BCXEC,40,Month-to-month,Fiber optic,78.85,3126.85,Credit card (automatic),No,29.26,Low Risk
6227-FBDXH,69,One year,Fiber optic,99.5,6841.45,Bank transfer (automatic),No,14.72,Low Risk
2153-MREFK,37,One year,Fiber optic,99.2,3754.6,Electronic check,Yes,24.51,Low Risk
2911-WDXMV,18,Month-to-month,Fiber optic,80.55,1406.65,Credit card (automatic),No,48.0,Medium Risk
7206-PQBBZ,11,Month-to-month,Fiber optic,70.2,834.7,Electronic check,No,66.91,Medium Risk
3106-ULWFW,8,Month-to-month,Fiber optic,85.2,627.4,Credit card (automatic),Yes,67.61,Medium Risk
0925-VYDLG,3,Month-to-month,Fiber optic,75.25,242.0,Electronic check,Yes,66.83,Medium Risk
4547-FZJWE,55,One year,DSL,59.45,3157.0,Credit card (automatic),No,2.11,Low Risk
7422-WNBTY,33,Month-to-month,Fiber optic,93.35,3092.0,Electronic check,No,57.13,Medium Risk
0842-IWYCP,46,Month-to-month,DSL,44.95,2168.9,Bank transfer (automatic),No,7.56,Low Risk
3521-HTQTV,34,Two year,No,26.1,980.35,Bank transfer (automatic),No,1.7,Low Risk
3744-ZBHON,3,Month-to-month,No,20.2,65.95,Electronic check,No,22.56,Low Risk
3373-DIUUN,30,Two year,No,21.25,711.9,Mailed check,No,1.29,Low Risk
8383-SGHJU,33,One year,DSL,59.4,1952.8,Electronic check,No,6.22,Low Risk
7607-QKKTJ,45,One year,Fiber optic,95.0,4368.85,Credit card (automatic),No,19.82,Low Risk
7707-PYBBH,40,Month-to-month,DSL,61.9,2647.1,Mailed check,No,6.7,Low Risk
8984-HPEMB,71,Two year,Fiber optic,118.65,8477.6,Electronic check,No,7.74,Low Risk
4349-GFQHK,1,Month-to-month,DSL,54.35,54.35,Electronic check,Yes,49.16,Medium Risk
4139-DETXS,72,Two year,DSL,64.45,4528.0,Bank transfer (automatic),No,0.78,Low Risk
9779-DPNEJ,22,Month-to-month,Fiber optic,80.15,1790.65,Electronic check,No,54.93,Medium Risk
9805-FILKB,46,One year,No,20.2,845.6,Bank transfer (automatic),No,1.56,Low Risk
5793-YOLJN,55,Two year,No,21.0,1210.3,Mailed check,No,0.4,Low Risk
0673-IGUQO,1,Month-to-month,No,20.45,20.45,Mailed check,No,19.24,Low Risk
4123-FCVCB,12,One year,DSL,75.85,854.45,Mailed check,No,26.93,Low Risk
8819-IMISP,31,Month-to-month,Fiber optic,80.45,2429.1,Electronic check,No,49.8,Medium Risk
7802-EFKNY,5,Month-to-month,DSL,24.95,100.4,Electronic check,Yes,61.64,Medium Risk
8311-UEUAB,67,Two year,DSL,75.5,5229.45,Electronic check,No,3.31,Low Risk
5858-EAFCZ,1,Month-to-month,DSL,44.45,44.45,Mailed check,No,35.57,Low Risk
8035-BUYVG,40,One year,DSL,42.35,1716.45,Electronic check,Yes,8.85,Low Risk
1163-ONYEY,41,Month-to-month,DSL,74.55,3023.55,Credit card (automatic),No,11.77,Low Risk
9787-XVQIU,1,Month-to-month,Fiber optic,75.3,75.3,Electronic check,Yes,76.06,High Risk
8945-MUQUF,51,One year,Fiber optic,94.8,4837.6,Electronic check,Yes,20.39,Low Risk
5656-MJEFC,42,Two year,DSL,48.15,2032.3,Credit card (automatic),No,1.95,Low Risk
6082-OQFBA,23,One year,No,19.65,436.9,Mailed check,No,3.38,Low Risk
8051-HJRLT,1,Month-to-month,Fiber optic,70.55,70.55,Electronic check,Yes,72.85,High Risk
8974-OVACP,1,Month-to-month,No,20.15,20.15,Mailed check,No,18.99,Low Risk
4010-YLMVT,56,Month-to-month,Fiber optic,106.6,5893.95,Credit card (automatic),No,28.59,Low Risk
1379-FRVEB,15,Month-to-month,Fiber optic,91.0,1430.05,Electronic check,No,63.68,Medium Risk
8612-GXIDD,12,Two year,No,25.4,313.0,Bank transfer (automatic),No,5.19,Low Risk
6288-CHQJB,54,Two year,DSL,69.95,3871.85,Bank transfer (automatic),No,0.91,Low Risk
8160-HOWOX,7,Month-to-month,DSL,66.85,458.1,Electronic check,No,56.17,Medium Risk
3023-GFLBR,33,Month-to-month,Fiber optic,86.15,2745.7,Credit card (automatic),Yes,34.12,Low Risk
6648-INWPS,16,Month-to-month,No,20.15,341.35,Electronic check,No,11.78,Low Risk
4223-BKEOR,21,One year,DSL,64.85,1336.8,Mailed check,No,7.49,Low Risk
4079-VTGLK,30,Two year,DSL,74.85,2181.75,Electronic check,No,14.39,Low Risk
1763-WQFUK,3,Month-to-month,DSL,50.5,147.75,Mailed check,No,33.26,Low Risk
1391-UBDAR,11,Month-to-month,Fiber optic,72.9,818.45,Electronic check,No,54.21,Medium Risk
8894-JVDCV,62,One year,Fiber optic,115.05,7133.45,Credit card (automatic),No,11.72,Low Risk
2023-VQFDL,18,Month-to-month,No,19.0,348.8,Electronic check,No,13.13,Low Risk
1345-GKDZZ,6,Month-to-month,No,19.55,128.6,Mailed check,No,13.35,Low Risk
2014-MKGMH,46,One year,Fiber optic,101.1,4674.4,Electronic check,No,39.96,Low Risk
5628-FCGYG,21,Month-to-month,Fiber optic,84.1,1737.45,Electronic check,No,68.29,Medium Risk
2560-WBWXF,68,Two year,No,24.15,1498.85,Bank transfer (automatic),No,0.51,Low Risk
0248-IPDFW,1,Month-to-month,DSL,50.1,50.1,Electronic check,No,58.43,Medium Risk
7978-DKUQH,25,Month-to-month,Fiber optic,74.6,1797.75,Electronic check,No,50.49,Medium Risk
4335-UPJSI,24,Two year,No,19.75,498.1,Mailed check,No,1.65,Low Risk
0524-IAVZO,30,Month-to-month,Fiber optic,85.0,2624.25,Electronic check,Yes,62.15,Medium Risk
2737-YNGYW,2,Month-to-month,Fiber optic,80.55,184.1,Electronic check,Yes,66.06,Medium Risk
1784-EZDKJ,51,One year,Fiber optic,106.8,5498.8,Bank transfer (automatic),No,26.81,Low Risk
9297-FVVDH,57,Two year,DSL,84.5,4845.4,Electronic check,No,3.39,Low Risk
8007-YYPWD,15,Two year,No,25.05,369.1,Bank transfer (automatic),No,3.8,Low Risk
7101-HRBLJ,72,Two year,DSL,83.7,6096.9,Bank transfer (automatic),No,0.94,Low Risk
5159-YFPKQ,2,Month-to-month,Fiber optic,75.8,160.75,Electronic check,Yes,68.31,Medium Risk
6635-CPNUN,28,Month-to-month,Fiber optic,96.6,2684.35,Credit card (automatic),No,40.09,Medium Risk
4021-RQSNY,29,Month-to-month,Fiber optic,98.5,3004.15,Electronic check,Yes,73.33,High Risk
5453-YBTWV,70,Two year,Fiber optic,101.1,6994.8,Credit card (automatic),No,2.14,Low Risk
5039-LZRQT,13,One year,No,20.2,273.25,Mailed check,No,6.24,Low Risk
2931-VUVJN,59,One year,Fiber optic,94.05,5483.9,Electronic check,No,10.95,Low Risk
9061-TIHDA,13,Month-to-month,Fiber optic,95.25,1233.65,Electronic check,Yes,80.52,High Risk
8699-ASUFO,7,Month-to-month,Fiber optic,74.4,527.9,Mailed check,Yes,69.6,Medium Risk
6418-PIQSP,62,Two year,DSL,81.0,4985.9,Mailed check,No,1.28,Low Risk
8220-OCUFY,21,One year,DSL,60.25,1258.35,Electronic check,No,9.69,Low Risk
3995-WFCSM,2,Month-to-month,DSL,60.85,111.4,Electronic check,No,45.3,Medium Risk
1895-QTKDO,1,Month-to-month,DSL,43.95,43.95,Credit card (automatic),No,33.0,Low Risk
2038-OEQZH,4,Month-to-month,Fiber optic,86.05,308.1,Electronic check,No,63.76,Medium Risk
1178-PZGAB,19,One year,No,20.25,383.65,Credit card (automatic),No,4.33,Low Risk
7927-AUXBZ,30,Month-to-month,Fiber optic,85.15,2555.9,Electronic check,Yes,35.94,Low Risk
2626-VEEWG,67,Two year,No,19.4,1284.2,Credit card (automatic),No,0.31,Low Risk
2878-RMWXY,72,Two year,Fiber optic,102.65,7550.3,Credit card (automatic),No,5.75,Low Risk
1657-DYMBM,53,Two year,No,19.9,1110.05,Credit card (automatic),No,0.51,Low Risk
7311-MQJCH,5,One year,No,19.55,99.6,Electronic check,No,11.72,Low Risk
7375-WMVMT,71,Two year,Fiber optic,95.5,6707.15,Credit card (automatic),No,4.16,Low Risk
1136-XGEQU,50,One year,DSL,84.15,4164.4,Credit card (automatic),No,6.57,Low Risk
2530-FMFXO,56,Two year,Fiber optic,103.2,5873.75,Electronic check,No,14.29,Low Risk
6844-DZKRF,2,Month-to-month,DSL,50.2,109.25,Credit card (automatic),No,32.07,Low Risk
4695-WJZUE,2,Month-to-month,Fiber optic,88.55,179.25,Electronic check,Yes,81.26,High Risk
7619-ODSGN,24,Month-to-month,DSL,54.75,1338.15,Electronic check,Yes,18.18,Low Risk
5970-GHJAW,46,Two year,No,19.95,862.4,Credit card (automatic),No,0.55,Low Risk
8879-XUAHX,71,Two year,Fiber optic,116.25,8564.75,Electronic check,No,8.56,Low Risk
3689-MOZGR,29,Month-to-month,DSL,31.2,926.2,Electronic check,No,26.85,Low Risk
4195-PNGZS,69,Two year,No,24.45,1718.2,Bank transfer (automatic),No,0.29,Low Risk
5003-XZWWO,71,Two year,DSL,84.2,5956.85,Credit card (automatic),No,1.64,Low Risk
3988-RQIXO,1,Month-to-month,Fiber optic,91.3,91.3,Electronic check,Yes,80.48,High Risk
7622-FWGEW,56,Two year,DSL,85.65,4824.45,Bank transfer (automatic),No,2.22,Low Risk
6922-NCEDI,56,One year,No,21.2,1238.65,Mailed check,No,1.06,Low Risk
2514-GINMM,1,Month-to-month,Fiber optic,79.5,79.5,Electronic check,Yes,75.14,High Risk
9891-NQDBD,28,One year,No,25.55,672.2,Mailed check,No,4.37,Low Risk
6131-IUNXN,19,Month-to-month,No,20.2,382.2,Mailed check,No,7.66,Low Risk
8548-AWOFC,66,Month-to-month,DSL,63.85,4264.6,Electronic check,No,7.9,Low Risk
9798-DRYDS,17,One year,DSL,61.95,1070.7,Mailed check,No,12.95,Low Risk
8532-UEFWH,52,Two year,No,25.75,1345.85,Mailed check,No,0.66,Low Risk
6296-DDOOR,19,One year,DSL,58.2,1045.25,Electronic check,No,16.36,Low Risk
7951-VRDVK,36,One year,DSL,85.85,3003.55,Bank transfer (automatic),No,4.32,Low Risk
5931-FLJJF,7,Month-to-month,Fiber optic,70.1,467.55,Mailed check,Yes,62.58,Medium Risk
4815-YOSUK,72,One year,Fiber optic,104.9,7537.5,Credit card (automatic),No,5.56,Low Risk
2659-VXMWZ,67,One year,Fiber optic,111.3,7482.1,Electronic check,Yes,16.65,Low Risk
0380-NEAVX,34,One year,Fiber optic,99.85,3343.15,Electronic check,No,40.6,Medium Risk
3207-OYBWH,57,Month-to-month,Fiber optic,95.25,5427.05,Bank transfer (automatic),Yes,33.88,Low Risk
4285-GYRQC,7,Month-to-month,Fiber optic,86.25,587.1,Electronic check,Yes,69.9,Medium Risk
7216-EWTRS,1,Month-to-month,Fiber optic,100.8,100.8,Electronic check,Yes,84.48,High Risk
4365-MSDYN,8,Month-to-month,No,19.55,161.15,Bank transfer (automatic),No,19.4,Low Risk
7036-TYDEC,69,Two year,Fiber optic,104.0,7028.5,Electronic check,No,8.37,Low Risk
5802-ADBRC,50,One year,Fiber optic,104.4,5232.9,Mailed check,No,23.83,Low Risk
8076-FEZKJ,10,One year,No,19.5,225.85,Mailed check,No,7.36,Low Risk
5197-YPYBZ,12,Two year,No,25.25,274.7,Credit card (automatic),No,3.44,Low Risk
8337-MSSXB,14,Month-to-month,Fiber optic,86.3,1180.95,Electronic check,Yes,61.4,Medium Risk
4312-GVYNH,70,Two year,DSL,49.85,3370.2,Bank transfer (automatic),No,1.13,Low Risk
8495-LJDFO,64,Month-to-month,Fiber optic,108.95,7111.3,Bank transfer (automatic),No,25.93,Low Risk
0839-JTCUD,66,Two year,DSL,89.9,5958.85,Credit card (automatic),No,1.08,Low Risk
5494-WOZRZ,71,Two year,DSL,82.0,5999.85,Credit card (automatic),No,1.05,Low Risk
1302-UHBDD,20,Month-to-month,Fiber optic,89.95,1648.45,Electronic check,No,61.93,Medium Risk
2234-EOFPT,72,Two year,DSL,79.35,5753.25,Bank transfer (automatic),No,1.14,Low Risk
8619-IJNDK,71,Two year,DSL,64.05,4492.9,Credit card (automatic),No,0.29,Low Risk
8378-LKJAF,38,Month-to-month,Fiber optic,101.15,3956.7,Credit card (automatic),No,48.59,Medium Risk
8182-BJDSI,28,Month-to-month,Fiber optic,89.95,2625.55,Electronic check,Yes,59.86,Medium Risk
2528-HFYZX,17,Month-to-month,Fiber optic,76.45,1233.4,Electronic check,Yes,57.11,Medium Risk
1153-GNOLC,33,One year,DSL,39.1,1309.0,Electronic check,No,20.71,Low Risk
3298-QEICA,23,Two year,DSL,34.6,813.45,Mailed check,No,3.36,Low Risk
0788-DXBFY,58,One year,No,19.55,1108.8,Electronic check,No,1.33,Low Risk
3597-YASZG,70,Two year,Fiber optic,104.45,7349.35,Bank transfer (automatic),No,8.59,Low Risk
3496-LFSZU,4,Month-to-month,Fiber optic,70.5,294.2,Electronic check,No,60.17,Medium Risk
5242-UOWHD,45,Two year,No,20.35,929.2,Mailed check,No,0.65,Low Risk
2482-CZGBB,10,Month-to-month,Fiber optic,70.0,740.0,Electronic check,Yes,63.92,Medium Risk
6479-SZPLM,36,Two year,No,19.45,754.5,Credit card (automatic),No,0.9,Low Risk
8097-VBQTZ,54,Month-to-month,DSL,69.9,3883.3,Mailed check,No,5.72,Low Risk
4500-HKANN,23,Two year,DSL,59.7,1414.2,Mailed check,No,3.79,Low Risk
9917-KWRBE,41,One year,DSL,78.35,3211.2,Credit card (automatic),No,5.89,Low Risk
3420-ZDBMA,5,Month-to-month,Fiber optic,71.45,371.6,Mailed check,No,63.35,Medium Risk
2212-LYASK,27,One year,DSL,45.85,1246.4,Credit card (automatic),No,14.96,Low Risk
1393-IMKZG,1,Month-to-month,Fiber optic,95.85,95.85,Electronic check,No,71.22,High Risk
8069-RHUXK,67,Two year,DSL,35.7,2545.7,Credit card (automatic),No,0.48,Low Risk
3398-GCPMU,72,Two year,DSL,89.55,6448.85,Credit card (automatic),No,1.5,Low Risk
2908-WGAXL,56,Two year,No,24.95,1468.9,Credit card (automatic),No,0.72,Low Risk
3378-AJRAO,44,One year,No,24.85,1013.6,Electronic check,No,2.41,Low Risk
1013-QCWAM,66,Month-to-month,Fiber optic,100.8,6690.75,Electronic check,No,44.48,Medium Risk
0866-QLSIR,34,One year,DSL,64.4,2088.75,Mailed check,Yes,5.47,Low Risk
6050-FFXES,69,Two year,Fiber optic,105.35,7240.65,Bank transfer (automatic),No,6.11,Low Risk
7181-BQYBV,1,Month-to-month,Fiber optic,102.45,102.45,Electronic check,Yes,72.48,High Risk
0362-RAOQO,40,Two year,No,19.65,830.25,Credit card (automatic),No,0.89,Low Risk
9554-DFKIC,30,Month-to-month,DSL,54.45,1588.7,Bank transfer (automatic),No,14.7,Low Risk
5527-ACHSO,11,Month-to-month,DSL,70.5,829.3,Mailed check,No,28.9,Low Risk
0829-DDVLK,15,One year,No,20.1,302.45,Credit card (automatic),No,5.19,Low Risk
1399-UBQIU,11,Month-to-month,DSL,69.35,712.25,Electronic check,No,53.35,Medium Risk
1813-JLKWR,64,One year,No,19.8,1336.65,Bank transfer (automatic),No,0.48,Low Risk
0336-PIKEI,72,Two year,DSL,74.4,5360.75,Bank transfer (automatic),No,0.64,Low Risk
7322-OCWHC,72,Two year,Fiber optic,93.05,6735.05,Bank transfer (automatic),No,3.03,Low Risk
9537-VHDTA,1,Month-to-month,DSL,51.2,51.2,Mailed check,No,21.48,Low Risk
4957-TIALW,15,One year,DSL,65.6,1010.0,Credit card (automatic),No,4.01,Low Risk
2054-PJOCK,60,One year,DSL,80.55,4847.05,Credit card (automatic),No,4.64,Low Risk
9150-HEPMB,56,One year,DSL,52.7,3019.7,Mailed check,No,2.1,Low Risk
9030-QGZNL,8,Two year,No,20.85,161.65,Mailed check,No,4.11,Low Risk
6204-IEUXJ,3,Month-to-month,Fiber optic,80.1,217.55,Credit card (automatic),Yes,39.75,Low Risk
3126-WQMGH,49,Month-to-month,DSL,52.15,2583.75,Credit card (automatic),No,12.43,Low Risk
4529-CKBCL,2,Month-to-month,Fiber optic,80.2,146.05,Electronic check,Yes,73.79,High Risk
2506-CLAKW,6,Month-to-month,Fiber optic,98.15,567.45,Bank transfer (automatic),Yes,39.33,Low Risk
7176-WRTNX,70,Two year,Fiber optic,114.95,7711.25,Bank transfer (automatic),No,5.23,Low Risk
1583-IHQZE,12,Month-to-month,Fiber optic,112.95,1384.75,Mailed check,Yes,59.46,Medium Risk
5732-IKGQH,52,One year,Fiber optic,104.45,5481.25,Bank transfer (automatic),No,14.48,Low Risk
9239-GZHZE,72,Two year,Fiber optic,113.65,8124.2,Credit card (automatic),No,5.18,Low Risk
7205-BAIAD,40,Two year,No,20.6,827.3,Bank transfer (automatic),No,1.3,Low Risk
0151-ONTOV,1,Month-to-month,Fiber optic,70.9,70.9,Mailed check,Yes,53.84,Medium Risk
4140-MUHUG,3,Month-to-month,Fiber optic,86.85,220.95,Electronic check,Yes,74.53,High Risk
0093-EXYQL,40,Month-to-month,Fiber optic,91.55,3673.6,Electronic check,No,56.41,Medium Risk
8064-RAVOH,1,Month-to-month,DSL,49.85,49.85,Electronic check,No,45.49,Medium Risk
0219-QAERP,30,One year,No,19.8,576.65,Credit card (automatic),No,2.76,Low Risk
0320-JDNQG,23,Month-to-month,Fiber optic,99.85,2331.3,Electronic check,Yes,43.04,Medium Risk
7180-PISOG,1,Month-to-month,Fiber optic,74.5,74.5,Electronic check,Yes,72.5,High Risk
9168-INPSZ,44,Month-to-month,Fiber optic,104.15,4495.65,Electronic check,No,45.33,Medium Risk
3571-RFHAR,65,Month-to-month,Fiber optic,109.15,6941.2,Electronic check,Yes,34.57,Low Risk
0015-UOCOJ,7,Month-to-month,DSL,48.2,340.35,Electronic check,No,39.48,Low Risk
5334-AFQJB,72,Two year,No,25.1,1789.9,Credit card (automatic),No,0.49,Low Risk
2754-SDJRD,8,Month-to-month,Fiber optic,100.15,908.55,Credit card (automatic),No,68.37,Medium Risk
9578-VRMNM,16,Month-to-month,DSL,65.2,1043.35,Credit card (automatic),Yes,39.47,Low Risk
1587-FKLZB,66,Month-to-month,Fiber optic,99.5,6822.15,Credit card (automatic),Yes,34.56,Low Risk
6140-QNRQQ,1,Month-to-month,Fiber optic,71.55,71.55,Mailed check,Yes,63.06,Medium Risk
8963-JLGJT,3,Month-to-month,DSL,55.9,157.55,Mailed check,No,20.01,Low Risk
4307-KTUMW,53,Month-to-month,Fiber optic,93.9,5029.2,Electronic check,Yes,28.72,Low Risk
1465-LNTLJ,8,Month-to-month,DSL,64.4,581.7,Credit card (automatic),No,35.76,Low Risk
5440-FLBQG,69,Two year,Fiber optic,108.4,7318.2,Bank transfer (automatic),Yes,8.97,Low Risk
2135-DQWAQ,5,Month-to-month,Fiber optic,85.3,420.45,Mailed check,No,61.17,Medium Risk
4056-QHXHZ,72,Two year,Fiber optic,107.45,7576.7,Mailed check,No,3.48,Low Risk
7470-MCQTK,13,Month-to-month,DSL,48.75,633.4,Bank transfer (automatic),Yes,55.16,Medium Risk
7488-MXJIV,4,Month-to-month,Fiber optic,85.65,321.65,Electronic check,Yes,77.75,High Risk
7401-JIXNM,54,Two year,DSL,91.3,4965.0,Credit card (automatic),No,1.53,Low Risk
9339-FIIJL,72,Two year,DSL,85.95,6151.9,Bank transfer (automatic),No,1.62,Low Risk
2027-FECZV,12,Month-to-month,Fiber optic,106.7,1253.9,Electronic check,Yes,74.32,High Risk
2672-DZUOY,1,Month-to-month,DSL,25.15,25.15,Electronic check,Yes,65.41,Medium Risk
4706-DGAHW,1,Month-to-month,DSL,45.2,45.2,Electronic check,No,46.16,Medium Risk
3870-MQAMG,54,One year,Fiber optic,110.35,5893.15,Electronic check,Yes,19.43,Low Risk
6670-MFRPK,69,Two year,Fiber optic,79.2,5420.65,Credit card (automatic),No,4.48,Low Risk
6177-PEVRA,48,Two year,DSL,55.5,2627.35,Credit card (automatic),No,1.1,Low Risk
4800-CZMPC,48,One year,Fiber optic,103.25,5037.55,Credit card (automatic),Yes,17.55,Low Risk
4813-HQMGZ,8,Month-to-month,Fiber optic,90.25,743.75,Electronic check,No,68.97,Medium Risk
7579-KKLOE,71,Two year,DSL,91.25,6589.6,Mailed check,No,1.54,Low Risk
7377-DMMRI,2,Month-to-month,DSL,47.8,92.45,Electronic check,Yes,41.46,Medium Risk
8402-EIVQS,67,One year,Fiber optic,100.9,6733.15,Credit card (automatic),No,9.84,Low Risk
4947-DSMXK,34,Month-to-month,Fiber optic,97.7,3410.0,Bank transfer (automatic),No,49.4,Medium Risk
7245-NIIWQ,3,Month-to-month,Fiber optic,69.85,199.85,Electronic check,No,68.66,Medium Risk
0002-ORFBO,9,One year,DSL,65.6,593.3,Mailed check,No,14.32,Low Risk
3324-OIRTO,71,One year,Fiber optic,104.65,7288.4,Bank transfer (automatic),No,7.6,Low Risk
5414-OFQCB,57,Two year,Fiber optic,90.45,5229.8,Credit card (automatic),No,8.1,Low Risk
4967-WPNCF,72,Two year,DSL,63.7,4464.8,Bank transfer (automatic),No,1.41,Low Risk
8552-OBVRU,48,Month-to-month,Fiber optic,104.5,5068.05,Electronic check,No,30.45,Low Risk
8499-BRXTD,18,One year,No,20.1,401.85,Mailed check,No,5.16,Low Risk
9154-QDGTH,43,One year,Fiber optic,104.3,4451.85,Credit card (automatic),No,22.46,Low Risk
8197-BFWVU,72,Two year,DSL,93.25,6688.95,Bank transfer (automatic),No,1.31,Low Risk
2577-GVSIL,35,One year,DSL,73.45,2661.1,Bank transfer (automatic),No,12.37,Low Risk
9367-OIUXP,4,Month-to-month,No,20.7,73.05,Mailed check,No,17.07,Low Risk
6770-UAYGJ,49,Two year,No,25.25,1211.65,Mailed check,No,0.74,Low Risk
6463-HHXJR,71,Two year,Fiber optic,100.5,7030.65,Bank transfer (automatic),No,2.77,Low Risk
7928-VJYAB,11,Month-to-month,Fiber optic,90.6,1020.2,Electronic check,No,60.82,Medium Risk
1187-WILMM,63,Two year,DSL,89.4,5597.65,Credit card (automatic),No,1.72,Low Risk
9776-OJUZI,65,Month-to-month,Fiber optic,95.45,6223.3,Bank transfer (automatic),No,28.14,Low Risk
1306-RPWXZ,49,Two year,No,20.45,1024.65,Credit card (automatic),No,0.47,Low Risk
8949-JTMAY,29,Month-to-month,Fiber optic,98.6,2933.2,Credit card (automatic),Yes,59.73,Medium Risk
2774-LVQUS,15,Month-to-month,Fiber optic,83.05,1258.3,Electronic check,Yes,62.01,Medium Risk
3097-PYWXL,4,Month-to-month,No,19.95,82.9,Electronic check,No,24.86,Low Risk
2266-SJNAT,72,One year,Fiber optic,109.15,7789.6,Credit card (automatic),No,9.23,Low Risk
0869-PAPRP,26,Month-to-month,Fiber optic,85.7,2067.0,Credit card (automatic),No,49.04,Medium Risk
4238-JSSWH,35,Month-to-month,Fiber optic,102.05,3452.55,Bank transfer (automatic),No,49.06,Medium Risk
2972-YDYUW,57,One year,Fiber optic,94.7,5468.95,Electronic check,No,13.45,Low Risk
1104-FEJAM,28,Month-to-month,DSL,64.4,1802.15,Electronic check,No,24.46,Low Risk
2809-ILCYT,25,One year,No,26.8,733.55,Mailed check,No,7.11,Low Risk
5499-ECUTN,47,One year,DSL,66.05,3021.45,Credit card (automatic),No,4.92,Low Risk
4981-FLTMF,57,Month-to-month,DSL,65.2,3687.85,Bank transfer (automatic),No,2.63,Low Risk
9121-PHQSR,16,Month-to-month,Fiber optic,85.05,1391.15,Credit card (automatic),No,66.25,Medium Risk
3113-IWHLC,5,Month-to-month,DSL,55.8,274.35,Mailed check,No,29.65,Low Risk
3211-ILJTT,17,Month-to-month,Fiber optic,70.4,1214.05,Bank transfer (automatic),Yes,48.84,Medium Risk
4612-THJBS,56,One year,Fiber optic,104.75,5510.65,Bank transfer (automatic),Yes,24.7,Low Risk
4277-BWBML,72,Two year,No,19.95,1322.85,Bank transfer (automatic),No,0.17,Low Risk
4094-NSEDU,21,Month-to-month,Fiber optic,94.25,1973.75,Electronic check,Yes,76.16,High Risk
0234-TEVTT,48,One year,DSL,45.0,2196.3,Credit card (automatic),No,3.87,Low Risk
4304-TSPVK,68,Two year,Fiber optic,114.9,7843.55,Bank transfer (automatic),No,4.17,Low Risk
1552-AAGRX,30,Month-to-month,Fiber optic,106.4,3211.9,Bank transfer (automatic),No,32.05,Low Risk
2637-FKFSY,3,Month-to-month,DSL,46.1,130.15,Mailed check,No,41.63,Medium Risk
9796-MVYXX,14,Two year,DSL,39.7,692.35,Mailed check,No,6.78,Low Risk
7874-ECPQJ,4,Month-to-month,No,20.05,85.5,Bank transfer (automatic),No,18.07,Low Risk
0020-INWCK,71,Two year,Fiber optic,95.75,6849.4,Credit card (automatic),No,5.54,Low Risk
7089-RKVSZ,8,One year,No,24.4,203.95,Mailed check,No,8.71,Low Risk
2683-JXWQQ,61,Month-to-month,DSL,33.6,2117.2,Bank transfer (automatic),No,3.44,Low Risk
9548-ZMVTX,72,Two year,Fiber optic,90.45,6565.85,Bank transfer (automatic),No,2.05,Low Risk
8739-XNIKG,5,Month-to-month,Fiber optic,84.0,424.75,Electronic check,No,77.84,High Risk
9755-JHNMN,49,Two year,DSL,67.4,3306.85,Bank transfer (automatic),No,0.8,Low Risk
3981-QSVQI,8,Month-to-month,No,19.7,168.9,Bank transfer (automatic),No,19.07,Low Risk
2789-HQBOU,3,Month-to-month,Fiber optic,80.35,253.8,Electronic check,No,73.67,High Risk
9424-CMPOG,9,Two year,No,19.6,197.4,Mailed check,No,3.4,Low Risk
5067-WJEUN,67,Two year,DSL,54.2,3838.2,Bank transfer (automatic),No,0.71,Low Risk
3450-WXOAT,46,Month-to-month,DSL,45.2,2065.15,Credit card (automatic),No,10.28,Low Risk
9251-WNSOD,67,One year,DSL,75.1,5064.45,Mailed check,No,2.54,Low Risk
6974-DAFLI,55,One year,No,19.7,1140.05,Electronic check,No,1.32,Low Risk
2616-UUTFK,33,Month-to-month,DSL,72.75,2447.45,Bank transfer (automatic),No,18.93,Low Risk
7064-JHXCE,62,Two year,No,20.05,1263.9,Credit card (automatic),No,0.27,Low Risk
5103-MHMHY,1,Month-to-month,DSL,45.95,45.95,Mailed check,Yes,29.59,Low Risk
7989-AWGEH,49,Month-to-month,DSL,39.2,1838.15,Electronic check,No,14.4,Low Risk
4373-VVHQL,1,Month-to-month,DSL,44.75,44.75,Electronic check,No,52.05,Medium Risk
4559-UWIHT,14,Month-to-month,Fiber optic,82.65,1185.0,Electronic check,No,64.68,Medium Risk
7268-IGMFD,18,Month-to-month,Fiber optic,93.9,1743.9,Bank transfer (automatic),No,47.46,Medium Risk
1846-XWOQN,1,Month-to-month,Fiber optic,70.15,70.15,Electronic check,Yes,73.01,High Risk
0235-KGSLC,1,Month-to-month,Fiber optic,85.55,85.55,Credit card (automatic),Yes,64.87,Medium Risk
6650-BWFRT,72,Two year,Fiber optic,117.15,8529.5,Credit card (automatic),No,5.32,Low Risk
9570-KYEUA,64,Two year,Fiber optic,99.25,6549.45,Credit card (automatic),No,3.6,Low Risk
6993-YGFJV,69,Two year,Fiber optic,112.55,7806.5,Bank transfer (automatic),No,5.97,Low Risk
2712-SYWAY,1,Month-to-month,No,25.7,25.7,Electronic check,No,37.93,Low Risk
0730-BGQGF,71,Two year,DSL,90.3,6287.3,Credit card (automatic),No,0.92,Low Risk
5498-IBWPI,66,One year,DSL,49.4,3251.85,Credit card (automatic),No,1.48,Low Risk
9101-NTIXF,2,Month-to-month,No,19.4,50.6,Mailed check,No,18.87,Low Risk
0013-SMEOE,71,Two year,Fiber optic,109.7,7904.25,Bank transfer (automatic),No,4.56,Low Risk
9314-QDMDW,11,One year,DSL,61.25,729.95,Electronic check,No,27.64,Low Risk
9308-ANMVE,47,Month-to-month,DSL,55.3,2654.05,Electronic check,No,7.61,Low Risk
2884-GBPFB,35,Month-to-month,Fiber optic,70.3,2416.55,Electronic check,Yes,42.05,Medium Risk
3757-NJYBX,32,Month-to-month,Fiber optic,106.35,3520.75,Bank transfer (automatic),Yes,49.7,Medium Risk
3413-DHLPB,60,Month-to-month,Fiber optic,103.75,5969.95,Bank transfer (automatic),No,24.07,Low Risk
7649-PHJVR,11,One year,No,19.5,226.8,Mailed check,No,7.02,Low Risk
6114-TCFID,29,One year,DSL,39.5,1082.75,Credit card (automatic),No,4.63,Low Risk
3787-TRIAL,21,Month-to-month,DSL,26.05,565.75,Electronic check,No,38.24,Low Risk
2573-GYRUU,48,Month-to-month,Fiber optic,91.05,4370.75,Credit card (automatic),No,42.05,Medium Risk
5156-UMKOW,3,Month-to-month,DSL,29.65,90.05,Mailed check,No,36.68,Low Risk
1247-QBVSH,43,Month-to-month,DSL,50.2,2169.4,Mailed check,No,6.53,Low Risk
6734-GMPVK,5,Month-to-month,Fiber optic,105.3,550.6,Electronic check,No,71.32,High Risk
9822-OAOVB,1,Month-to-month,DSL,55.45,55.45,Electronic check,No,56.69,Medium Risk
6161-ERDGD,71,One year,DSL,85.45,6300.85,Electronic check,No,3.12,Low Risk
1226-JZNKR,8,One year,No,19.8,160.05,Electronic check,No,8.59,Low Risk
7318-EIVKO,8,Month-to-month,DSL,59.25,436.6,Electronic check,No,58.19,Medium Risk
3771-PZOBW,20,Month-to-month,Fiber optic,90.7,1781.35,Credit card (automatic),No,58.52,Medium Risk
5136-KCKGI,33,One year,Fiber optic,103.7,3467.0,Mailed check,Yes,28.58,Low Risk
8231-BSWXX,71,One year,Fiber optic,79.05,5552.5,Credit card (automatic),No,8.25,Low Risk
6486-LHTMA,31,One year,Fiber optic,90.7,2835.5,Electronic check,No,47.02,Medium Risk
4083-BFNYK,38,One year,Fiber optic,95.0,3591.25,Credit card (automatic),No,16.33,Low Risk
3722-WPXTK,1,Month-to-month,Fiber optic,88.35,88.35,Electronic check,Yes,79.42,High Risk
7389-KBFIT,2,Month-to-month,DSL,30.25,63.75,Mailed check,No,46.99,Medium Risk
7176-WIONM,12,Month-to-month,DSL,49.85,617.15,Bank transfer (automatic),No,55.79,Medium Risk
5141-ZUVBH,9,Month-to-month,Fiber optic,93.0,870.25,Bank transfer (automatic),No,28.34,Low Risk
1089-HDMKP,11,Month-to-month,DSL,54.55,601.25,Electronic check,No,28.33,Low Risk
7623-HKYRK,6,Month-to-month,No,19.7,111.65,Mailed check,No,13.27,Low Risk
0310-SUCIN,71,One year,DSL,84.8,6046.1,Bank transfer (automatic),No,2.27,Low Risk
5197-PYEPU,42,One year,Fiber optic,94.45,3923.8,Credit card (automatic),No,14.86,Low Risk
2929-ERCFZ,8,Month-to-month,Fiber optic,94.2,777.3,Electronic check,Yes,70.56,High Risk
7548-SEPYI,5,Month-to-month,Fiber optic,96.25,512.45,Electronic check,Yes,72.86,High Risk
8835-VSDSE,2,Month-to-month,Fiber optic,70.7,141.45,Electronic check,Yes,69.54,Medium Risk
6619-RPLQZ,45,Two year,No,20.85,892.15,Mailed check,No,0.62,Low Risk
3275-RHRNE,28,One year,DSL,60.0,1682.05,Credit card (automatic),No,13.87,Low Risk
3503-TYDAY,43,Month-to-month,Fiber optic,80.45,3398.9,Electronic check,No,31.7,Low Risk
6901-GOGZG,60,Two year,DSL,84.95,4984.85,Electronic check,No,3.0,Low Risk
1623-NLDOT,42,One year,DSL,33.55,1445.3,Mailed check,Yes,4.57,Low Risk
7021-XSNYE,7,Two year,DSL,49.65,305.55,Credit card (automatic),No,7.17,Low Risk
9621-OUPYD,25,One year,No,20.2,507.9,Bank transfer (automatic),No,4.97,Low Risk
9898-KZQDZ,40,Month-to-month,Fiber optic,94.55,3640.45,Credit card (automatic),Yes,49.02,Medium Risk
8982-NHAVY,27,One year,Fiber optic,100.5,2673.45,Bank transfer (automatic),No,43.64,Medium Risk
4307-KWMXE,10,Month-to-month,DSL,35.75,389.8,Electronic check,No,33.7,Low Risk
0141-YEAYS,27,Month-to-month,Fiber optic,86.45,2401.05,Bank transfer (automatic),No,46.74,Medium Risk
2450-ZKEED,11,One year,DSL,53.8,651.55,Bank transfer (automatic),No,10.29,Low Risk
3694-DELSO,4,Month-to-month,DSL,38.55,156.1,Credit card (automatic),No,34.37,Low Risk
3893-JRNFS,68,Month-to-month,DSL,39.9,2796.35,Bank transfer (automatic),No,8.79,Low Risk
9603-OAIHC,1,Month-to-month,Fiber optic,70.05,70.05,Electronic check,No,73.47,High Risk
1133-KXCGE,18,One year,No,20.1,407.05,Mailed check,No,5.06,Low Risk
5236-PERKL,57,Two year,Fiber optic,112.95,6465.0,Bank transfer (automatic),Yes,9.71,Low Risk
0142-GVYSN,26,Month-to-month,No,20.3,511.25,Electronic check,No,12.85,Low Risk
1049-FYSYG,17,Month-to-month,DSL,35.65,646.05,Credit card (automatic),No,33.66,Low Risk
7854-FOKSF,1,Month-to-month,DSL,35.9,35.9,Electronic check,Yes,61.6,Medium Risk
2519-FAKOD,38,Month-to-month,Fiber optic,99.25,3777.15,Bank transfer (automatic),Yes,48.66,Medium Risk
8406-LNMHF,59,One year,Fiber optic,82.95,4903.15,Credit card (automatic),No,7.5,Low Risk
1821-BUCWY,30,Two year,DSL,55.65,1653.85,Mailed check,No,4.01,Low Risk
8263-JQAIK,2,Month-to-month,DSL,24.45,47.5,Mailed check,Yes,60.81,Medium Risk
0023-UYUPN,50,One year,No,25.2,1306.3,Electronic check,No,2.66,Low Risk
8314-DPQHL,9,One year,DSL,50.8,463.6,Mailed check,No,15.6,Low Risk
1465-WCZVT,3,Month-to-month,No,19.65,60.65,Mailed check,No,14.98,Low Risk
9481-SFCQY,14,Month-to-month,DSL,59.8,824.85,Credit card (automatic),No,29.36,Low Risk
6360-SVNWV,31,Month-to-month,Fiber optic,73.55,2094.65,Credit card (automatic),No,29.52,Low Risk
0567-GGCAC,7,Month-to-month,DSL,61.4,438.9,Electronic check,No,23.1,Low Risk
7089-IVVAZ,8,Month-to-month,Fiber optic,103.35,847.3,Bank transfer (automatic),Yes,56.22,Medium Risk
8884-MRNSU,17,One year,No,19.9,329.75,Bank transfer (automatic),No,4.11,Low Risk
2171-UDMFD,32,Month-to-month,No,19.45,674.55,Credit card (automatic),No,5.84,Low Risk
9050-IKDZA,2,Month-to-month,Fiber optic,81.5,162.55,Mailed check,No,61.68,Medium Risk
2205-YMZZJ,7,Month-to-month,Fiber optic,84.8,546.95,Electronic check,Yes,79.14,High Risk
9802-CAQUT,72,Two year,Fiber optic,109.55,7887.25,Credit card (automatic),No,3.92,Low Risk
1254-IZEYF,31,Month-to-month,Fiber optic,99.95,3186.65,Electronic check,Yes,67.74,Medium Risk
0187-WZNAB,27,Month-to-month,Fiber optic,74.4,1972.35,Mailed check,No,20.96,Low Risk
9492-TOKRI,18,Month-to-month,Fiber optic,90.0,1527.35,Credit card (automatic),Yes,55.95,Medium Risk
1475-VWVDO,7,Month-to-month,Fiber optic,74.9,490.55,Electronic check,No,65.23,Medium Risk
9221-OTIVJ,14,Month-to-month,Fiber optic,104.85,1531.4,Electronic check,Yes,76.58,High Risk
1357-MVDOZ,11,Month-to-month,DSL,59.65,683.25,Bank transfer (automatic),No,33.53,Low Risk
7602-MVRMB,72,Two year,Fiber optic,110.45,8058.85,Bank transfer (automatic),No,4.87,Low Risk
3325-FUYCG,28,One year,Fiber optic,106.1,2847.4,Electronic check,Yes,26.25,Low Risk
5908-QMGOE,15,Month-to-month,Fiber optic,74.2,1133.9,Credit card (automatic),Yes,60.89,Medium Risk
1197-BVMVG,4,Month-to-month,Fiber optic,74.45,294.45,Electronic check,No,76.74,High Risk
5406-KGRMX,71,Two year,No,24.55,1719.15,Electronic check,No,0.46,Low Risk
8481-YYXWG,5,Month-to-month,Fiber optic,89.35,461.7,Electronic check,Yes,60.3,Medium Risk
5968-HYJRZ,47,Two year,No,24.55,1160.45,Mailed check,No,0.83,Low Risk
5198-EFNBM,57,One year,Fiber optic,90.65,5199.8,Electronic check,No,20.81,Low Risk
7516-GMHUV,50,Two year,Fiber optic,105.05,5163.3,Credit card (automatic),No,14.4,Low Risk
7140-ADSMJ,8,Month-to-month,No,20.45,162.3,Credit card (automatic),No,18.39,Low Risk
2230-XTUWL,48,Two year,No,19.55,883.35,Mailed check,No,0.55,Low Risk
7706-YLMQA,70,One year,No,19.7,1341.5,Bank transfer (automatic),No,0.43,Low Risk
2585-KTFRE,1,Month-to-month,DSL,70.45,70.45,Bank transfer (automatic),No,21.54,Low Risk
7994-UYIVZ,8,Month-to-month,Fiber optic,85.65,659.45,Bank transfer (automatic),No,68.67,Medium Risk
2609-IAICY,1,Month-to-month,Fiber optic,77.15,77.15,Electronic check,Yes,75.0,High Risk
1740-CSDJP,1,Month-to-month,DSL,35.25,35.25,Bank transfer (automatic),Yes,61.62,Medium Risk
7717-BICXI,60,Two year,No,20.55,1205.05,Mailed check,No,0.32,Low Risk
6559-RAKOZ,49,One year,Fiber optic,97.95,4917.9,Electronic check,No,27.73,Low Risk
2636-OHFMN,4,Month-to-month,DSL,48.55,201.0,Electronic check,Yes,69.76,Medium Risk
4716-MRVEN,29,One year,No,20.0,599.3,Mailed check,No,3.08,Low Risk
2143-LJULT,67,Two year,No,25.25,1733.15,Credit card (automatic),No,0.54,Low Risk
1323-OOEPC,53,Month-to-month,Fiber optic,98.4,5149.5,Credit card (automatic),Yes,39.45,Low Risk
3200-MNQTF,67,Two year,DSL,70.9,4677.1,Credit card (automatic),No,0.61,Low Risk
6164-HXUGH,6,Month-to-month,No,19.85,119.3,Mailed check,No,13.24,Low Risk
5630-IXDXV,47,Month-to-month,Fiber optic,106.35,4849.1,Electronic check,No,52.55,Medium Risk
0320-DWVTU,53,Two year,Fiber optic,99.5,5424.25,Mailed check,No,3.29,Low Risk
9135-MGVPY,69,Two year,DSL,84.7,5878.9,Mailed check,No,1.4,Low Risk
1212-GLHMD,3,Month-to-month,Fiber optic,86.05,244.85,Mailed check,No,56.9,Medium Risk
7878-JGDKK,4,Month-to-month,DSL,44.55,220.75,Mailed check,No,33.01,Low Risk
1088-AUUZZ,56,Two year,DSL,75.85,4261.2,Credit card (automatic),No,1.46,Low Risk
0397-GZBBC,59,Month-to-month,Fiber optic,93.85,5574.75,Bank transfer (automatic),Yes,43.28,Medium Risk
6614-YWYSC,61,Two year,No,25.0,1501.75,Bank transfer (automatic),No,0.59,Low Risk
9588-OZDMQ,2,Month-to-month,DSL,45.0,89.75,Electronic check,No,50.88,Medium Risk
7641-EUYET,46,Month-to-month,Fiber optic,100.7,4541.2,Electronic check,Yes,35.72,Low Risk
6476-EPYZR,12,Month-to-month,No,20.5,255.5,Mailed check,No,10.47,Low Risk
9921-ZVRHG,14,Month-to-month,Fiber optic,80.45,1072.0,Electronic check,Yes,65.94,Medium Risk
1174-FGIFN,28,One year,Fiber optic,90.45,2509.25,Electronic check,No,32.31,Low Risk
6620-HVDUJ,24,Month-to-month,DSL,60.45,1440.75,Bank transfer (automatic),No,7.47,Low Risk
4701-MLJPN,31,Month-to-month,DSL,55.25,1715.65,Electronic check,Yes,18.46,Low Risk
1032-MAELW,68,One year,DSL,78.45,5333.35,Electronic check,No,2.88,Low Risk
7641-TQFHN,39,Two year,Fiber optic,100.55,3895.35,Mailed check,No,10.95,Low Risk
1552-TKMXS,42,Month-to-month,No,20.35,869.9,Credit card (automatic),No,3.12,Low Risk
9206-GVPEQ,13,Month-to-month,DSL,54.45,706.85,Electronic check,Yes,46.39,Medium Risk
8622-ZLFKO,6,Month-to-month,Fiber optic,90.75,512.25,Electronic check,No,73.75,High Risk
1596-BBVTG,35,Month-to-month,Fiber optic,75.35,2636.05,Credit card (automatic),Yes,31.72,Low Risk
6188-UXBBR,38,One year,No,20.25,814.75,Credit card (automatic),No,2.73,Low Risk
2333-KWEWW,18,Two year,No,20.05,388.6,Credit card (automatic),No,2.48,Low Risk
5702-SKUOB,4,Month-to-month,No,19.6,93.45,Mailed check,No,17.42,Low Risk
1134-YWTYF,27,Month-to-month,DSL,53.8,1389.85,Electronic check,No,19.02,Low Risk
6061-GWWAV,41,One year,DSL,70.2,2894.55,Mailed check,No,3.43,Low Risk
0679-TDGAK,50,One year,DSL,75.5,4025.6,Electronic check,No,4.13,Low Risk
6585-WCEWR,72,Two year,No,20.35,1354.4,Electronic check,No,0.25,Low Risk
9067-YGSCA,70,One year,No,26.05,1856.4,Credit card (automatic),No,0.61,Low Risk
9067-SQTNS,44,One year,No,20.6,926.0,Bank transfer (automatic),No,1.21,Low Risk
8433-WXGNA,2,Month-to-month,Fiber optic,75.7,189.2,Electronic check,Yes,60.18,Medium Risk
1776-SPBWV,34,One year,No,20.1,682.1,Bank transfer (automatic),No,2.68,Low Risk
8735-SDUFN,72,Two year,No,24.3,1778.7,Bank transfer (automatic),No,0.35,Low Risk
9668-PUGNU,71,Two year,No,24.5,1816.2,Electronic check,No,0.7,Low Risk
9405-GPBBG,64,Two year,Fiber optic,110.5,7069.25,Credit card (automatic),No,8.5,Low Risk
1926-QUZNN,72,Two year,No,25.25,1841.2,Bank transfer (automatic),No,0.44,Low Risk
3707-GNWHM,1,Month-to-month,Fiber optic,74.25,74.25,Mailed check,Yes,70.4,High Risk
7016-NVRIC,29,One year,Fiber optic,90.1,2656.7,Bank transfer (automatic),No,18.37,Low Risk
5829-NVSQN,23,One year,DSL,68.75,1689.45,Bank transfer (automatic),No,8.73,Low Risk
9565-AXSMR,52,Two year,No,19.2,1054.75,Mailed check,No,0.48,Low Risk
8922-LIEGH,25,Month-to-month,Fiber optic,89.7,2187.55,Electronic check,Yes,64.56,Medium Risk
8869-LIHMK,64,Two year,Fiber optic,115.1,7334.05,Bank transfer (automatic),No,6.28,Low Risk
8245-UMPYT,16,Month-to-month,Fiber optic,96.4,1581.2,Electronic check,Yes,78.29,High Risk
5186-SAMNZ,1,Month-to-month,Fiber optic,69.5,69.5,Bank transfer (automatic),Yes,65.59,Medium Risk
0447-RXSGD,24,Month-to-month,Fiber optic,99.65,2404.85,Bank transfer (automatic),No,60.23,Medium Risk
4927-WWOOZ,2,Month-to-month,Fiber optic,91.45,171.45,Electronic check,No,78.66,High Risk
5788-YPOEG,34,Two year,DSL,84.75,2839.45,Mailed check,No,2.2,Low Risk
5373-SFODM,36,Month-to-month,Fiber optic,85.25,3132.75,Credit card (automatic),Yes,51.44,Medium Risk
0661-KBKPA,53,One year,DSL,78.75,3942.45,Mailed check,No,7.25,Low Risk
9081-WWXKP,47,Two year,No,20.25,873.4,Credit card (automatic),No,0.51,Low Risk
0784-ZQJZX,72,Two year,No,19.9,1529.65,Credit card (automatic),No,0.17,Low Risk
3133-PZNSR,72,Two year,Fiber optic,97.75,6991.6,Credit card (automatic),No,2.83,Low Risk
5766-ZJYBB,1,Month-to-month,No,19.4,19.4,Mailed check,Yes,19.55,Low Risk
8931-GJJIQ,9,Month-to-month,Fiber optic,83.3,803.3,Electronic check,Yes,76.05,High Risk
4277-PVRAN,8,Month-to-month,Fiber optic,80.1,679.3,Bank transfer (automatic),Yes,61.57,Medium Risk
0022-TCJCI,45,One year,DSL,62.7,2791.5,Credit card (automatic),Yes,4.43,Low Risk
0722-SVSFK,7,Month-to-month,Fiber optic,100.4,715.0,Electronic check,No,67.12,Medium Risk
3612-YVGSJ,71,Two year,No,24.45,1681.6,Credit card (automatic),No,0.44,Low Risk
9825-YCXWZ,41,One year,Fiber optic,101.1,4016.2,Bank transfer (automatic),No,23.02,Low Risk
5397-NSKQG,67,Two year,DSL,50.9,3281.65,Credit card (automatic),No,1.31,Low Risk
8565-HBFNN,69,One year,Fiber optic,107.2,7317.1,Credit card (automatic),No,7.22,Low Risk
2000-DHJUY,70,Two year,DSL,92.2,6474.45,Bank transfer (automatic),No,2.02,Low Risk
0203-HHYIJ,25,One year,No,25.3,676.35,Bank transfer (automatic),Yes,4.75,Low Risk
8670-ERCJH,72,Two year,Fiber optic,113.4,8164.1,Bank transfer (automatic),No,3.79,Low Risk
7758-UJWYS,34,Two year,DSL,40.55,1325.85,Electronic check,No,7.78,Low Risk
2050-ONYDQ,65,Two year,No,26.0,1654.85,Credit card (automatic),No,0.32,Low Risk
7055-JCGNI,70,Two year,Fiber optic,111.95,7795.95,Credit card (automatic),No,5.38,Low Risk
0739-UUAJR,72,Two year,DSL,53.8,3952.45,Credit card (automatic),No,1.68,Low Risk
4826-DXMUP,35,One year,DSL,72.1,2495.15,Mailed check,No,9.11,Low Risk
0952-KMEEH,13,Month-to-month,Fiber optic,98.15,1230.25,Mailed check,Yes,54.68,Medium Risk
7285-KLOTR,12,One year,DSL,78.85,876.75,Electronic check,No,25.26,Low Risk
0654-PQKDW,62,One year,DSL,70.75,4263.45,Bank transfer (automatic),No,1.8,Low Risk
7175-NTIXE,25,Month-to-month,DSL,76.15,1992.95,Credit card (automatic),No,18.07,Low Risk
7963-SHNDT,52,Two year,DSL,39.1,1982.1,Mailed check,No,1.06,Low Risk
9796-BPKIW,8,Month-to-month,Fiber optic,69.95,562.7,Credit card (automatic),No,59.05,Medium Risk
0188-GWFLE,2,Month-to-month,No,20.05,33.7,Mailed check,No,18.62,Low Risk
8129-GMVGI,56,Two year,No,20.05,1090.1,Mailed check,No,0.38,Low Risk
2882-DDZPG,12,Month-to-month,No,19.45,227.45,Bank transfer (automatic),No,11.66,Low Risk
3547-LQRIK,47,One year,No,26.9,1250.85,Electronic check,No,2.56,Low Risk
9137-NOQKA,2,Month-to-month,No,19.2,37.2,Electronic check,No,26.84,Low Risk
5843-TTHGI,18,Month-to-month,DSL,50.0,892.7,Mailed check,No,27.59,Low Risk
1849-RJYIG,8,Month-to-month,DSL,60.0,487.75,Electronic check,No,40.02,Medium Risk
8868-GAGIO,45,Month-to-month,Fiber optic,84.55,3713.95,Mailed check,No,27.29,Low Risk
4061-UKJWL,3,Month-to-month,DSL,45.45,141.7,Mailed check,No,33.34,Low Risk
5380-XPJNZ,38,One year,No,20.05,678.2,Mailed check,No,2.0,Low Risk
8263-QMNTJ,72,Two year,Fiber optic,115.55,8425.3,Electronic check,No,8.03,Low Risk
8178-EYZUO,46,Month-to-month,Fiber optic,93.7,4154.8,Electronic check,Yes,36.8,Low Risk
3230-JCNZS,71,Two year,Fiber optic,99.0,7061.65,Credit card (automatic),No,4.0,Low Risk
0277-ORXQS,66,Two year,DSL,50.55,3364.55,Bank transfer (automatic),No,1.53,Low Risk
5130-IEKQT,25,Month-to-month,Fiber optic,105.95,2655.25,Mailed check,Yes,55.09,Medium Risk
3230-WYKIR,18,One year,DSL,82.0,1425.45,Credit card (automatic),Yes,21.18,Low Risk
7996-BPXHY,13,Two year,No,25.0,332.5,Bank transfer (automatic),No,4.9,Low Risk
3227-WLKLI,65,Two year,DSL,91.55,5963.95,Bank transfer (automatic),No,1.13,Low Risk
0407-BDJKB,60,Month-to-month,Fiber optic,95.75,5742.9,Electronic check,Yes,37.3,Low Risk
2266-FUBDZ,15,Two year,No,19.35,278.85,Mailed check,No,2.58,Low Risk
8237-ULIXL,72,Two year,No,24.85,1871.85,Credit card (automatic),No,0.3,Low Risk
9600-UDOPK,30,Month-to-month,Fiber optic,94.05,2866.45,Credit card (automatic),Yes,59.87,Medium Risk
8216-AZUUZ,42,Two year,Fiber optic,100.4,4303.65,Electronic check,No,14.24,Low Risk
9153-BTBVV,71,Two year,No,25.0,1753.0,Bank transfer (automatic),No,0.32,Low Risk
4074-SJFFA,1,Month-to-month,DSL,54.75,54.75,Mailed check,Yes,49.32,Medium Risk
3269-ATYWD,39,Month-to-month,Fiber optic,95.65,3759.05,Bank transfer (automatic),Yes,56.72,Medium Risk
5186-PEIZU,35,Month-to-month,No,19.25,617.65,Bank transfer (automatic),No,4.28,Low Risk
1074-AMIOH,53,Month-to-month,Fiber optic,108.25,5935.1,Bank transfer (automatic),No,22.54,Low Risk
4910-GMJOT,1,Month-to-month,Fiber optic,94.6,94.6,Electronic check,Yes,83.09,High Risk
0354-WYROK,31,Month-to-month,Fiber optic,98.9,2911.3,Electronic check,Yes,49.34,Medium Risk
4361-FEBGN,48,Two year,No,20.15,982.95,Credit card (automatic),No,0.62,Low Risk
7748-UMTRK,30,Month-to-month,Fiber optic,101.3,2974.5,Electronic check,No,57.39,Medium Risk
0380-ZCSBI,10,Month-to-month,No,20.0,198.7,Credit card (automatic),No,12.49,Low Risk
7145-FEJWU,12,Month-to-month,Fiber optic,105.3,1275.65,Electronic check,No,70.08,High Risk
6463-MVYRY,57,Two year,DSL,69.85,4003.0,Bank transfer (automatic),No,1.13,Low Risk
3969-JQABI,58,Month-to-month,DSL,65.25,3791.6,Credit card (automatic),No,5.93,Low Risk
9624-EGDEQ,37,Two year,No,19.8,813.3,Mailed check,No,1.14,Low Risk
1051-EQPZR,44,Month-to-month,No,19.6,780.25,Mailed check,No,2.5,Low Risk
5849-ASHZJ,27,One year,No,20.05,552.9,Credit card (automatic),No,2.51,Low Risk
5780-INQIK,8,Month-to-month,DSL,49.4,408.25,Electronic check,No,27.83,Low Risk
7576-OYWBN,3,Month-to-month,Fiber optic,76.05,231.8,Electronic check,Yes,77.21,High Risk
4526-ZJJTM,25,Month-to-month,Fiber optic,88.4,2191.15,Bank transfer (automatic),No,39.29,Low Risk
8384-FZBJK,57,Month-to-month,Fiber optic,100.6,5611.7,Electronic check,No,40.66,Medium Risk
3750-RNQKR,12,Month-to-month,No,19.45,246.25,Mailed check,No,12.49,Low Risk
0962-CQPWQ,62,Two year,No,20.3,1296.15,Bank transfer (automatic),No,0.27,Low Risk
3096-YXENJ,65,Two year,Fiber optic,107.65,7082.85,Bank transfer (automatic),No,8.95,Low Risk
1265-BCFEO,71,Two year,DSL,80.45,5662.25,Bank transfer (automatic),No,2.59,Low Risk
5837-LXSDN,21,One year,DSL,58.85,1215.45,Credit card (automatic),No,12.47,Low Risk
5945-AZYHT,71,One year,Fiber optic,109.6,7854.15,Electronic check,No,18.66,Low Risk
8325-QRPZR,7,Month-to-month,Fiber optic,75.15,525.0,Electronic check,No,64.8,Medium Risk
6384-VMJHP,72,Two year,DSL,73.0,5265.2,Credit card (automatic),No,0.75,Low Risk
2262-SLNVK,1,Month-to-month,Fiber optic,70.1,70.1,Electronic check,No,61.76,Medium Risk
7730-CLDSV,72,Two year,Fiber optic,98.65,7129.45,Bank transfer (automatic),No,4.2,Low Risk
1135-HIORI,64,One year,Fiber optic,111.45,7266.95,Electronic check,No,18.5,Low Risk
0164-APGRB,72,Two year,Fiber optic,114.9,8496.7,Electronic check,No,7.93,Low Risk
6481-ESCNL,29,Month-to-month,Fiber optic,100.55,2878.75,Bank transfer (automatic),No,49.98,Medium Risk
1790-NESIO,13,Two year,No,20.4,261.3,Mailed check,No,4.74,Low Risk
1550-EENBN,31,Month-to-month,Fiber optic,104.35,3205.6,Electronic check,No,45.42,Medium Risk
5539-TMZLF,1,Month-to-month,Fiber optic,69.75,69.75,Electronic check,Yes,73.58,High Risk
4323-SADQS,7,Month-to-month,DSL,34.5,279.25,Electronic check,Yes,35.42,Low Risk
4446-BZKHU,61,Month-to-month,Fiber optic,105.55,6281.45,Electronic check,Yes,44.52,Medium Risk
5202-IVJNU,39,Month-to-month,DSL,30.1,1131.3,Credit card (automatic),Yes,10.77,Low Risk
5976-JCJRH,10,Month-to-month,Fiber optic,70.3,738.2,Electronic check,Yes,64.24,Medium Risk
8198-RKSZG,14,Month-to-month,DSL,80.45,1137.05,Credit card (automatic),No,23.53,Low Risk
0137-OCGAB,1,Month-to-month,Fiber optic,80.2,80.2,Mailed check,Yes,65.66,Medium Risk
3351-NQLDI,67,One year,Fiber optic,94.35,6341.45,Credit card (automatic),Yes,6.6,Low Risk
9297-EONCV,72,Two year,DSL,91.35,6697.2,Bank transfer (automatic),No,1.66,Low Risk
7593-JNWRU,6,Month-to-month,DSL,44.6,260.8,Bank transfer (automatic),Yes,33.04,Low Risk
4588-YBNIB,1,Month-to-month,No,19.6,19.6,Mailed check,Yes,25.58,Low Risk
1069-QJOEE,25,One year,No,19.9,505.45,Electronic check,No,4.17,Low Risk
3336-JORSO,33,Month-to-month,Fiber optic,110.45,3655.45,Electronic check,Yes,58.04,Medium Risk
7799-DSEWS,18,Month-to-month,DSL,68.35,1299.8,Electronic check,No,25.22,Low Risk
8766-PAFNE,71,Two year,DSL,79.1,5564.85,Credit card (automatic),No,1.64,Low Risk
5315-CKEQK,28,One year,DSL,51.0,1381.8,Electronic check,No,18.46,Low Risk
3130-ICDUP,2,Month-to-month,Fiber optic,80.55,188.1,Credit card (automatic),No,41.9,Medium Risk
0820-FNRNX,17,Month-to-month,DSL,66.7,1077.05,Mailed check,No,20.53,Low Risk
0880-FVFWF,56,Month-to-month,Fiber optic,86.4,4922.4,Electronic check,No,24.14,Low Risk
4611-ANLQC,60,One year,DSL,50.05,2911.5,Electronic check,No,3.9,Low Risk
4213-HKBJO,33,Two year,No,25.7,826.1,Credit card (automatic),No,1.65,Low Risk
2792-LSHWX,1,Month-to-month,Fiber optic,83.4,83.4,Mailed check,No,40.07,Medium Risk
5028-GZLDO,2,Month-to-month,Fiber optic,70.7,140.7,Credit card (automatic),Yes,51.07,Medium Risk
0014-BMAQU,63,Two year,Fiber optic,84.65,5377.8,Credit card (automatic),No,3.53,Low Risk
6861-XWTWQ,7,Month-to-month,Fiber optic,99.25,665.45,Electronic check,Yes,82.81,High Risk
9018-PCIOK,55,Two year,DSL,64.75,3617.1,Mailed check,No,2.84,Low Risk
4837-QUSFT,65,One year,Fiber optic,100.15,6643.5,Bank transfer (automatic),No,8.15,Low Risk
6877-TJMBR,1,Month-to-month,Fiber optic,84.8,84.8,Electronic check,Yes,67.83,Medium Risk
9953-ZMKSM,63,Two year,No,25.25,1559.3,Mailed check,No,0.49,Low Risk
0907-HQNTS,70,Two year,Fiber optic,113.0,7987.6,Credit card (automatic),No,6.42,Low Risk
7665-NKLAV,36,Two year,DSL,40.65,1547.35,Credit card (automatic),No,1.77,Low Risk
6769-DCQLI,52,One year,Fiber optic,105.0,5426.85,Bank transfer (automatic),Yes,15.2,Low Risk
2433-KMEAS,22,Month-to-month,DSL,54.45,1127.35,Electronic check,Yes,29.49,Low Risk
4391-LNRXK,22,Month-to-month,Fiber optic,94.95,2142.8,Bank transfer (automatic),No,38.45,Low Risk
8250-ZNGGW,5,Month-to-month,DSL,59.9,287.85,Credit card (automatic),No,15.32,Low Risk
2195-ZRVAX,47,Month-to-month,Fiber optic,85.3,4045.65,Electronic check,Yes,40.82,Medium Risk
3550-SAHFP,33,Month-to-month,Fiber optic,83.35,2757.85,Electronic check,Yes,59.53,Medium Risk
2011-TRQYE,18,Month-to-month,DSL,33.5,600.0,Credit card (automatic),Yes,33.25,Low Risk
8562-GHPPI,1,Month-to-month,No,19.8,19.8,Credit card (automatic),No,17.57,Low Risk
5893-PYOLZ,56,Two year,DSL,81.8,4534.45,Credit card (automatic),No,2.55,Low Risk
4986-MXSFP,2,Month-to-month,No,20.0,40.9,Mailed check,No,24.56,Low Risk
6131-FOYAS,35,Month-to-month,DSL,59.6,2094.9,Electronic check,No,20.55,Low Risk
3027-YNWZU,64,Two year,No,25.0,1584.8,Credit card (automatic),No,0.42,Low Risk
5609-IMCGG,15,Month-to-month,Fiber optic,84.35,1302.65,Credit card (automatic),No,46.21,Medium Risk
4873-ILOLJ,24,Month-to-month,Fiber optic,90.35,2238.5,Electronic check,Yes,65.47,Medium Risk
4727-MCYZG,1,Month-to-month,DSL,55.55,55.55,Mailed check,No,40.3,Medium Risk
9481-WHGWY,70,Two year,DSL,75.35,5437.75,Credit card (automatic),No,0.72,Low Risk
2725-KXXWT,1,Month-to-month,Fiber optic,90.75,90.75,Electronic check,Yes,78.99,High Risk
9565-DJPIB,4,Month-to-month,Fiber optic,89.6,365.65,Mailed check,Yes,54.94,Medium Risk
4328-VUFWD,39,One year,DSL,59.3,2209.15,Electronic check,No,6.93,Low Risk
3301-LSLWQ,29,Month-to-month,DSL,66.1,1912.15,Electronic check,No,29.33,Low Risk
7473-ZBDSN,14,Two year,No,18.8,255.55,Mailed check,No,2.67,Low Risk
3166-PNEOF,61,Two year,DSL,86.45,5175.3,Credit card (automatic),No,1.64,Low Risk
5639-NTUPK,13,Month-to-month,DSL,52.1,670.65,Credit card (automatic),No,18.38,Low Risk
8780-YRMTT,66,Two year,DSL,47.4,3177.25,Mailed check,No,0.9,Low Risk
8348-HFYIV,2,Month-to-month,DSL,49.25,90.35,Electronic check,Yes,73.46,High Risk
5140-FOMCQ,59,One year,Fiber optic,109.15,6557.75,Credit card (automatic),No,16.97,Low Risk
6242-SGYTS,62,One year,Fiber optic,94.95,5791.85,Credit card (automatic),No,8.96,Low Risk
8166-ORCHU,33,One year,Fiber optic,93.55,3055.5,Electronic check,No,20.89,Low Risk
8414-OOEEL,66,Two year,DSL,79.5,5196.1,Credit card (automatic),No,1.51,Low Risk
8454-AATJP,72,Two year,Fiber optic,115.05,8405.0,Credit card (automatic),No,3.7,Low Risk
6849-WLEYG,1,Month-to-month,No,19.75,19.75,Mailed check,Yes,16.2,Low Risk
4659-NZRUF,19,Month-to-month,Fiber optic,95.15,1789.25,Electronic check,Yes,55.83,Medium Risk
4531-AUZNK,51,One year,Fiber optic,95.15,5000.05,Mailed check,No,11.3,Low Risk
4191-XOVOM,63,Month-to-month,Fiber optic,105.4,6713.2,Electronic check,No,27.97,Low Risk
2150-OEGBV,27,One year,No,20.1,562.6,Bank transfer (automatic),No,3.2,Low Risk
8429-XIBUM,22,Month-to-month,Fiber optic,101.35,2317.1,Bank transfer (automatic),Yes,55.42,Medium Risk
1855-CFULU,4,Month-to-month,No,20.05,91.45,Mailed check,No,19.14,Low Risk
4878-BUNFV,42,Two year,No,20.7,828.85,Mailed check,No,0.73,Low Risk
1872-EBWSC,29,One year,No,20.35,617.35,Mailed check,No,3.07,Low Risk
2608-BHKFN,4,Month-to-month,Fiber optic,70.05,266.9,Credit card (automatic),Yes,58.25,Medium Risk
7026-YMSBE,30,One year,No,19.7,625.05,Mailed check,No,3.03,Low Risk
7341-LXCAF,4,Month-to-month,Fiber optic,74.65,301.4,Electronic check,Yes,74.82,High Risk
6997-UVGOX,71,Two year,DSL,85.45,6029.9,Bank transfer (automatic),No,0.67,Low Risk
9674-EHPPG,46,Two year,DSL,40.4,1842.7,Credit card (automatic),No,1.47,Low Risk
9462-MJUAW,4,Month-to-month,DSL,50.4,206.6,Mailed check,Yes,39.12,Low Risk
8128-YVJRG,7,Month-to-month,Fiber optic,79.65,604.7,Mailed check,Yes,55.71,Medium Risk
5440-VHLUL,69,One year,Fiber optic,105.2,7386.05,Bank transfer (automatic),No,14.11,Low Risk
5781-BKHOP,72,Two year,Fiber optic,100.65,7334.05,Bank transfer (automatic),No,3.49,Low Risk
4283-FUTGF,19,Month-to-month,Fiber optic,79.85,1471.75,Electronic check,Yes,66.31,Medium Risk
5213-TWWJU,28,Month-to-month,Fiber optic,91.0,2626.15,Electronic check,No,37.92,Low Risk
1569-TTNYJ,5,Month-to-month,Fiber optic,78.75,412.1,Electronic check,Yes,71.13,High Risk
8628-MFKAX,72,Two year,Fiber optic,116.75,8277.05,Credit card (automatic),No,5.81,Low Risk
2397-BRLOM,8,Month-to-month,Fiber optic,80.45,583.45,Credit card (automatic),Yes,59.34,Medium Risk
7629-WIXZF,7,One year,DSL,59.1,369.25,Electronic check,No,25.6,Low Risk
5445-GLVOT,22,Month-to-month,DSL,49.8,1049.05,Electronic check,No,23.07,Low Risk
3976-HXHCE,72,Two year,No,19.3,1414.8,Bank transfer (automatic),No,0.21,Low Risk
2466-NEJOJ,8,Month-to-month,No,19.65,169.75,Credit card (automatic),No,11.44,Low Risk
0254-KCJGT,52,One year,DSL,81.4,4354.45,Credit card (automatic),No,4.08,Low Risk
5472-CVMDX,68,Two year,DSL,38.9,2719.2,Mailed check,No,0.64,Low Risk
6461-SZMCV,71,Two year,DSL,87.95,6365.35,Bank transfer (automatic),No,1.22,Low Risk
8150-QUDFX,2,Month-to-month,No,19.85,51.6,Mailed check,No,18.74,Low Risk
9508-ILZDG,34,Month-to-month,Fiber optic,96.35,3190.25,Electronic check,No,49.15,Medium Risk
2346-DJQTB,35,Month-to-month,DSL,24.15,812.5,Electronic check,No,21.55,Low Risk
1697-LYYYX,61,One year,No,19.1,1143.8,Credit card (automatic),No,0.52,Low Risk
1942-OQFRW,1,Month-to-month,DSL,44.0,44.0,Electronic check,No,43.16,Medium Risk
4749-VFKVB,1,Month-to-month,DSL,50.1,50.1,Mailed check,Yes,50.77,Medium Risk
9640-ZSLDC,53,One year,DSL,60.6,3297.0,Credit card (automatic),No,3.35,Low Risk
4231-LZUYM,72,Two year,No,25.65,1887.0,Bank transfer (automatic),No,0.31,Low Risk
7598-UAASY,2,Month-to-month,Fiber optic,76.4,151.8,Electronic check,Yes,60.45,Medium Risk
7938-OUHIO,3,Month-to-month,Fiber optic,98.7,293.65,Electronic check,Yes,70.56,High Risk
8510-AWCXC,13,Month-to-month,Fiber optic,100.8,1308.1,Electronic check,Yes,72.29,High Risk
6128-AQBMT,41,Month-to-month,DSL,53.95,2215.4,Electronic check,No,38.06,Low Risk
3594-BDSOA,24,One year,No,20.4,482.8,Credit card (automatic),No,3.52,Low Risk
0431-APWVY,28,One year,Fiber optic,90.1,2598.95,Bank transfer (automatic),Yes,31.29,Low Risk
5133-VRSAB,8,Month-to-month,DSL,29.35,216.45,Mailed check,No,31.7,Low Risk
5996-DAOQL,1,Month-to-month,No,20.45,20.45,Mailed check,No,25.68,Low Risk
6838-YAUVY,54,Two year,Fiber optic,95.1,5064.85,Bank transfer (automatic),No,8.79,Low Risk
0484-JPBRU,41,Month-to-month,No,25.25,996.45,Bank transfer (automatic),No,6.51,Low Risk
7883-ROJOC,19,Month-to-month,DSL,44.9,839.65,Mailed check,No,20.78,Low Risk
0244-LGNFY,72,Two year,DSL,92.65,6733.0,Bank transfer (automatic),No,0.93,Low Risk
7274-CGTOD,62,Two year,DSL,43.7,2618.3,Bank transfer (automatic),No,0.98,Low Risk
4295-YURET,56,Two year,DSL,72.6,4084.35,Credit card (automatic),No,1.88,Low Risk
3426-NIYYL,15,Month-to-month,DSL,51.55,765.5,Electronic check,Yes,35.75,Low Risk
8225-BTJAU,10,Month-to-month,Fiber optic,79.25,793.55,Electronic check,Yes,72.39,High Risk
4635-EJYPD,32,Two year,No,18.95,613.95,Mailed check,No,1.2,Low Risk
1866-ZSLJM,21,Month-to-month,No,20.5,402.85,Credit card (automatic),No,7.79,Low Risk
4636-TVXVG,62,One year,No,19.95,1244.8,Bank transfer (automatic),No,0.53,Low Risk
4236-UJPWO,2,Month-to-month,DSL,24.5,46.4,Electronic check,No,55.23,Medium Risk
9392-XBGTD,27,Two year,No,20.6,581.85,Mailed check,No,1.45,Low Risk
3387-VATUS,5,Month-to-month,Fiber optic,94.85,462.8,Bank transfer (automatic),Yes,75.14,High Risk
6402-SSEJG,25,One year,DSL,61.05,1540.2,Electronic check,No,17.43,Low Risk
1143-NMNQJ,2,Month-to-month,Fiber optic,85.7,169.8,Electronic check,Yes,78.88,High Risk
1169-SAOCL,49,One year,Fiber optic,106.65,5168.1,Bank transfer (automatic),No,20.86,Low Risk
1110-KYLGQ,63,Month-to-month,Fiber optic,108.25,6780.1,Credit card (automatic),No,19.61,Low Risk
9929-PLVPA,4,Month-to-month,No,20.4,94.5,Credit card (automatic),No,12.83,Low Risk
3518-PZXZQ,1,Month-to-month,DSL,55.3,55.3,Mailed check,No,49.54,Medium Risk
2371-JUNGC,11,Month-to-month,No,20.25,208.0,Mailed check,No,13.03,Low Risk
7693-QPEFS,52,Month-to-month,Fiber optic,72.95,3829.75,Bank transfer (automatic),No,31.77,Low Risk
0924-BJCRC,60,Month-to-month,Fiber optic,89.45,5294.6,Electronic check,No,30.84,Low Risk
5074-FBGHB,64,One year,Fiber optic,104.65,6889.8,Credit card (automatic),No,17.58,Low Risk
2351-BKRZW,43,Two year,DSL,75.2,3254.35,Bank transfer (automatic),No,2.44,Low Risk
4455-BFSPD,61,One year,Fiber optic,101.15,6383.9,Bank transfer (automatic),No,13.64,Low Risk
0415-MOSGF,1,Month-to-month,DSL,44.4,44.4,Mailed check,Yes,35.1,Low Risk
1724-BQUHA,5,Month-to-month,Fiber optic,89.5,477.7,Electronic check,Yes,79.57,High Risk
3948-KXDUF,66,Two year,DSL,68.75,4447.55,Bank transfer (automatic),No,0.64,Low Risk
2323-ARSVR,67,Two year,Fiber optic,111.05,7321.05,Electronic check,No,6.07,Low Risk
0815-MFZGM,42,Two year,Fiber optic,99.0,4135.0,Credit card (automatic),No,11.95,Low Risk
4826-XTSOH,1,Month-to-month,Fiber optic,86.05,86.05,Electronic check,Yes,82.17,High Risk
5480-XTFFL,31,Two year,No,21.0,697.7,Mailed check,No,1.21,Low Risk
8295-FHIVV,7,Month-to-month,No,19.4,168.65,Mailed check,No,21.17,Low Risk
2495-INZWQ,4,Month-to-month,DSL,44.55,174.3,Electronic check,Yes,72.5,High Risk
9086-YJYXS,34,One year,DSL,77.2,2753.8,Bank transfer (automatic),No,11.98,Low Risk
1179-INLAT,3,One year,No,19.45,69.25,Mailed check,No,13.73,Low Risk
7909-FIOIY,19,Month-to-month,DSL,24.85,434.8,Mailed check,No,32.83,Low Risk
4139-SUGLD,31,Month-to-month,DSL,35.4,1077.5,Bank transfer (automatic),Yes,8.2,Low Risk
6857-VWJDT,1,Month-to-month,Fiber optic,95.65,95.65,Mailed check,Yes,70.88,High Risk
6351-SCJKT,3,Month-to-month,DSL,41.35,107.25,Mailed check,No,27.05,Low Risk
5468-BPMMO,46,Month-to-month,No,19.6,851.2,Electronic check,No,3.93,Low Risk
5624-BQSSA,1,Month-to-month,No,20.95,20.95,Mailed check,Yes,18.75,Low Risk
0197-PNKNK,69,One year,Fiber optic,84.45,5848.6,Bank transfer (automatic),No,4.32,Low Risk
2439-QKJUL,5,Month-to-month,No,20.25,109.8,Mailed check,No,16.6,Low Risk
1194-SPVSP,1,Month-to-month,No,19.65,19.65,Bank transfer (automatic),No,18.34,Low Risk
9534-NSXEM,26,One year,No,20.65,595.5,Credit card (automatic),No,4.67,Low Risk
2408-WITXK,10,Month-to-month,DSL,34.7,329.8,Electronic check,Yes,64.56,Medium Risk
8929-KSWIH,25,Two year,Fiber optic,99.3,2513.5,Bank transfer (automatic),No,13.51,Low Risk
2250-IVBWA,64,Month-to-month,Fiber optic,81.05,5135.35,Electronic check,No,8.65,Low Risk
1810-MVMAI,30,Month-to-month,DSL,67.6,2000.2,Electronic check,No,9.9,Low Risk
9506-UXUSK,13,Month-to-month,Fiber optic,70.15,931.75,Electronic check,No,61.31,Medium Risk
1229-RCALF,64,One year,Fiber optic,115.0,7396.15,Electronic check,No,16.43,Low Risk
3572-UOLYZ,46,Month-to-month,Fiber optic,84.8,3958.85,Bank transfer (automatic),No,21.97,Low Risk
1429-UYJSV,12,One year,No,19.7,260.9,Mailed check,No,6.59,Low Risk
5577-OTWWW,15,Month-to-month,No,19.75,297.3,Bank transfer (automatic),Yes,10.26,Low Risk
6100-QQHEB,17,Month-to-month,Fiber optic,92.55,1515.1,Electronic check,Yes,72.45,High Risk
6366-XIVKZ,13,Month-to-month,DSL,63.15,816.8,Mailed check,No,25.01,Low Risk
3470-OBUET,67,Two year,DSL,74.0,4868.4,Credit card (automatic),No,0.68,Low Risk
2770-NSVDG,24,Month-to-month,DSL,29.1,688.0,Electronic check,No,31.97,Low Risk
9375-MHRRS,6,Month-to-month,DSL,50.05,288.35,Mailed check,No,23.51,Low Risk
2634-HCZGT,53,One year,DSL,60.05,3229.65,Electronic check,Yes,5.26,Low Risk
7503-QQRVF,16,Month-to-month,Fiber optic,74.3,1178.25,Credit card (automatic),Yes,48.87,Medium Risk
4860-YZGZM,10,Month-to-month,No,20.0,185.4,Electronic check,No,17.68,Low Risk
6599-GZWCM,13,One year,Fiber optic,74.65,966.25,Mailed check,No,32.38,Low Risk
2691-NZETQ,9,Month-to-month,Fiber optic,85.35,758.6,Electronic check,Yes,75.5,High Risk
4404-HIBDJ,25,One year,DSL,74.3,1863.8,Mailed check,Yes,5.13,Low Risk
5533-NHFRF,7,Month-to-month,DSL,44.4,265.8,Electronic check,No,55.24,Medium Risk
7037-MTYVW,38,Two year,DSL,85.4,3297.0,Bank transfer (automatic),No,4.23,Low Risk
4760-THGOT,43,Month-to-month,Fiber optic,94.1,4107.3,Electronic check,No,39.95,Low Risk
7295-JOMMD,4,Month-to-month,Fiber optic,98.1,396.3,Bank transfer (automatic),Yes,55.75,Medium Risk
4016-BJKTZ,25,Two year,Fiber optic,108.9,2809.05,Electronic check,No,21.24,Low Risk
6584-VQMYT,27,One year,DSL,56.2,1567.55,Mailed check,No,4.18,Low Risk
9838-BFCQT,72,Two year,No,26.1,1851.45,Mailed check,No,0.27,Low Risk
2790-XUYMV,71,One year,Fiber optic,85.45,6028.95,Credit card (automatic),No,4.87,Low Risk
0581-MDMPW,24,Month-to-month,Fiber optic,88.95,2072.75,Credit card (automatic),No,55.5,Medium Risk
5013-SBUIH,50,Two year,Fiber optic,109.65,5551.15,Electronic check,Yes,12.2,Low Risk
1023-BQXZE,57,Two year,DSL,74.35,4317.35,Bank transfer (automatic),No,2.82,Low Risk
9163-GHAYE,15,Month-to-month,DSL,48.85,736.8,Electronic check,No,26.36,Low Risk
3904-UKFRE,4,Month-to-month,Fiber optic,80.1,336.15,Electronic check,No,65.54,Medium Risk
5353-WILCI,28,Month-to-month,DSL,56.05,1522.65,Electronic check,No,12.17,Low Risk
0709-TVGUR,9,Month-to-month,Fiber optic,74.55,622.9,Electronic check,Yes,73.36,High Risk
0058-EVZWM,55,Month-to-month,Fiber optic,89.8,4959.6,Bank transfer (automatic),No,26.1,Low Risk
6023-YEBUP,3,Month-to-month,Fiber optic,100.95,329.95,Electronic check,Yes,81.76,High Risk
7209-JCUDS,10,Month-to-month,Fiber optic,94.9,1048.85,Electronic check,Yes,73.99,High Risk
7009-PCARS,55,One year,No,19.1,1001.5,Bank transfer (automatic),No,0.71,Low Risk
0519-DRGTI,20,Month-to-month,No,20.35,442.6,Mailed check,No,7.38,Low Risk
1017-FBQMM,62,One year,Fiber optic,106.05,6703.5,Credit card (automatic),No,13.27,Low Risk
3001-CBHLQ,32,Month-to-month,Fiber optic,104.9,3351.55,Electronic check,Yes,63.1,Medium Risk
1985-MBRYP,43,Two year,No,19.65,779.25,Bank transfer (automatic),No,1.13,Low Risk
6158-DWPZT,9,One year,DSL,24.1,259.8,Bank transfer (automatic),Yes,24.3,Low Risk
9372-TXXPS,60,Two year,DSL,59.85,3483.45,Bank transfer (automatic),No,0.53,Low Risk
3259-QMXUN,58,Two year,DSL,86.1,4890.5,Electronic check,No,4.83,Low Risk
1015-JPFYW,7,One year,No,19.45,136.75,Mailed check,No,6.78,Low Risk
6645-MXQJT,2,Month-to-month,Fiber optic,97.1,184.15,Electronic check,No,56.2,Medium Risk
4360-QRAVE,37,Month-to-month,DSL,36.65,1315.0,Electronic check,No,20.13,Low Risk
8433-WPJTV,65,One year,Fiber optic,103.9,6767.1,Bank transfer (automatic),No,15.96,Low Risk
5804-JMYIO,39,Two year,No,19.75,757.95,Mailed check,No,0.84,Low Risk
3763-GCZHZ,66,One year,Fiber optic,104.05,6890.0,Electronic check,Yes,20.71,Low Risk
6484-LATFU,68,Two year,No,24.55,1657.4,Mailed check,No,0.39,Low Risk
7599-NTMDP,62,Two year,DSL,48.7,3008.55,Bank transfer (automatic),No,0.77,Low Risk
0772-GYEQQ,3,Month-to-month,Fiber optic,88.35,262.05,Mailed check,Yes,58.51,Medium Risk
0536-ACXIP,72,Two year,Fiber optic,109.55,8165.1,Electronic check,No,10.65,Low Risk
0936-NQLJU,41,Two year,No,20.65,875.55,Credit card (automatic),No,0.86,Low Risk
4831-EOBFE,29,Month-to-month,Fiber optic,94.65,2649.15,Credit card (automatic),Yes,28.56,Low Risk
1575-KRZZE,4,Month-to-month,DSL,55.2,220.65,Electronic check,No,26.17,Low Risk
3251-YMVWZ,53,One year,No,24.05,1301.9,Bank transfer (automatic),No,1.39,Low Risk
4102-OQUPX,1,Month-to-month,Fiber optic,74.4,74.4,Electronic check,Yes,79.22,High Risk
9170-GYZJC,41,Month-to-month,DSL,79.9,3326.2,Credit card (automatic),Yes,6.19,Low Risk
4884-LEVMQ,39,Two year,No,20.45,790.0,Bank transfer (automatic),No,1.42,Low Risk
8857-CUPFQ,63,Two year,No,19.25,1237.65,Mailed check,No,0.35,Low Risk
7610-TVOPG,15,Month-to-month,No,26.35,378.6,Electronic check,No,24.65,Low Risk
3638-DIMPH,13,One year,DSL,43.8,592.65,Electronic check,No,18.82,Low Risk
1845-ZLLIG,1,Month-to-month,DSL,50.15,50.15,Mailed check,No,39.8,Low Risk
8559-WNQZS,1,Two year,No,20.45,20.45,Mailed check,No,5.76,Low Risk
3999-QGRJH,8,Month-to-month,Fiber optic,69.7,560.85,Electronic check,Yes,68.62,Medium Risk
1699-UOTXU,60,Two year,DSL,61.4,3638.25,Electronic check,No,1.1,Low Risk
2454-RPBRZ,12,Month-to-month,Fiber optic,98.1,1060.2,Electronic check,Yes,71.35,High Risk
0635-WKOLD,40,One year,DSL,70.75,2921.75,Credit card (automatic),No,5.87,Low Risk
5993-JSUWV,66,Two year,DSL,61.15,4017.45,Bank transfer (automatic),No,0.86,Low Risk
4518-FZBSX,42,One year,No,20.25,854.9,Mailed check,No,1.42,Low Risk
5387-ASZNZ,66,One year,DSL,63.85,4174.35,Credit card (automatic),No,1.9,Low Risk
6988-CJEYV,49,Month-to-month,Fiber optic,98.7,4920.55,Electronic check,No,43.98,Medium Risk
2002-MZHWP,1,Month-to-month,No,20.5,20.5,Mailed check,Yes,18.89,Low Risk
3097-FQTVJ,41,Two year,No,20.0,810.3,Mailed check,No,0.93,Low Risk
5465-BUBFA,41,Two year,No,19.3,772.4,Bank transfer (automatic),No,0.71,Low Risk
7299-GNVPL,23,Month-to-month,Fiber optic,84.4,1936.85,Mailed check,No,15.63,Low Risk
9743-DQKQW,3,Month-to-month,DSL,25.1,79.8,Electronic check,No,54.4,Medium Risk
1215-VFYVK,4,Month-to-month,DSL,48.25,202.25,Mailed check,No,31.82,Low Risk
9371-BITHB,52,Two year,No,19.85,1070.5,Mailed check,No,0.46,Low Risk
2265-CYWIV,4,Month-to-month,Fiber optic,99.6,347.65,Electronic check,Yes,77.51,High Risk
9093-FPDLG,11,Month-to-month,Fiber optic,94.2,999.9,Electronic check,No,55.0,Medium Risk
0541-FITGH,2,Month-to-month,DSL,62.15,113.1,Mailed check,No,37.36,Low Risk
6985-HAYWX,26,Month-to-month,Fiber optic,79.3,2015.8,Bank transfer (automatic),No,35.8,Low Risk
7508-KBIMB,24,One year,DSL,56.25,1454.25,Credit card (automatic),No,7.07,Low Risk
6838-HVLXG,12,Month-to-month,No,20.3,246.7,Mailed check,No,12.31,Low Risk
2277-DJJDL,60,Month-to-month,Fiber optic,99.0,6017.9,Electronic check,No,44.72,Medium Risk
1897-OKVMW,64,Two year,DSL,90.6,5817.45,Mailed check,No,1.82,Low Risk
5485-ITNPC,66,Two year,DSL,85.9,5595.3,Bank transfer (automatic),No,1.38,Low Risk
0233-FTHAV,60,One year,Fiber optic,79.2,4765.0,Bank transfer (automatic),No,13.15,Low Risk
4644-PIZRT,17,One year,DSL,70.35,1201.65,Bank transfer (automatic),No,15.1,Low Risk
8922-NPKBJ,42,Two year,No,19.35,867.3,Mailed check,No,0.76,Low Risk
2740-TVLFN,1,Month-to-month,DSL,50.15,50.15,Electronic check,No,58.94,Medium Risk
7771-CFQRQ,47,Two year,DSL,63.8,3007.25,Bank transfer (automatic),No,1.43,Low Risk
9512-PHSMG,10,Month-to-month,No,20.55,252.75,Mailed check,No,18.66,Low Risk
6963-EZQEE,70,Two year,DSL,88.55,6306.5,Credit card (automatic),No,2.07,Low Risk
2452-KDRRH,67,Month-to-month,Fiber optic,101.4,6841.05,Credit card (automatic),No,37.28,Low Risk
2004-OCQXK,1,Month-to-month,Fiber optic,81.95,81.95,Electronic check,Yes,73.84,High Risk
5027-QPKTE,7,Month-to-month,Fiber optic,69.35,451.1,Electronic check,Yes,66.61,Medium Risk
4146-SVFUD,1,Month-to-month,DSL,44.6,44.6,Mailed check,No,35.51,Low Risk
1564-HJUVY,4,Month-to-month,DSL,63.75,226.2,Bank transfer (automatic),No,32.53,Low Risk
3617-XLSGQ,66,Two year,Fiber optic,109.25,7082.5,Bank transfer (automatic),No,4.54,Low Risk
7517-LDMPS,12,Month-to-month,Fiber optic,84.6,1017.35,Electronic check,No,63.68,Medium Risk
7244-KXYZN,24,One year,No,20.45,527.35,Credit card (automatic),No,3.49,Low Risk
5226-NOZFC,26,Month-to-month,Fiber optic,85.75,2146.5,Electronic check,No,52.71,Medium Risk
2672-HUYVI,6,Month-to-month,Fiber optic,91.1,455.3,Electronic check,Yes,75.13,High Risk
1400-WIVLL,57,Two year,Fiber optic,107.95,5969.85,Electronic check,No,11.27,Low Risk
7508-MYBOG,14,Month-to-month,Fiber optic,86.1,1235.55,Electronic check,Yes,72.86,High Risk
8148-NLEGT,42,Two year,No,22.95,1014.25,Electronic check,No,1.42,Low Risk
0148-DCDOS,25,Month-to-month,Fiber optic,94.7,2362.1,Bank transfer (automatic),Yes,63.0,Medium Risk
8347-GDTMP,64,Two year,No,19.45,1225.65,Credit card (automatic),No,0.3,Low Risk
9992-RRAMN,22,Month-to-month,Fiber optic,85.1,1873.7,Electronic check,Yes,67.89,Medium Risk
6746-WAUWT,19,One year,No,19.7,386.5,Credit card (automatic),No,6.36,Low Risk
0310-MVLET,61,Month-to-month,Fiber optic,99.15,6010.05,Electronic check,Yes,38.68,Low Risk
0428-IKYCP,22,Month-to-month,Fiber optic,87.0,1850.65,Bank transfer (automatic),No,49.88,Medium Risk
4550-VBOFE,70,Month-to-month,Fiber optic,102.95,7101.5,Electronic check,Yes,42.75,Medium Risk
2187-PKZAY,12,Month-to-month,Fiber optic,79.95,1043.4,Bank transfer (automatic),No,59.33,Medium Risk
4003-OCTMP,31,One year,DSL,64.0,1910.75,Electronic check,No,9.23,Low Risk
6652-YFFJO,11,Month-to-month,DSL,64.9,716.1,Electronic check,No,53.56,Medium Risk
7225-IILWY,68,Two year,No,25.75,1686.15,Mailed check,No,0.32,Low Risk
5248-RPYWW,72,Two year,DSL,90.15,6716.45,Bank transfer (automatic),No,1.62,Low Risk
7923-IYJWY,67,Two year,Fiber optic,116.1,7839.85,Credit card (automatic),No,6.79,Low Risk
3170-GWYKC,60,Month-to-month,Fiber optic,104.95,6236.75,Bank transfer (automatic),No,18.23,Low Risk
5696-QURRL,1,Month-to-month,DSL,45.05,45.05,Mailed check,Yes,44.19,Medium Risk
7409-KIUTL,1,Month-to-month,Fiber optic,71.0,71.0,Electronic check,Yes,68.05,Medium Risk
9830-ECLEN,58,One year,DSL,50.0,2919.85,Mailed check,No,2.63,Low Risk
1732-VHUBQ,47,Month-to-month,Fiber optic,70.55,3309.25,Bank transfer (automatic),Yes,17.31,Low Risk
0495-RVCBF,1,Month-to-month,Fiber optic,79.7,79.7,Electronic check,Yes,74.67,High Risk
2668-TZSPS,1,Month-to-month,No,20.45,20.45,Mailed check,No,19.24,Low Risk
7854-EDSSA,22,Month-to-month,DSL,59.0,1254.7,Electronic check,Yes,20.03,Low Risk
8869-TORSS,48,One year,DSL,60.35,2896.4,Credit card (automatic),Yes,2.55,Low Risk
7446-SFAOA,37,One year,No,19.85,717.5,Bank transfer (automatic),No,2.91,Low Risk
9522-ZSINC,13,One year,No,19.95,253.8,Electronic check,No,11.86,Low Risk
8234-GSZYK,43,Two year,No,26.45,1110.05,Bank transfer (automatic),No,1.1,Low Risk
6505-OZNPG,6,Two year,DSL,63.4,348.8,Mailed check,No,14.42,Low Risk
6164-HAQTX,71,Two year,DSL,53.95,3888.65,Bank transfer (automatic),No,0.72,Low Risk
0679-IDSTG,1,Month-to-month,Fiber optic,69.25,69.25,Electronic check,Yes,69.22,Medium Risk
7765-LWVVH,72,Two year,Fiber optic,95.1,6843.15,Electronic check,No,5.46,Low Risk
1658-TJVOA,6,Month-to-month,Fiber optic,74.1,450.9,Electronic check,No,60.44,Medium Risk
0953-LGOVU,12,Month-to-month,DSL,35.5,432.25,Mailed check,No,21.82,Low Risk
2115-BFTIW,25,Month-to-month,Fiber optic,70.95,1767.35,Mailed check,Yes,34.19,Low Risk
4692-NNQRU,21,One year,Fiber optic,79.2,1742.45,Electronic check,No,22.58,Low Risk
7742-MYPGI,6,Month-to-month,DSL,48.8,297.35,Mailed check,No,26.79,Low Risk
0611-DFXKO,20,Month-to-month,Fiber optic,89.0,1820.45,Mailed check,Yes,61.85,Medium Risk
7780-OTDSO,18,Month-to-month,Fiber optic,99.4,1742.95,Electronic check,Yes,67.48,Medium Risk
9619-GSATL,43,One year,DSL,55.45,2444.25,Electronic check,No,4.03,Low Risk
5622-UEJFI,35,Two year,No,25.4,949.8,Credit card (automatic),No,1.83,Low Risk
9747-DDZOS,1,Month-to-month,Fiber optic,73.5,73.5,Bank transfer (automatic),Yes,52.19,Medium Risk
0674-DGMAQ,32,Month-to-month,Fiber optic,93.5,2970.8,Electronic check,No,61.1,Medium Risk
6203-HBZPA,52,Two year,DSL,63.9,3334.95,Credit card (automatic),No,1.99,Low Risk
0484-FFVBJ,32,One year,DSL,64.85,2010.95,Bank transfer (automatic),No,15.54,Low Risk
0301-FIDRB,72,Two year,DSL,63.8,4684.3,Bank transfer (automatic),No,1.19,Low Risk
4139-JPIAM,51,Month-to-month,DSL,44.45,2181.55,Credit card (automatic),No,8.36,Low Risk
2181-TIDSV,68,Two year,No,19.95,1303.25,Bank transfer (automatic),No,0.3,Low Risk
2761-XECQW,8,Month-to-month,DSL,43.35,371.4,Mailed check,No,56.24,Medium Risk
1936-CZAKF,49,Two year,DSL,49.65,2409.9,Credit card (automatic),No,4.26,Low Risk
9453-PATOS,72,Two year,DSL,85.1,6155.4,Mailed check,No,0.86,Low Risk
0564-JJHGS,9,Month-to-month,Fiber optic,95.5,829.1,Electronic check,Yes,79.56,High Risk
3348-CFRNX,28,Month-to-month,Fiber optic,92.35,2602.9,Mailed check,Yes,46.09,Medium Risk
4402-FTBXC,54,Month-to-month,Fiber optic,89.8,4667.0,Mailed check,No,15.71,Low Risk
1428-GTBJJ,11,Month-to-month,Fiber optic,74.55,824.75,Electronic check,Yes,59.14,Medium Risk
2931-XIQBR,50,One year,Fiber optic,103.05,5153.5,Mailed check,No,11.08,Low Risk
0106-UGRDO,69,Two year,Fiber optic,116.0,8182.85,Electronic check,No,8.53,Low Risk
5542-TBBWB,1,Month-to-month,Fiber optic,69.9,69.9,Electronic check,No,70.62,High Risk
1930-QPBVZ,68,Two year,Fiber optic,95.1,6683.4,Bank transfer (automatic),No,1.67,Low Risk
2606-PKWJB,40,One year,DSL,40.25,1564.05,Mailed check,No,2.69,Low Risk
5322-ZSMZY,31,Two year,No,25.75,755.6,Mailed check,No,1.66,Low Risk
8059-UDZFY,33,Month-to-month,Fiber optic,105.35,3465.05,Bank transfer (automatic),No,51.27,Medium Risk
7740-BTPUX,55,Two year,Fiber optic,113.6,6292.7,Electronic check,No,17.36,Low Risk
5220-AGAAX,68,Two year,No,24.0,1664.3,Bank transfer (automatic),No,0.44,Low Risk
0208-BPQEJ,12,Month-to-month,No,19.4,198.1,Bank transfer (automatic),No,9.68,Low Risk
9435-JMLSX,71,Two year,DSL,86.1,6045.9,Bank transfer (automatic),No,1.19,Low Risk
3352-ALMCK,40,Month-to-month,Fiber optic,102.65,4108.15,Mailed check,No,51.76,Medium Risk
5312-IRCFR,64,One year,Fiber optic,92.85,5980.75,Electronic check,No,17.39,Low Risk
5294-IMHHT,53,One year,Fiber optic,97.75,5043.2,Bank transfer (automatic),No,10.34,Low Risk
8802-UNOJF,12,Month-to-month,Fiber optic,83.8,1029.75,Mailed check,Yes,45.04,Medium Risk
6313-GIDIT,53,Month-to-month,DSL,54.45,2854.55,Electronic check,Yes,27.27,Low Risk
6176-YJWAS,72,Two year,Fiber optic,97.95,7114.25,Credit card (automatic),No,4.96,Low Risk
5310-NOOVA,46,Two year,No,19.95,907.05,Electronic check,No,1.03,Low Risk
4526-EXKKN,40,Two year,No,24.6,973.95,Mailed check,No,2.0,Low Risk
5311-IHLEI,12,Month-to-month,DSL,50.95,605.75,Bank transfer (automatic),No,27.88,Low Risk
3987-KQDDU,9,Month-to-month,Fiber optic,75.6,661.55,Electronic check,No,44.91,Medium Risk
3404-JNXAX,51,Month-to-month,Fiber optic,80.75,4116.9,Electronic check,No,25.72,Low Risk
5131-PONJI,49,Month-to-month,Fiber optic,90.4,4494.65,Credit card (automatic),No,23.8,Low Risk
2845-AFFTX,41,Month-to-month,Fiber optic,99.8,4259.3,Electronic check,Yes,66.08,Medium Risk
3489-VSFRD,56,One year,DSL,60.25,3282.75,Credit card (automatic),No,1.87,Low Risk
3345-JHUEO,4,Month-to-month,No,20.2,55.7,Electronic check,No,29.04,Low Risk
5815-HGGHV,20,One year,DSL,64.15,1274.45,Mailed check,No,10.31,Low Risk
5260-UMPWX,26,Month-to-month,No,20.25,493.95,Credit card (automatic),No,7.22,Low Risk
2249-YPRNG,20,Month-to-month,Fiber optic,105.85,2239.65,Bank transfer (automatic),Yes,57.29,Medium Risk
7410-YTJIK,7,Month-to-month,Fiber optic,75.45,480.75,Mailed check,Yes,55.92,Medium Risk
4626-GYCZP,7,Month-to-month,Fiber optic,93.85,635.6,Electronic check,Yes,80.97,High Risk
5649-RXQTV,51,Month-to-month,Fiber optic,99.0,5038.15,Electronic check,No,43.14,Medium Risk
2674-MIAHT,4,Month-to-month,Fiber optic,80.3,324.2,Mailed check,No,63.41,Medium Risk
2576-HXMPA,1,Month-to-month,No,19.55,19.55,Credit card (automatic),No,17.64,Low Risk
7587-AOVVU,27,Month-to-month,Fiber optic,100.75,2793.55,Electronic check,No,29.33,Low Risk
5590-BYNII,22,Month-to-month,Fiber optic,100.75,2095.0,Electronic check,Yes,63.68,Medium Risk
6898-MDLZW,12,Month-to-month,DSL,53.75,648.65,Mailed check,No,23.43,Low Risk
3237-AJGEH,3,Month-to-month,DSL,31.0,95.05,Mailed check,Yes,40.73,Medium Risk
4707-YNOQA,34,One year,No,25.6,917.15,Credit card (automatic),No,3.6,Low Risk
9357-UJRUN,24,One year,DSL,58.35,1346.9,Electronic check,No,12.35,Low Risk
1591-NFNLQ,51,Month-to-month,Fiber optic,80.0,4242.35,Credit card (automatic),Yes,22.43,Low Risk
8648-PFRMP,14,Month-to-month,DSL,46.35,672.7,Electronic check,No,65.97,Medium Risk
7663-CUXZB,59,Two year,Fiber optic,113.75,6561.25,Electronic check,No,7.25,Low Risk
0258-NOKBL,3,Month-to-month,Fiber optic,90.4,268.45,Electronic check,No,60.83,Medium Risk
1163-VIPRI,65,Two year,Fiber optic,109.3,7337.55,Electronic check,No,6.02,Low Risk
2815-CPTUL,5,Month-to-month,Fiber optic,70.25,331.9,Mailed check,Yes,63.68,Medium Risk
9348-ROUAI,59,Two year,DSL,90.3,5194.05,Credit card (automatic),No,1.28,Low Risk
9443-JUBUO,72,Two year,DSL,65.25,4478.85,Credit card (automatic),No,1.09,Low Risk
0596-BQCEQ,62,Month-to-month,Fiber optic,100.15,6283.3,Electronic check,Yes,31.16,Low Risk
1481-ZUWZA,28,Month-to-month,Fiber optic,94.5,2659.4,Credit card (automatic),Yes,40.15,Medium Risk
3043-TYBNO,3,Month-to-month,DSL,60.65,196.9,Mailed check,No,30.16,Low Risk
4830-FAXFM,19,Month-to-month,No,24.1,439.2,Credit card (automatic),No,13.03,Low Risk
5906-BFOZT,1,Month-to-month,No,19.5,19.5,Mailed check,No,26.03,Low Risk
2960-NKRSO,24,Month-to-month,Fiber optic,85.95,2107.15,Electronic check,No,39.25,Low Risk
8996-ZROXE,57,One year,DSL,53.5,3035.8,Electronic check,No,4.61,Low Risk
5598-IKHQQ,72,Two year,No,25.45,1866.45,Credit card (automatic),No,0.29,Low Risk
0397-ZXWQF,67,Two year,No,20.5,1430.95,Bank transfer (automatic),No,0.27,Low Risk
5266-PFRQK,52,One year,No,20.85,1071.6,Credit card (automatic),No,1.16,Low Risk
4674-HGNUA,71,Two year,DSL,89.9,6457.15,Credit card (automatic),No,0.96,Low Risk
6765-MBQNU,26,One year,No,26.0,684.05,Mailed check,No,4.8,Low Risk
9786-IJYDL,35,Two year,Fiber optic,113.2,3914.05,Mailed check,No,12.87,Low Risk
1303-SRDOK,55,Two year,Fiber optic,69.05,3842.6,Credit card (automatic),No,4.84,Low Risk
3769-MHZNV,33,Two year,No,20.1,670.35,Mailed check,No,1.1,Low Risk
6295-OSINB,72,Two year,Fiber optic,109.65,7880.25,Electronic check,No,10.21,Low Risk
3308-MHOOC,1,Month-to-month,No,19.2,19.2,Mailed check,No,22.08,Low Risk
2309-OSFEU,10,Month-to-month,DSL,33.9,298.45,Mailed check,Yes,54.37,Medium Risk
2207-QPJED,37,Month-to-month,Fiber optic,90.0,3371.75,Electronic check,No,35.07,Low Risk
4177-JPDFU,12,Month-to-month,DSL,34.0,442.45,Mailed check,No,26.07,Low Risk
2239-CFOUJ,1,One year,No,20.4,20.4,Mailed check,No,8.79,Low Risk
8046-DNVTL,62,Two year,DSL,38.6,2345.55,Credit card (automatic),No,0.96,Low Risk
2209-XADXF,1,Month-to-month,DSL,25.25,25.25,Bank transfer (automatic),No,46.44,Medium Risk
6620-JDYNW,18,Month-to-month,DSL,60.6,1156.35,Mailed check,No,25.85,Low Risk
1891-FZYSA,69,Month-to-month,Fiber optic,89.95,6143.15,Electronic check,Yes,33.5,Low Risk
4770-UEZOX,2,Month-to-month,Fiber optic,74.75,144.8,Electronic check,No,66.08,Medium Risk
1038-RQOST,19,Month-to-month,No,20.6,414.95,Mailed check,No,7.81,Low Risk
7613-LLQFO,12,Month-to-month,Fiber optic,84.45,1059.55,Electronic check,Yes,74.28,High Risk
4568-TTZRT,9,Month-to-month,No,20.4,181.8,Mailed check,No,14.12,Low Risk
9513-DXHDA,27,One year,DSL,81.7,2212.55,Electronic check,No,9.5,Low Risk
2640-PMGFL,27,Month-to-month,Fiber optic,79.5,2180.55,Electronic check,Yes,43.49,Medium Risk
3801-HMYNL,1,Month-to-month,Fiber optic,89.15,89.15,Mailed check,Yes,61.09,Medium Risk
0516-QREYC,24,Month-to-month,No,20.3,459.95,Mailed check,No,11.81,Low Risk
9685-WKZGT,14,Month-to-month,Fiber optic,74.95,1036.75,Electronic check,Yes,70.44,High Risk
6022-UGGSO,32,Month-to-month,Fiber optic,74.4,2276.95,Electronic check,Yes,44.09,Medium Risk
8084-OIVBS,11,One year,No,20.0,211.95,Mailed check,No,6.8,Low Risk
8896-BQTTI,1,Month-to-month,No,25.0,25.0,Mailed check,No,31.71,Low Risk
3865-QBWSJ,38,Month-to-month,Fiber optic,80.45,3162.65,Mailed check,No,30.42,Low Risk
3352-RICWQ,9,Two year,No,19.75,210.65,Mailed check,No,3.33,Low Risk
2160-GPFXD,54,Two year,DSL,65.65,3566.7,Credit card (automatic),No,1.11,Low Risk
2065-MMKGR,29,One year,DSL,71.0,2080.1,Credit card (automatic),No,21.26,Low Risk
5857-TYBCJ,44,Month-to-month,Fiber optic,89.2,4040.2,Electronic check,No,56.31,Medium Risk
1498-NHTLT,59,Two year,DSL,86.75,5186.0,Electronic check,No,2.06,Low Risk
4484-CGXFK,3,Month-to-month,DSL,55.3,196.15,Electronic check,Yes,55.05,Medium Risk
1402-PTHGN,18,One year,DSL,61.5,1087.45,Mailed check,No,5.76,Low Risk
4176-RELJR,67,Two year,No,25.1,1672.15,Credit card (automatic),No,0.43,Low Risk
6214-EDAKZ,22,Month-to-month,DSL,55.15,1206.05,Electronic check,Yes,13.26,Low Risk
5199-FPUSP,33,One year,DSL,34.05,1113.95,Credit card (automatic),No,3.79,Low Risk
6377-KSLXC,5,Month-to-month,No,19.95,107.05,Mailed check,No,16.67,Low Risk
1796-JANOW,2,Month-to-month,No,19.95,38.15,Mailed check,No,18.34,Low Risk
0238-WHBIQ,72,Two year,DSL,89.7,6339.3,Credit card (automatic),No,0.89,Low Risk
8735-NBLWT,9,Month-to-month,No,20.4,184.1,Mailed check,No,11.64,Low Risk
6651-RLGGM,67,Two year,No,26.3,1688.9,Mailed check,No,0.33,Low Risk
6127-ISGTU,16,Month-to-month,Fiber optic,84.95,1378.25,Electronic check,Yes,71.49,High Risk
1614-JBEBI,8,Month-to-month,No,20.7,137.6,Mailed check,No,19.46,Low Risk
8740-XLHDR,5,Month-to-month,DSL,43.25,219.0,Mailed check,Yes,30.68,Low Risk
1208-DNHLN,23,One year,DSL,48.35,1067.15,Credit card (automatic),Yes,14.09,Low Risk
1761-AEZZR,1,Month-to-month,Fiber optic,79.55,79.55,Electronic check,Yes,75.12,High Risk
3923-CSIHK,50,Month-to-month,Fiber optic,71.05,3444.85,Electronic check,Yes,32.81,Low Risk
5696-EXCYS,17,Two year,No,19.45,369.05,Credit card (automatic),No,2.62,Low Risk
5795-KTGUD,68,Two year,Fiber optic,110.8,7553.6,Bank transfer (automatic),No,7.77,Low Risk
7120-RFMVS,1,Month-to-month,Fiber optic,84.5,84.5,Electronic check,Yes,73.52,High Risk
7924-GJZFI,25,Month-to-month,Fiber optic,69.3,1813.1,Electronic check,No,55.32,Medium Risk
4702-HDRKD,67,One year,DSL,49.35,3321.35,Bank transfer (automatic),No,2.51,Low Risk
8512-WIWYV,32,One year,No,20.35,707.5,Credit card (automatic),No,2.5,Low Risk
5897-ZYEKH,67,One year,Fiber optic,105.6,7112.15,Electronic check,No,21.44,Low Risk
5456-ITGIC,72,Two year,DSL,64.45,4641.1,Credit card (automatic),No,1.65,Low Risk
7317-GGVPB,71,Two year,Fiber optic,108.6,7690.9,Credit card (automatic),Yes,7.52,Low Risk
1406-PUQVY,1,Month-to-month,DSL,49.9,49.9,Electronic check,No,42.03,Medium Risk
1322-AGOQM,46,Month-to-month,DSL,30.3,1380.1,Bank transfer (automatic),Yes,9.23,Low Risk
3677-IYRBF,2,Month-to-month,DSL,30.4,78.65,Electronic check,Yes,66.3,Medium Risk
5692-FPTAH,1,Month-to-month,DSL,45.4,45.4,Mailed check,Yes,43.48,Medium Risk
9114-AAFQH,48,One year,DSL,65.65,3094.65,Electronic check,No,8.88,Low Risk
8715-KKTFG,61,One year,Fiber optic,103.3,6518.35,Bank transfer (automatic),No,19.38,Low Risk
1550-LOAHA,32,Month-to-month,Fiber optic,84.15,2585.95,Bank transfer (automatic),Yes,30.57,Low Risk
1728-BQDMA,2,Month-to-month,DSL,44.45,82.7,Electronic check,No,41.39,Medium Risk
0268-QKIWO,3,Month-to-month,No,19.75,58.85,Electronic check,Yes,22.69,Low Risk
0876-WDUUZ,5,Month-to-month,Fiber optic,85.4,425.9,Credit card (automatic),Yes,53.91,Medium Risk
5117-ZSMHQ,71,Two year,DSL,89.9,6342.7,Bank transfer (automatic),No,0.94,Low Risk
5151-HQRDG,37,Month-to-month,DSL,55.05,2030.75,Mailed check,No,15.08,Low Risk
0960-HUWBM,65,Two year,Fiber optic,104.1,6700.05,Bank transfer (automatic),No,7.87,Low Risk
6465-GSRCL,67,One year,Fiber optic,106.6,7244.7,Bank transfer (automatic),No,11.83,Low Risk
0617-FHSGK,49,Month-to-month,Fiber optic,75.2,3678.3,Credit card (automatic),Yes,18.88,Low Risk
0263-FJTQO,50,Two year,DSL,70.5,3486.65,Credit card (automatic),No,1.98,Low Risk
7319-ZNRTR,25,One year,No,19.6,411.15,Electronic check,No,4.11,Low Risk
2858-MOFSQ,17,One year,DSL,55.85,937.5,Mailed check,Yes,17.36,Low Risk
7503-EPSZW,64,Two year,No,24.05,1559.15,Mailed check,No,0.55,Low Risk
7089-XXAYG,25,One year,DSL,38.1,970.4,Credit card (automatic),No,22.35,Low Risk
8118-LSUEL,23,Month-to-month,Fiber optic,106.4,2483.5,Electronic check,Yes,71.89,High Risk
8070-AAWZP,24,Month-to-month,DSL,34.25,828.2,Mailed check,No,21.99,Low Risk
1666-JXLKU,37,Month-to-month,Fiber optic,100.05,3810.55,Electronic check,No,63.98,Medium Risk
7855-DIWPO,21,Month-to-month,Fiber optic,68.65,1493.2,Electronic check,No,54.76,Medium Risk
5133-POWUA,1,Month-to-month,DSL,45.8,45.8,Mailed check,No,43.83,Medium Risk
5652-MSDEY,10,Month-to-month,Fiber optic,75.75,777.3,Mailed check,No,62.72,Medium Risk
7005-CCBKV,6,Month-to-month,Fiber optic,84.4,556.35,Electronic check,Yes,68.69,Medium Risk
1810-BOHSY,51,One year,Fiber optic,96.4,4911.05,Credit card (automatic),No,14.59,Low Risk
1784-BXEFA,10,Month-to-month,No,20.55,187.35,Mailed check,No,18.12,Low Risk
7351-MHQVU,6,Month-to-month,DSL,50.95,307.6,Credit card (automatic),No,24.33,Low Risk
9224-VTYID,47,Two year,DSL,90.5,4318.35,Mailed check,No,3.08,Low Risk
9500-IWPXQ,61,One year,DSL,79.4,4820.55,Electronic check,No,3.55,Low Risk
5762-TJXGK,52,Two year,DSL,58.75,3038.55,Bank transfer (automatic),No,3.89,Low Risk
4504-YOULA,35,Month-to-month,DSL,59.45,2136.9,Credit card (automatic),No,10.76,Low Risk
5569-IDSEY,71,One year,Fiber optic,105.7,7472.15,Bank transfer (automatic),No,17.62,Low Risk
4250-FDVOU,6,Month-to-month,DSL,56.25,389.1,Electronic check,Yes,24.59,Low Risk
7284-ZZLOH,45,Two year,DSL,53.3,2296.25,Credit card (automatic),No,1.48,Low Risk
5277-ZLOOR,2,Month-to-month,Fiber optic,85.55,187.45,Electronic check,Yes,81.28,High Risk
2141-RRYGO,4,Month-to-month,DSL,68.65,261.25,Bank transfer (automatic),Yes,46.37,Medium Risk
1777-JYQPJ,2,Month-to-month,DSL,24.3,38.45,Mailed check,No,48.1,Medium Risk
6376-GAHQE,4,Month-to-month,Fiber optic,77.85,299.2,Electronic check,Yes,66.03,Medium Risk
3401-URHDA,51,One year,DSL,59.9,3043.6,Credit card (automatic),No,2.24,Low Risk
1599-EAHXY,60,One year,No,23.95,1506.4,Credit card (automatic),No,0.82,Low Risk
8631-XVRZL,9,One year,No,20.15,163.7,Mailed check,No,10.56,Low Risk
5052-PNLOS,3,Month-to-month,Fiber optic,105.35,323.25,Bank transfer (automatic),Yes,72.05,High Risk
3853-LYGAM,17,Month-to-month,Fiber optic,95.65,1640.0,Bank transfer (automatic),No,52.97,Medium Risk
6979-ZNSFF,8,Month-to-month,Fiber optic,87.05,762.1,Electronic check,Yes,75.44,High Risk
5751-USDBL,46,Two year,DSL,81.0,3846.35,Mailed check,No,1.8,Low Risk
5680-LQOGP,68,Two year,DSL,82.45,5646.6,Credit card (automatic),No,1.26,Low Risk
2386-LAHRK,1,Month-to-month,DSL,53.5,53.5,Mailed check,Yes,50.45,Medium Risk
8189-DUKMV,4,One year,No,20.5,79.05,Bank transfer (automatic),No,8.67,Low Risk
6032-IGALN,1,Month-to-month,DSL,25.1,25.1,Mailed check,Yes,57.6,Medium Risk
9931-DCEZH,28,One year,DSL,54.4,1516.6,Credit card (automatic),No,5.52,Low Risk
1898-JSNDC,39,One year,DSL,58.6,2224.5,Credit card (automatic),No,8.12,Low Risk
0315-LVCRK,11,Month-to-month,Fiber optic,84.8,888.75,Electronic check,No,59.09,Medium Risk
3911-RSNHI,71,Two year,DSL,61.4,4310.35,Credit card (automatic),No,2.0,Low Risk
2410-CIYFZ,2,Month-to-month,No,20.4,42.9,Mailed check,No,15.42,Low Risk
4248-HCETZ,30,Month-to-month,Fiber optic,79.65,2365.15,Mailed check,Yes,39.49,Low Risk
5505-OVWQW,17,One year,No,20.15,353.65,Mailed check,No,5.24,Low Risk
7271-AJDTL,55,Month-to-month,Fiber optic,94.45,5073.1,Credit card (automatic),No,30.38,Low Risk
1867-TJHTS,58,Month-to-month,Fiber optic,79.8,4526.85,Bank transfer (automatic),No,17.72,Low Risk
0516-WJVXC,5,Month-to-month,DSL,54.2,308.25,Electronic check,Yes,22.37,Low Risk
9174-FKWZE,1,Month-to-month,No,19.45,19.45,Electronic check,Yes,35.19,Low Risk
6860-YRJZP,9,Month-to-month,Fiber optic,74.05,678.45,Electronic check,No,74.23,High Risk
4429-WYGFR,26,Month-to-month,DSL,49.15,1237.3,Bank transfer (automatic),No,11.54,Low Risk
2817-LVCPP,50,Two year,No,19.4,1023.95,Credit card (automatic),No,0.57,Low Risk
5038-ETMLM,72,Two year,Fiber optic,113.65,8182.75,Bank transfer (automatic),No,5.39,Low Risk
5056-FIMPT,43,One year,Fiber optic,106.0,4532.3,Credit card (automatic),No,10.47,Low Risk
4521-WFJAI,56,Two year,No,25.95,1444.05,Bank transfer (automatic),No,0.9,Low Risk
6569-KTMDU,1,Month-to-month,No,19.1,19.1,Mailed check,No,19.31,Low Risk
8809-RIHDD,72,Two year,Fiber optic,103.4,7372.65,Electronic check,Yes,11.25,Low Risk
8809-XKHMD,72,Two year,Fiber optic,100.55,7325.1,Bank transfer (automatic),No,3.69,Low Risk
0396-YCHWO,36,Month-to-month,Fiber optic,95.4,3474.2,Electronic check,No,65.06,Medium Risk
0867-LDTTC,5,Month-to-month,DSL,75.15,392.65,Bank transfer (automatic),No,31.41,Low Risk
4822-NGOCH,13,Month-to-month,Fiber optic,84.45,1058.6,Electronic check,Yes,63.39,Medium Risk
9391-DXGGG,44,One year,Fiber optic,89.15,3990.75,Credit card (automatic),No,14.79,Low Risk
9844-FELAJ,70,One year,Fiber optic,107.9,7475.85,Electronic check,No,17.85,Low Risk
2122-SZZZD,44,One year,No,19.5,835.5,Credit card (automatic),No,1.43,Low Risk
5307-DZCVC,32,Month-to-month,Fiber optic,85.95,2628.6,Credit card (automatic),Yes,52.68,Medium Risk
3148-AOIQT,69,Two year,No,24.95,1718.35,Credit card (automatic),No,0.49,Low Risk
8679-JOEVF,16,Month-to-month,DSL,59.4,1023.9,Electronic check,Yes,29.86,Low Risk
8395-ETZKQ,68,One year,No,19.5,1193.55,Bank transfer (automatic),No,0.45,Low Risk
6692-YQHXC,16,Month-to-month,Fiber optic,69.95,1205.5,Credit card (automatic),No,49.08,Medium Risk
3889-VWBID,68,Two year,DSL,82.85,5776.45,Bank transfer (automatic),No,0.73,Low Risk
5222-JCXZT,4,Month-to-month,No,19.0,78.9,Mailed check,No,17.57,Low Risk
9754-CLVZW,26,Month-to-month,DSL,38.85,1025.15,Credit card (automatic),No,8.55,Low Risk
1432-FPAXX,29,Month-to-month,DSL,30.6,856.35,Electronic check,Yes,30.77,Low Risk
2739-CCZMB,5,Month-to-month,No,20.35,122.0,Credit card (automatic),No,12.58,Low Risk
7080-TNUWP,70,One year,Fiber optic,95.0,6602.9,Bank transfer (automatic),No,12.99,Low Risk
0496-AHOOK,24,One year,DSL,74.4,1712.9,Bank transfer (automatic),No,7.61,Low Risk
8336-TAVKX,72,Two year,DSL,78.45,5682.25,Bank transfer (automatic),No,0.91,Low Risk
2468-SJFLM,1,Month-to-month,Fiber optic,74.3,74.3,Mailed check,No,55.09,Medium Risk
3181-VTHOE,70,One year,DSL,51.05,3635.15,Bank transfer (automatic),No,2.91,Low Risk
7168-HDQHG,36,Month-to-month,No,19.2,702.9,Bank transfer (automatic),No,3.43,Low Risk
4803-AXVYP,38,Month-to-month,Fiber optic,99.55,3734.25,Electronic check,Yes,58.03,Medium Risk
3884-HCSWG,17,Month-to-month,Fiber optic,70.0,1144.5,Electronic check,Yes,57.13,Medium Risk
4567-AKPIA,41,One year,Fiber optic,109.1,4454.25,Bank transfer (automatic),No,21.33,Low Risk
5077-DXTCG,1,Month-to-month,DSL,45.3,45.3,Electronic check,Yes,51.24,Medium Risk
1142-WACZW,2,Month-to-month,DSL,29.85,75.6,Bank transfer (automatic),Yes,37.1,Low Risk
7901-HXJVA,14,Month-to-month,Fiber optic,76.45,1117.55,Electronic check,No,50.4,Medium Risk
5649-ANRML,2,Month-to-month,Fiber optic,95.1,180.25,Credit card (automatic),Yes,55.11,Medium Risk
4892-VLANZ,1,Month-to-month,No,19.8,19.8,Mailed check,Yes,19.43,Low Risk
5924-IFQTT,13,Month-to-month,DSL,72.8,930.05,Electronic check,No,35.94,Low Risk
7968-QUXNS,6,Month-to-month,No,18.95,110.15,Mailed check,No,16.24,Low Risk
2919-HBCJO,4,Month-to-month,Fiber optic,76.65,333.6,Bank transfer (automatic),Yes,54.13,Medium Risk
4236-XPXAV,5,Month-to-month,Fiber optic,99.15,465.05,Mailed check,Yes,53.24,Medium Risk
8903-WMRNW,15,Month-to-month,Fiber optic,101.75,1669.4,Electronic check,No,52.52,Medium Risk
2452-SNHFZ,47,Month-to-month,Fiber optic,75.45,3545.1,Credit card (automatic),No,12.99,Low Risk
3629-WEAAM,8,Month-to-month,DSL,64.1,504.05,Mailed check,No,25.84,Low Risk
6029-CSMJE,17,Month-to-month,DSL,25.65,440.2,Mailed check,No,40.03,Medium Risk
7993-NQLJE,15,Month-to-month,Fiber optic,75.1,1151.55,Mailed check,No,28.94,Low Risk
9909-DFRJA,26,One year,Fiber optic,95.85,2475.35,Bank transfer (automatic),No,17.0,Low Risk
9099-FTUHS,23,Month-to-month,DSL,54.4,1249.25,Electronic check,No,21.64,Low Risk
0581-BXBUB,4,Month-to-month,Fiber optic,72.75,317.75,Electronic check,No,59.76,Medium Risk
4962-CHQPW,29,One year,No,19.85,535.05,Mailed check,No,2.51,Low Risk
9467-ROOLM,25,Month-to-month,No,19.05,461.3,Mailed check,No,7.22,Low Risk
3030-YZADT,9,Month-to-month,DSL,44.95,431.0,Mailed check,Yes,28.45,Low Risk
7410-KTVFV,18,Month-to-month,DSL,49.55,878.35,Mailed check,Yes,28.55,Low Risk
5150-ITWWB,3,Month-to-month,Fiber optic,94.85,335.75,Electronic check,No,84.65,High Risk
2253-KPMNB,69,Two year,DSL,46.25,3121.4,Bank transfer (automatic),No,0.41,Low Risk
1345-ZUKID,14,One year,No,19.35,324.8,Mailed check,No,6.23,Low Risk
6429-SHBCB,19,Month-to-month,DSL,69.6,1394.55,Mailed check,No,38.32,Low Risk
9281-OFDMF,39,Month-to-month,Fiber optic,90.7,3413.25,Electronic check,No,45.06,Medium Risk
2603-HVKCG,31,Month-to-month,Fiber optic,101.4,3143.65,Electronic check,No,56.33,Medium Risk
1834-WULEG,24,One year,No,20.25,439.75,Mailed check,No,3.18,Low Risk
9097-ZUBYC,14,Month-to-month,DSL,48.8,664.4,Bank transfer (automatic),No,17.8,Low Risk
5148-ORICT,64,Two year,DSL,74.35,4759.55,Mailed check,No,1.1,Low Risk
4893-GYUJU,50,One year,No,19.35,1033.0,Mailed check,No,1.73,Low Risk
4578-PHJYZ,52,One year,DSL,68.75,3482.85,Electronic check,No,4.83,Low Risk
7272-QDCKA,28,One year,Fiber optic,100.2,2688.45,Electronic check,No,39.52,Low Risk
8908-SLFCJ,21,Two year,No,20.85,435.25,Credit card (automatic),No,2.99,Low Risk
8393-DLHGA,25,Month-to-month,Fiber optic,95.9,2448.75,Electronic check,Yes,55.61,Medium Risk
9766-HGEDE,17,One year,No,19.35,307.0,Mailed check,No,5.37,Low Risk
6968-MHOMU,58,One year,DSL,45.0,2689.35,Credit card (automatic),No,9.05,Low Risk
7395-IGJOS,17,Month-to-month,Fiber optic,81.5,1329.2,Bank transfer (automatic),Yes,48.79,Medium Risk
5044-XDPYX,51,Two year,No,25.5,1281.25,Mailed check,No,0.84,Low Risk
1814-WFGVS,72,Two year,DSL,48.9,3527.0,Mailed check,No,0.66,Low Risk
2834-SPCJV,52,Month-to-month,Fiber optic,84.1,4348.65,Electronic check,Yes,21.94,Low Risk
3721-WKIIL,27,Two year,No,19.6,561.15,Mailed check,No,2.58,Low Risk
6734-CKRSM,3,Month-to-month,No,20.0,63.6,Mailed check,No,17.66,Low Risk
1265-ZFOSD,64,Two year,DSL,81.3,5129.3,Mailed check,No,1.53,Low Risk
6568-POCUI,45,Two year,Fiber optic,95.2,4285.8,Credit card (automatic),No,10.92,Low Risk
7890-VYYWG,3,Month-to-month,DSL,36.45,93.7,Mailed check,Yes,64.55,Medium Risk
5197-LQXXH,71,Two year,DSL,83.3,5894.5,Credit card (automatic),No,2.32,Low Risk
9907-SWKKF,1,Month-to-month,DSL,25.05,25.05,Mailed check,Yes,52.0,Medium Risk
3457-PQBYH,58,Two year,No,20.3,1160.75,Credit card (automatic),No,0.31,Low Risk
7682-AZNDK,34,Month-to-month,Fiber optic,89.85,3091.75,Electronic check,No,42.49,Medium Risk
0587-DMGBH,8,Month-to-month,DSL,49.85,365.55,Electronic check,Yes,34.31,Low Risk
5384-ZTTWP,15,Month-to-month,No,19.8,272.95,Mailed check,No,9.09,Low Risk
3745-HRPHI,66,Two year,DSL,54.65,3632.0,Bank transfer (automatic),No,1.59,Low Risk
7636-OWBPG,12,Month-to-month,DSL,29.35,381.2,Credit card (automatic),No,43.2,Medium Risk
1231-YNDEK,58,Two year,No,19.15,1035.5,Bank transfer (automatic),No,0.58,Low Risk
1407-DIGZV,3,Two year,No,19.1,52.0,Mailed check,No,4.37,Low Risk
6397-JNZZG,43,Month-to-month,DSL,55.55,2342.2,Credit card (automatic),Yes,19.83,Low Risk
0570-BFQHT,9,Month-to-month,Fiber optic,80.55,653.9,Electronic check,No,49.48,Medium Risk
4393-OBCRR,3,One year,No,20.25,71.2,Mailed check,No,9.56,Low Risk
3523-QRQLL,22,One year,DSL,69.5,1498.2,Bank transfer (automatic),Yes,15.47,Low Risk
8564-LDKFL,40,One year,Fiber optic,106.0,4178.65,Bank transfer (automatic),No,32.38,Low Risk
3696-DFHHB,68,Two year,No,25.5,1821.8,Bank transfer (automatic),No,0.36,Low Risk
0895-DQHEW,54,Month-to-month,Fiber optic,104.3,5278.15,Electronic check,Yes,48.17,Medium Risk
4717-GHADL,50,Two year,DSL,79.6,4024.2,Mailed check,No,4.7,Low Risk
5501-TVMGM,1,Month-to-month,DSL,55.25,55.25,Electronic check,No,57.31,Medium Risk
5879-HMFFH,72,Two year,DSL,88.05,6520.8,Bank transfer (automatic),No,1.2,Low Risk
6772-WFQRD,40,One year,No,20.4,854.9,Bank transfer (automatic),No,2.06,Low Risk
3810-DVDQQ,72,Two year,Fiber optic,117.6,8308.9,Bank transfer (automatic),No,4.17,Low Risk
6972-SNKKW,6,Month-to-month,No,20.0,109.2,Mailed check,No,15.67,Low Risk
3694-GLTJM,5,Month-to-month,No,19.65,92.05,Credit card (automatic),No,20.44,Low Risk
8550-XSXUQ,48,One year,DSL,70.55,3420.5,Credit card (automatic),No,8.67,Low Risk
8149-RSOUN,1,Month-to-month,Fiber optic,93.85,93.85,Electronic check,Yes,83.29,High Risk
9055-MOJJJ,64,One year,DSL,65.8,4068.0,Mailed check,No,1.2,Low Risk
4359-INNWN,17,One year,No,20.05,337.9,Credit card (automatic),No,4.75,Low Risk
0585-EGDDA,40,Month-to-month,Fiber optic,80.0,3168.75,Electronic check,No,35.63,Low Risk
4032-RMHCI,41,One year,DSL,35.4,1412.4,Credit card (automatic),No,3.68,Low Risk
0549-CYCQN,51,One year,Fiber optic,79.6,3974.7,Bank transfer (automatic),No,16.87,Low Risk
3481-JHUZH,41,Month-to-month,Fiber optic,80.25,3439.0,Electronic check,No,43.58,Medium Risk
7250-EQKIY,1,Month-to-month,DSL,50.45,50.45,Mailed check,Yes,29.41,Low Risk
3594-IVHJZ,2,Month-to-month,No,20.45,42.45,Mailed check,No,24.41,Low Risk
6869-FGJJC,68,One year,Fiber optic,79.6,5461.45,Credit card (automatic),No,4.81,Low Risk
3896-ZVNET,24,Two year,No,24.7,571.75,Mailed check,No,2.26,Low Risk
8205-VSLRB,70,Two year,DSL,77.3,5498.2,Credit card (automatic),No,0.92,Low Risk
5960-MVTUK,3,Month-to-month,DSL,29.75,96.85,Electronic check,No,54.58,Medium Risk
6817-WTYHE,2,Month-to-month,DSL,44.9,111.05,Bank transfer (automatic),No,32.91,Low Risk
3082-VQXNH,3,Month-to-month,DSL,29.8,94.4,Credit card (automatic),No,40.48,Medium Risk
4013-UBXWQ,7,Month-to-month,DSL,74.65,521.1,Electronic check,Yes,55.39,Medium Risk
4931-TRZWN,13,Month-to-month,DSL,71.95,923.85,Electronic check,No,40.7,Medium Risk
0750-EKNGL,7,Month-to-month,No,20.75,141.1,Mailed check,No,15.2,Low Risk
7669-LCRSD,12,Month-to-month,DSL,56.3,628.65,Mailed check,No,33.92,Low Risk
3567-PQTSO,53,One year,Fiber optic,105.25,5576.3,Electronic check,No,28.98,Low Risk
5519-NPHVG,12,Month-to-month,Fiber optic,94.2,1046.1,Electronic check,Yes,77.91,High Risk
8043-PNYSD,63,Two year,No,19.55,1245.6,Mailed check,No,0.28,Low Risk
9938-EKRGF,15,Month-to-month,DSL,84.45,1287.85,Mailed check,No,16.51,Low Risk
2703-AMTUL,36,One year,DSL,53.65,1939.35,Mailed check,No,3.12,Low Risk
0928-JMXNP,4,Month-to-month,DSL,29.9,118.25,Electronic check,No,65.37,Medium Risk
8173-RXAYP,24,Two year,No,19.7,452.55,Mailed check,No,1.66,Low Risk
4825-XJGDM,61,One year,DSL,43.7,2696.55,Credit card (automatic),No,1.33,Low Risk
5402-HTOTQ,16,Month-to-month,DSL,55.3,875.35,Electronic check,No,31.72,Low Risk
6734-JDTTV,65,Two year,No,19.85,1267.05,Credit card (automatic),No,0.33,Low Risk
7850-THJMU,26,Two year,No,19.65,494.9,Credit card (automatic),No,1.38,Low Risk
3890-RTCMS,16,Month-to-month,DSL,49.45,799.0,Mailed check,No,23.36,Low Risk
8849-GYOKR,54,One year,Fiber optic,106.55,5763.3,Bank transfer (automatic),Yes,13.36,Low Risk
3148-BLQJT,1,Month-to-month,No,20.1,20.1,Mailed check,Yes,19.34,Low Risk
3717-FDJFU,5,Two year,No,20.45,106.9,Mailed check,No,3.91,Low Risk
3665-JATSN,19,Month-to-month,DSL,39.7,710.05,Electronic check,No,47.61,Medium Risk
7966-YOTQW,10,Month-to-month,DSL,54.5,568.2,Credit card (automatic),No,30.96,Low Risk
0461-CVKMU,23,Month-to-month,Fiber optic,83.8,1900.25,Electronic check,Yes,27.14,Low Risk
8806-EAGWC,3,Month-to-month,DSL,55.15,159.15,Mailed check,Yes,38.6,Low Risk
8853-TZDGH,72,Two year,Fiber optic,111.6,8012.75,Bank transfer (automatic),No,7.19,Low Risk
7779-LGOVN,10,Month-to-month,Fiber optic,86.65,856.65,Electronic check,Yes,77.51,High Risk
4324-BZCKL,10,Month-to-month,DSL,55.55,551.3,Mailed check,No,26.34,Low Risk
6924-TDGMT,11,One year,No,20.55,184.95,Mailed check,No,9.78,Low Risk
9710-ZUSHQ,37,Month-to-month,Fiber optic,106.75,4056.75,Bank transfer (automatic),Yes,44.89,Medium Risk
1536-YHDOE,17,One year,DSL,62.1,1096.65,Mailed check,No,9.39,Low Risk
8123-QBNAZ,36,Month-to-month,Fiber optic,104.5,3684.95,Credit card (automatic),No,39.36,Low Risk
3629-ZNKXA,17,Month-to-month,Fiber optic,101.8,1752.45,Electronic check,No,68.58,Medium Risk
4827-LTQRJ,66,One year,Fiber optic,110.6,7210.85,Credit card (automatic),No,9.67,Low Risk
7711-YIJWC,61,One year,DSL,84.9,5264.5,Bank transfer (automatic),No,1.79,Low Risk
5482-VXSXJ,22,Month-to-month,Fiber optic,93.2,2157.3,Mailed check,No,56.86,Medium Risk
7365-BVCJH,1,Month-to-month,DSL,24.4,24.4,Electronic check,No,65.73,Medium Risk
9620-ENEJV,6,Month-to-month,Fiber optic,70.55,433.95,Credit card (automatic),No,47.21,Medium Risk
4183-WCSEP,31,Month-to-month,Fiber optic,78.45,2435.15,Electronic check,Yes,34.77,Low Risk
2378-YIZKA,68,Two year,DSL,85.0,5607.75,Credit card (automatic),No,0.98,Low Risk
5498-TXHLF,34,Month-to-month,Fiber optic,87.45,2874.15,Electronic check,Yes,44.15,Medium Risk
0689-DSXGL,52,Month-to-month,Fiber optic,85.8,4433.3,Bank transfer (automatic),No,9.12,Low Risk
6818-DJXAA,10,Month-to-month,Fiber optic,91.1,964.35,Electronic check,No,54.05,Medium Risk
9722-UJOJR,29,Month-to-month,Fiber optic,70.75,1974.8,Electronic check,Yes,41.9,Medium Risk
0464-WJTKO,72,Two year,No,20.1,1460.85,Bank transfer (automatic),No,0.17,Low Risk
8902-ZEOVF,47,One year,No,20.05,951.55,Mailed check,No,1.13,Low Risk
6778-EICRF,24,One year,DSL,74.8,1821.2,Mailed check,No,12.28,Low Risk
2662-NNTDK,65,One year,No,24.8,1600.95,Credit card (automatic),No,0.78,Low Risk
4132-KALRO,4,Month-to-month,Fiber optic,100.85,399.25,Mailed check,No,68.99,Medium Risk
3902-FOIGH,12,Month-to-month,Fiber optic,101.35,1218.55,Electronic check,Yes,78.0,High Risk
6772-KSATR,1,Month-to-month,Fiber optic,81.7,81.7,Electronic check,Yes,66.93,Medium Risk
7112-OPOTK,33,Month-to-month,Fiber optic,68.25,2171.15,Electronic check,Yes,35.29,Low Risk
2874-YXVVA,34,Month-to-month,Fiber optic,105.1,3634.8,Electronic check,No,46.13,Medium Risk
1245-HARPS,14,Two year,No,20.4,292.4,Mailed check,No,3.24,Low Risk
4210-QFJMF,4,Month-to-month,Fiber optic,79.15,317.25,Electronic check,Yes,73.0,High Risk
4323-ELYYB,13,One year,No,20.0,218.55,Mailed check,No,5.22,Low Risk
4293-ETKAP,65,Two year,DSL,79.4,5071.9,Bank transfer (automatic),No,2.18,Low Risk
6064-PUPMC,23,One year,DSL,57.2,1423.35,Credit card (automatic),No,3.7,Low Risk
6504-VBLFL,55,Two year,DSL,58.6,3068.6,Electronic check,No,1.33,Low Risk
6322-PJJDJ,49,Two year,Fiber optic,94.8,4690.65,Electronic check,No,17.21,Low Risk
0330-BGYZE,60,One year,Fiber optic,102.5,6157.6,Bank transfer (automatic),No,16.83,Low Risk
1085-LDWAM,69,One year,No,20.35,1442.65,Credit card (automatic),No,0.53,Low Risk
7586-ZATGZ,40,Month-to-month,Fiber optic,84.9,3369.05,Electronic check,No,54.03,Medium Risk
7197-VOJMM,67,Two year,DSL,69.2,4671.65,Credit card (automatic),No,0.89,Low Risk
3318-OSATS,35,Month-to-month,Fiber optic,95.45,3474.05,Electronic check,Yes,68.91,Medium Risk
5828-AVIPD,19,One year,Fiber optic,100.95,1875.55,Electronic check,Yes,45.09,Medium Risk
1843-TLSGD,13,Two year,No,20.85,272.35,Mailed check,No,2.71,Low Risk
9626-VFRGG,41,Month-to-month,Fiber optic,88.5,3645.05,Bank transfer (automatic),No,35.33,Low Risk
7075-BNDVQ,4,Month-to-month,DSL,35.0,135.75,Mailed check,No,34.16,Low Risk
9143-CANJF,24,Month-to-month,DSL,55.15,1319.85,Electronic check,No,9.98,Low Risk
7284-BUYEC,5,Month-to-month,DSL,50.95,229.4,Credit card (automatic),No,57.2,Medium Risk
2041-JIJCI,5,Month-to-month,DSL,64.0,370.25,Electronic check,No,56.79,Medium Risk
1086-LXKFY,1,Month-to-month,Fiber optic,69.1,69.1,Mailed check,Yes,58.87,Medium Risk
4900-MSOMT,72,Two year,DSL,80.2,5714.2,Bank transfer (automatic),No,0.62,Low Risk
2229-VWQJH,24,Month-to-month,DSL,49.3,1233.25,Credit card (automatic),No,21.75,Low Risk
9194-GFVOI,42,Two year,DSL,84.35,3571.6,Credit card (automatic),No,3.11,Low Risk
1336-EZFZY,4,Month-to-month,No,20.05,83.3,Mailed check,No,16.98,Low Risk
4282-MSACW,68,One year,Fiber optic,117.2,8035.95,Credit card (automatic),No,10.58,Low Risk
1403-LKLIK,33,One year,No,20.1,579.4,Mailed check,No,2.06,Low Risk
2636-ALXXZ,1,Month-to-month,Fiber optic,69.6,69.6,Electronic check,Yes,73.22,High Risk
7774-OJSXI,31,One year,Fiber optic,103.45,3066.45,Electronic check,Yes,46.92,Medium Risk
7786-WBJYI,4,Month-to-month,Fiber optic,77.95,305.55,Bank transfer (automatic),Yes,53.64,Medium Risk
0136-IFMYD,69,Two year,Fiber optic,109.95,7634.25,Electronic check,No,13.13,Low Risk
5144-TVGLP,38,Month-to-month,Fiber optic,94.75,3653.0,Electronic check,No,58.09,Medium Risk
9643-AVVWI,3,Month-to-month,Fiber optic,80.0,241.3,Electronic check,No,50.85,Medium Risk
0253-ZTEOB,48,Two year,DSL,79.65,3870.3,Electronic check,No,3.89,Low Risk
2706-QZIHY,15,Two year,No,25.2,387.9,Mailed check,No,4.17,Low Risk
6061-PQHMK,25,One year,No,19.9,527.5,Credit card (automatic),No,3.35,Low Risk
9885-CSMWE,1,Month-to-month,Fiber optic,78.45,78.45,Electronic check,Yes,70.63,High Risk
6137-MFAJN,48,Month-to-month,DSL,44.8,2104.55,Electronic check,No,15.71,Low Risk
9122-UMROB,1,Month-to-month,No,20.3,20.3,Mailed check,No,19.28,Low Risk
4232-JGKIY,1,Month-to-month,No,19.2,19.2,Electronic check,No,24.96,Low Risk
2402-TAIRZ,37,One year,Fiber optic,80.05,3019.1,Electronic check,No,16.92,Low Risk
9659-ZTWSM,66,One year,Fiber optic,107.35,7051.95,Bank transfer (automatic),No,17.5,Low Risk
9139-TWBAS,26,One year,DSL,47.85,1190.5,Bank transfer (automatic),No,9.89,Low Risk
6685-GBWJZ,63,One year,DSL,70.8,4448.8,Credit card (automatic),No,1.33,Low Risk
5016-ETTFF,10,Month-to-month,DSL,29.5,255.25,Mailed check,Yes,38.26,Low Risk
3866-MDTUB,2,Month-to-month,DSL,70.75,146.9,Electronic check,Yes,50.68,Medium Risk
2195-VVRJF,18,Month-to-month,DSL,59.1,1011.05,Credit card (automatic),No,26.88,Low Risk
3913-RDSJZ,64,Two year,No,25.55,1714.95,Mailed check,No,0.48,Low Risk
8058-JMEQO,9,Month-to-month,Fiber optic,84.45,762.5,Electronic check,Yes,78.04,High Risk
4203-QGNZA,28,Month-to-month,No,20.25,535.35,Mailed check,No,5.04,Low Risk
5043-TRZWM,1,Month-to-month,Fiber optic,75.55,75.55,Electronic check,No,60.64,Medium Risk
0697-ZMSWS,4,Month-to-month,Fiber optic,85.65,338.9,Electronic check,Yes,78.21,High Risk
7657-DYEPJ,38,One year,DSL,70.15,2497.35,Credit card (automatic),Yes,6.98,Low Risk
9494-BDNNC,66,One year,Fiber optic,95.3,6273.4,Electronic check,No,14.59,Low Risk
1640-PLFMP,1,Month-to-month,Fiber optic,70.25,70.25,Electronic check,No,70.02,High Risk
5366-OBVMR,18,Month-to-month,DSL,50.3,908.75,Mailed check,No,21.71,Low Risk
8276-MQBYC,51,Month-to-month,Fiber optic,97.8,4913.3,Electronic check,Yes,58.13,Medium Risk
7644-OMVMY,0,Two year,No,19.85,0.0,Mailed check,No,5.03,Low Risk
7593-XFKDI,1,Month-to-month,DSL,46.3,46.3,Mailed check,Yes,34.76,Low Risk
4573-JKNAE,12,Two year,No,19.35,212.3,Bank transfer (automatic),No,2.69,Low Risk
0337-CNPZE,41,Month-to-month,Fiber optic,106.3,4443.45,Electronic check,Yes,57.8,Medium Risk
9817-APLHW,12,Month-to-month,No,25.0,316.2,Electronic check,No,21.02,Low Risk
8380-MQINP,55,Two year,No,20.3,1079.05,Mailed check,No,0.39,Low Risk
0840-DFEZH,7,Month-to-month,Fiber optic,75.35,564.65,Electronic check,No,71.94,High Risk
1513-XNPPH,12,Month-to-month,Fiber optic,89.4,1095.65,Electronic check,Yes,58.61,Medium Risk
8690-ZVLCL,68,Two year,DSL,88.0,6161.9,Credit card (automatic),No,1.06,Low Risk
6015-VVHHE,5,Month-to-month,Fiber optic,83.15,446.05,Credit card (automatic),Yes,73.31,High Risk
1125-SNVCK,49,Month-to-month,DSL,43.8,2106.05,Mailed check,No,8.09,Low Risk
0384-LPITE,40,One year,DSL,62.05,2511.55,Credit card (automatic),No,7.55,Low Risk
4616-EWBNJ,16,One year,No,20.1,318.6,Bank transfer (automatic),No,5.09,Low Risk
6347-DCUIK,10,Month-to-month,Fiber optic,74.15,811.8,Mailed check,Yes,64.14,Medium Risk
1335-HQMKX,72,One year,Fiber optic,101.35,7323.15,Electronic check,No,23.49,Low Risk
2545-EBUPK,2,Month-to-month,Fiber optic,84.05,186.05,Electronic check,No,81.73,High Risk
6923-AQONU,23,Two year,No,20.9,454.0,Mailed check,No,1.75,Low Risk
2172-EJXVF,71,One year,Fiber optic,105.9,7521.95,Electronic check,No,25.96,Low Risk
0897-FEGMU,11,Month-to-month,Fiber optic,99.5,1056.95,Electronic check,Yes,78.39,High Risk
7663-RGWBC,1,Month-to-month,DSL,44.15,44.15,Mailed check,Yes,44.62,Medium Risk
1120-BMWUB,16,Month-to-month,DSL,53.9,834.15,Mailed check,Yes,20.26,Low Risk
9124-LHCJQ,1,Month-to-month,Fiber optic,85.45,85.45,Mailed check,Yes,73.96,High Risk
4536-PLEQY,12,Month-to-month,Fiber optic,85.05,999.8,Credit card (automatic),No,54.44,Medium Risk
7029-IJEJK,54,One year,DSL,44.1,2369.7,Bank transfer (automatic),No,2.75,Low Risk
8871-JLMHM,68,Two year,Fiber optic,90.2,6297.65,Credit card (automatic),No,2.8,Low Risk
2235-ZGKPT,4,Month-to-month,DSL,50.85,239.55,Mailed check,Yes,33.92,Low Risk
3891-PUQOD,1,Month-to-month,DSL,59.2,59.2,Electronic check,Yes,41.59,Medium Risk
5447-VYTKW,27,Month-to-month,DSL,53.45,1461.45,Mailed check,No,8.53,Low Risk
3623-FQBOX,21,Month-to-month,No,19.95,416.4,Mailed check,No,12.09,Low Risk
0689-NKYLF,13,Month-to-month,Fiber optic,83.2,1060.6,Electronic check,Yes,67.0,Medium Risk
8659-HDIYE,64,Month-to-month,DSL,74.65,4869.35,Credit card (automatic),No,5.97,Low Risk
3658-KIBGF,1,Month-to-month,DSL,54.9,54.9,Electronic check,Yes,36.7,Low Risk
3474-BAFSJ,57,Two year,DSL,57.5,3265.95,Bank transfer (automatic),No,3.58,Low Risk
5519-YLDGW,21,Month-to-month,Fiber optic,103.9,2254.2,Electronic check,Yes,65.59,Medium Risk
3865-ZFZIB,19,Two year,No,19.65,358.15,Mailed check,No,2.61,Low Risk
1855-AGAWH,31,One year,Fiber optic,93.8,2939.8,Electronic check,No,43.88,Medium Risk
7109-CQYUZ,52,Two year,DSL,89.25,4652.4,Mailed check,No,3.23,Low Risk
1370-GGAWX,46,One year,Fiber optic,94.15,4408.45,Electronic check,No,30.36,Low Risk
4680-KUTAJ,11,Month-to-month,DSL,55.6,580.8,Electronic check,No,41.66,Medium Risk
5307-UVGNB,53,Month-to-month,DSL,48.7,2495.2,Bank transfer (automatic),No,7.96,Low Risk
4946-EDSEW,11,Month-to-month,No,19.25,180.3,Mailed check,Yes,14.96,Low Risk
2883-ILGWO,57,Month-to-month,Fiber optic,104.9,5913.95,Bank transfer (automatic),No,33.53,Low Risk
2516-VQRRV,2,Month-to-month,Fiber optic,75.45,158.4,Mailed check,Yes,71.8,High Risk
7580-UGXNC,2,Month-to-month,DSL,54.85,104.2,Mailed check,Yes,24.59,Low Risk
3642-BYHDO,71,Two year,No,19.9,1389.35,Bank transfer (automatic),No,0.18,Low Risk
9629-NHXFW,1,Month-to-month,No,19.4,19.4,Mailed check,No,21.99,Low Risk
2696-RZVZW,68,Two year,No,25.05,1629.2,Credit card (automatic),No,0.36,Low Risk
5766-FTRTS,72,Two year,DSL,84.45,6033.1,Mailed check,No,0.87,Low Risk
0396-HUJBP,2,Month-to-month,No,19.3,44.4,Mailed check,No,18.55,Low Risk
5178-LMXOP,1,Month-to-month,Fiber optic,95.1,95.1,Electronic check,Yes,85.43,High Risk
8879-ZKJOF,41,One year,DSL,79.85,3320.75,Bank transfer (automatic),No,6.25,Low Risk
6285-FTQBF,72,Two year,No,25.55,1867.7,Credit card (automatic),No,0.24,Low Risk
8185-UPYBR,6,Month-to-month,Fiber optic,75.5,438.0,Electronic check,Yes,73.14,High Risk
4585-HETAI,4,Month-to-month,Fiber optic,73.75,325.45,Electronic check,Yes,63.24,Medium Risk
7526-BEZQB,12,Month-to-month,Fiber optic,96.05,1148.1,Electronic check,Yes,78.07,High Risk
1474-JUWSM,58,One year,DSL,68.4,3972.25,Electronic check,No,5.29,Low Risk
3530-CRZSB,7,Month-to-month,No,20.65,155.9,Mailed check,No,14.99,Low Risk
8498-XXGWA,65,Month-to-month,DSL,55.15,3673.15,Mailed check,No,4.21,Low Risk
9617-INGJY,1,Month-to-month,Fiber optic,70.6,70.6,Mailed check,No,63.49,Medium Risk
0621-TSSMU,56,One year,No,19.95,1126.75,Credit card (automatic),No,0.84,Low Risk
7234-KMNRQ,4,Month-to-month,No,19.0,73.45,Mailed check,No,17.55,Low Risk
7636-PEPNS,58,One year,DSL,44.1,2413.05,Mailed check,No,2.92,Low Risk
4683-WYDOU,62,Two year,Fiber optic,107.6,6912.7,Bank transfer (automatic),No,10.89,Low Risk
9052-DHNKM,26,One year,DSL,61.55,1581.95,Electronic check,No,9.4,Low Risk
6794-HKIAJ,62,Month-to-month,Fiber optic,90.7,5586.45,Bank transfer (automatic),No,11.13,Low Risk
5578-NKCXI,58,One year,Fiber optic,99.25,5846.65,Credit card (automatic),No,7.27,Low Risk
1642-HMARX,68,Two year,DSL,91.7,6424.7,Electronic check,No,2.82,Low Risk
3096-WPXBT,61,One year,Fiber optic,100.7,6018.65,Credit card (automatic),No,9.2,Low Risk
8434-PNQZX,42,Two year,DSL,78.45,3373.4,Credit card (automatic),No,6.35,Low Risk
5950-AAAGJ,18,Month-to-month,Fiber optic,84.3,1537.9,Bank transfer (automatic),No,52.82,Medium Risk
4299-OPXEJ,56,Two year,No,19.55,1080.55,Bank transfer (automatic),No,0.63,Low Risk
4951-UKAAQ,4,Month-to-month,Fiber optic,88.95,355.2,Electronic check,Yes,75.28,High Risk
9618-LFJRU,4,Month-to-month,No,20.45,82.85,Credit card (automatic),No,15.48,Low Risk
6693-DJWTY,35,One year,DSL,55.6,2016.45,Credit card (automatic),No,2.8,Low Risk
0744-GKNGE,64,Month-to-month,Fiber optic,86.8,5327.25,Bank transfer (automatic),No,9.35,Low Risk
6447-EGDIV,31,One year,No,20.95,683.25,Mailed check,No,2.79,Low Risk
1167-OYZJF,67,Two year,No,20.05,1263.05,Bank transfer (automatic),No,0.44,Low Risk
2108-YKQTY,4,Month-to-month,DSL,50.7,151.3,Credit card (automatic),Yes,25.92,Low Risk
4806-DXQCE,70,Two year,Fiber optic,113.65,7714.65,Electronic check,No,8.76,Low Risk
4918-QLLIW,3,Month-to-month,DSL,53.4,188.7,Credit card (automatic),Yes,37.17,Low Risk
7056-IMHCC,53,Month-to-month,Fiber optic,101.9,5549.4,Electronic check,Yes,54.37,Medium Risk
4854-SSLTN,2,Two year,DSL,59.5,130.5,Mailed check,No,4.04,Low Risk
5294-DMSFH,29,Month-to-month,Fiber optic,87.8,2621.75,Credit card (automatic),No,47.21,Medium Risk
4837-PZTIC,47,Two year,DSL,41.9,1875.25,Mailed check,No,1.45,Low Risk
1625-JAIIY,68,One year,Fiber optic,83.0,5685.8,Electronic check,Yes,16.57,Low Risk
0603-OLQDC,12,Month-to-month,DSL,69.85,837.5,Mailed check,No,30.68,Low Risk
3272-VUHPV,8,Month-to-month,DSL,56.3,401.5,Bank transfer (automatic),No,14.71,Low Risk
4176-FXYBO,54,Month-to-month,Fiber optic,109.55,6118.95,Electronic check,No,33.69,Low Risk
1063-DHQJF,69,Two year,Fiber optic,92.15,6480.9,Mailed check,No,3.4,Low Risk
8663-UPDGF,26,Month-to-month,DSL,69.5,1800.05,Bank transfer (automatic),No,21.66,Low Risk
6719-FGEDO,72,Two year,Fiber optic,97.0,7104.2,Bank transfer (automatic),No,2.6,Low Risk
1837-YQUCE,70,Two year,DSL,58.35,4214.25,Bank transfer (automatic),No,1.73,Low Risk
2947-DOMLJ,1,Month-to-month,DSL,50.6,50.6,Mailed check,Yes,22.05,Low Risk
4112-LUEIZ,10,Month-to-month,Fiber optic,89.5,863.1,Electronic check,Yes,74.07,High Risk
0369-ZGOVK,28,One year,Fiber optic,70.4,1992.2,Bank transfer (automatic),No,20.19,Low Risk
4510-HIMLV,1,Month-to-month,Fiber optic,69.8,69.8,Electronic check,Yes,70.66,High Risk
9919-KNPOO,21,Month-to-month,Fiber optic,94.3,1948.35,Electronic check,No,73.7,High Risk
8749-JMNKX,51,Month-to-month,Fiber optic,93.8,4750.95,Bank transfer (automatic),Yes,32.33,Low Risk
7872-BAAZR,53,One year,No,19.55,1007.9,Bank transfer (automatic),No,0.78,Low Risk
9391-LMANN,53,One year,Fiber optic,95.95,5036.9,Electronic check,No,8.63,Low Risk
2430-USGXP,24,Month-to-month,Fiber optic,101.05,2391.8,Electronic check,Yes,71.68,High Risk
8174-TBVCF,70,Two year,DSL,94.8,6859.05,Credit card (automatic),No,1.77,Low Risk
1698-XFZCI,61,One year,Fiber optic,107.75,6521.9,Electronic check,No,22.14,Low Risk
1877-HKBQX,11,One year,DSL,54.6,617.85,Mailed check,No,10.64,Low Risk
4450-DLLMH,2,Month-to-month,Fiber optic,71.3,157.75,Credit card (automatic),No,60.03,Medium Risk
0428-AXXLJ,25,One year,No,19.5,516.3,Bank transfer (automatic),No,5.05,Low Risk
2746-DIJLO,41,One year,DSL,56.3,2364.0,Credit card (automatic),No,7.72,Low Risk
5955-ERIHD,18,Month-to-month,Fiber optic,94.7,1687.95,Electronic check,Yes,75.7,High Risk
0917-EZOLA,72,Two year,Fiber optic,104.15,7689.95,Bank transfer (automatic),Yes,11.68,Low Risk
3508-VLHCZ,71,Two year,DSL,90.55,6239.05,Credit card (automatic),No,1.27,Low Risk
4086-ATNFV,34,One year,DSL,60.8,2042.05,Mailed check,No,4.57,Low Risk
0468-YRPXN,29,Month-to-month,Fiber optic,98.8,2807.1,Credit card (automatic),No,43.06,Medium Risk
5996-NRVXR,40,One year,Fiber optic,98.15,4116.8,Credit card (automatic),No,13.18,Low Risk
3739-YBWAB,36,One year,DSL,35.35,1317.95,Mailed check,No,6.39,Low Risk
7047-FWEYA,46,One year,Fiber optic,103.15,4594.65,Electronic check,No,29.67,Low Risk
2000-MPKCA,58,One year,Fiber optic,107.75,6332.75,Electronic check,No,23.68,Low Risk
9762-YAQAA,39,One year,Fiber optic,81.4,3213.75,Credit card (automatic),No,14.94,Low Risk
5949-EBSQK,4,Month-to-month,DSL,61.45,229.55,Credit card (automatic),Yes,23.09,Low Risk
5473-KHBPS,52,One year,Fiber optic,95.7,4976.15,Credit card (automatic),No,16.12,Low Risk
0100-DUVFC,70,One year,Fiber optic,104.8,7308.95,Electronic check,No,27.23,Low Risk
5397-TUPSH,65,One year,Fiber optic,70.95,4555.2,Bank transfer (automatic),No,9.22,Low Risk
8950-MTZNV,1,Month-to-month,DSL,44.95,44.95,Mailed check,No,44.23,Medium Risk
0326-VDYXE,70,One year,Fiber optic,97.65,6982.5,Electronic check,No,26.8,Low Risk
6773-LQTVT,29,Month-to-month,DSL,35.65,1025.15,Mailed check,No,23.52,Low Risk
7274-RTAPZ,1,Month-to-month,Fiber optic,90.55,90.55,Electronic check,Yes,78.72,High Risk
0436-TWFFZ,67,Two year,DSL,85.25,5714.2,Mailed check,No,2.23,Low Risk
8566-YPRGL,1,Month-to-month,No,19.5,19.5,Mailed check,No,25.61,Low Risk
0311-UNPFF,26,Month-to-month,Fiber optic,88.8,2274.35,Bank transfer (automatic),Yes,54.26,Medium Risk
6609-MXJHJ,30,Two year,No,25.1,789.55,Mailed check,No,2.52,Low Risk
2669-OIDSD,48,Month-to-month,Fiber optic,100.05,4834.0,Credit card (automatic),No,30.98,Low Risk
8400-WZICQ,55,Month-to-month,DSL,55.7,3131.8,Electronic check,No,4.01,Low Risk
3834-XUIFC,7,Month-to-month,Fiber optic,85.2,602.55,Mailed check,Yes,70.79,High Risk
9576-SYUHJ,37,Month-to-month,Fiber optic,91.15,3369.25,Electronic check,No,46.64,Medium Risk
0410-IPFTY,31,Month-to-month,Fiber optic,83.85,2674.15,Bank transfer (automatic),No,40.84,Medium Risk
2831-EBWRN,4,Month-to-month,DSL,45.9,199.75,Electronic check,No,48.56,Medium Risk
9430-NKQLY,72,Two year,No,25.1,1790.8,Credit card (automatic),No,0.35,Low Risk
8414-MYSHR,5,Month-to-month,Fiber optic,91.4,449.75,Electronic check,Yes,78.84,High Risk
0247-SLUJI,1,Month-to-month,No,19.7,19.7,Mailed check,No,16.49,Low Risk
9402-ORRAH,15,Month-to-month,Fiber optic,91.5,1400.3,Electronic check,No,73.18,High Risk
6483-OATDN,8,Month-to-month,DSL,51.3,411.6,Credit card (automatic),No,22.1,Low Risk
1293-HHSHJ,35,One year,No,21.1,741.0,Mailed check,No,2.31,Low Risk
4840-ORQXB,56,Month-to-month,Fiber optic,104.75,5841.35,Electronic check,No,42.04,Medium Risk
7599-FKVXZ,42,Month-to-month,Fiber optic,106.15,4512.7,Bank transfer (automatic),Yes,43.65,Medium Risk
3982-DQLUS,65,Month-to-month,Fiber optic,85.75,5688.45,Electronic check,No,18.69,Low Risk
8610-ZIKJJ,2,One year,No,20.3,31.9,Mailed check,No,8.26,Low Risk
3756-VNWDH,65,One year,Fiber optic,100.75,6674.65,Electronic check,No,24.95,Low Risk
7801-KICAO,18,Month-to-month,Fiber optic,74.15,1345.75,Electronic check,No,64.24,Medium Risk
7673-LPRNY,23,One year,DSL,78.55,1843.05,Electronic check,No,25.67,Low Risk
8229-TNIQA,4,Month-to-month,DSL,45.3,196.95,Mailed check,Yes,40.66,Medium Risk
6060-QBMGV,70,Two year,No,19.85,1433.8,Credit card (automatic),No,0.23,Low Risk
7339-POGZN,4,Month-to-month,DSL,50.7,214.55,Electronic check,No,46.06,Medium Risk
2828-SLQPF,19,Month-to-month,DSL,45.0,865.85,Bank transfer (automatic),No,26.21,Low Risk
4465-VDKIQ,18,Month-to-month,Fiber optic,77.8,1358.6,Electronic check,No,43.49,Medium Risk
2921-XWDJH,38,Month-to-month,Fiber optic,83.45,3147.15,Electronic check,No,41.91,Medium Risk
6221-AVQYL,2,Month-to-month,Fiber optic,73.25,131.05,Credit card (automatic),Yes,67.84,Medium Risk
2558-BUOZZ,47,One year,Fiber optic,94.8,4535.85,Bank transfer (automatic),No,12.08,Low Risk
9257-AZMTZ,52,Two year,No,20.1,1078.75,Bank transfer (automatic),No,0.43,Low Risk
0003-MKNFE,9,Month-to-month,DSL,59.9,542.4,Mailed check,No,40.39,Medium Risk
0975-UYDTX,26,One year,DSL,90.1,2312.55,Credit card (automatic),No,11.07,Low Risk
7743-EXURX,8,Month-to-month,DSL,51.05,415.05,Electronic check,Yes,38.78,Low Risk
4682-BLBUC,44,One year,DSL,70.95,3250.45,Electronic check,No,7.96,Low Risk
0975-VOOVL,3,Month-to-month,DSL,29.2,98.5,Mailed check,No,42.25,Medium Risk
5968-VXZLG,2,Month-to-month,DSL,46.6,87.9,Bank transfer (automatic),No,40.63,Medium Risk
5569-KGJHX,9,Month-to-month,Fiber optic,85.35,754.65,Bank transfer (automatic),Yes,62.64,Medium Risk
4988-IQIGL,1,Month-to-month,Fiber optic,75.35,75.35,Electronic check,Yes,78.58,High Risk
5201-FRKKS,25,Month-to-month,Fiber optic,74.3,1952.25,Bank transfer (automatic),No,25.39,Low Risk
9799-CAYJJ,2,Month-to-month,Fiber optic,69.3,153.8,Electronic check,No,73.11,High Risk
7730-IUTDZ,43,Month-to-month,Fiber optic,75.2,3198.6,Electronic check,Yes,27.53,Low Risk
0426-TIRNE,1,Month-to-month,No,20.9,20.9,Mailed check,Yes,18.77,Low Risk
5443-SCMKX,58,One year,Fiber optic,94.3,5610.15,Electronic check,No,24.16,Low Risk
8295-KMENE,59,Two year,DSL,76.45,4519.5,Mailed check,No,1.64,Low Risk
6738-ISCBM,44,One year,DSL,54.0,2440.25,Electronic check,No,15.41,Low Risk
9821-BESNZ,66,One year,Fiber optic,104.25,6860.6,Electronic check,No,20.2,Low Risk
3678-MNGZX,68,Two year,No,19.95,1377.7,Bank transfer (automatic),No,0.21,Low Risk
1335-NTIUC,9,Month-to-month,DSL,24.95,190.25,Electronic check,No,56.71,Medium Risk
2916-BQZLN,19,Month-to-month,Fiber optic,84.75,1651.95,Electronic check,No,53.78,Medium Risk
4558-CGYCZ,4,Month-to-month,No,19.75,78.3,Mailed check,No,17.35,Low Risk
2368-GAKKQ,70,Two year,Fiber optic,113.65,7939.25,Bank transfer (automatic),No,5.52,Low Risk
8710-YGLWG,1,Month-to-month,DSL,44.9,44.9,Mailed check,No,44.26,Medium Risk
3199-XGZCY,8,Month-to-month,Fiber optic,75.25,576.7,Electronic check,No,70.99,High Risk
3785-KTYSH,53,Two year,No,24.6,1279.0,Mailed check,No,0.77,Low Risk
6814-ZPWFQ,51,One year,No,25.0,1260.7,Bank transfer (automatic),No,1.73,Low Risk
4063-EIKNQ,11,Month-to-month,No,20.95,267.35,Bank transfer (automatic),No,10.21,Low Risk
6993-YCOBK,60,Two year,Fiber optic,110.6,6586.85,Electronic check,No,9.1,Low Risk
5206-HPJKM,17,Month-to-month,DSL,55.5,934.15,Credit card (automatic),No,17.38,Low Risk
7587-RZNME,3,Month-to-month,DSL,43.3,123.65,Electronic check,Yes,50.67,Medium Risk
0748-RDGGM,70,One year,Fiber optic,109.5,7534.65,Bank transfer (automatic),Yes,7.31,Low Risk
8393-JMVMB,1,Month-to-month,No,19.45,19.45,Mailed check,No,19.54,Low Risk
5019-GQVCR,43,Month-to-month,Fiber optic,84.85,3645.6,Electronic check,No,55.45,Medium Risk
6036-TTFYU,16,Month-to-month,No,19.6,314.45,Mailed check,No,10.73,Low Risk
2550-AEVRU,57,One year,DSL,53.45,3053.0,Electronic check,No,1.88,Low Risk
0969-RGKCU,37,One year,No,19.8,677.05,Credit card (automatic),No,1.6,Low Risk
0378-CJKPV,72,Two year,Fiber optic,112.1,7965.95,Credit card (automatic),No,3.61,Low Risk
4706-AXVKM,11,Month-to-month,Fiber optic,84.8,906.85,Credit card (automatic),Yes,68.58,Medium Risk
5889-JTMUL,50,Month-to-month,Fiber optic,95.05,4888.7,Electronic check,Yes,48.21,Medium Risk
9026-RNUJS,5,Month-to-month,DSL,50.35,237.25,Electronic check,Yes,41.19,Medium Risk
3746-EUBYR,1,Month-to-month,Fiber optic,74.6,74.6,Bank transfer (automatic),Yes,69.13,Medium Risk
2332-EFBJY,16,Month-to-month,No,19.7,342.4,Mailed check,Yes,14.93,Low Risk
2880-FPNAE,2,Month-to-month,Fiber optic,74.2,140.1,Electronic check,No,72.73,High Risk
1703-MGIAB,17,Month-to-month,DSL,69.0,1108.0,Mailed check,No,32.87,Low Risk
4311-QTTAI,16,One year,No,19.35,295.55,Credit card (automatic),No,5.0,Low Risk
9474-PHLYD,15,Month-to-month,DSL,59.45,892.65,Electronic check,Yes,43.27,Medium Risk
4318-RAJVY,10,One year,No,19.8,198.25,Mailed check,No,10.03,Low Risk
2165-VOEGB,46,One year,Fiber optic,105.2,4822.85,Bank transfer (automatic),Yes,10.09,Low Risk
3612-YUNGG,64,Two year,Fiber optic,109.2,6741.15,Credit card (automatic),No,6.86,Low Risk
2254-DLXRI,1,Month-to-month,Fiber optic,79.15,79.15,Mailed check,No,66.12,Medium Risk
5062-CJJKH,25,One year,DSL,53.65,1355.45,Mailed check,No,6.76,Low Risk
9028-LIHRP,71,Two year,Fiber optic,100.2,7209.0,Credit card (automatic),No,1.51,Low Risk
2219-MVUSO,8,Month-to-month,DSL,45.15,438.4,Mailed check,Yes,37.72,Low Risk
1053-MXTTK,72,Two year,Fiber optic,108.65,7726.35,Bank transfer (automatic),No,2.99,Low Risk
1530-ZTDOZ,49,Month-to-month,DSL,40.65,2070.75,Bank transfer (automatic),No,9.01,Low Risk
1301-LOPVR,29,One year,DSL,55.35,1636.95,Credit card (automatic),No,7.32,Low Risk
0853-TWRVK,72,Two year,Fiber optic,105.6,7581.5,Bank transfer (automatic),No,2.63,Low Risk
8914-RBTSB,31,Month-to-month,Fiber optic,93.8,3019.5,Electronic check,Yes,49.77,Medium Risk
6212-ATMLK,50,Month-to-month,Fiber optic,95.7,4729.75,Electronic check,No,53.8,Medium Risk
8200-LGKSR,71,Two year,DSL,83.2,6126.1,Electronic check,No,2.05,Low Risk
1568-BEKZM,70,Two year,DSL,90.05,6333.4,Credit card (automatic),No,1.41,Low Risk
0670-ANMUU,71,One year,Fiber optic,97.65,6687.85,Credit card (automatic),No,4.81,Low Risk
6897-RWMUB,61,Two year,DSL,68.05,4158.25,Bank transfer (automatic),No,0.64,Low Risk
0963-ZBDRN,32,Month-to-month,Fiber optic,96.2,3183.4,Electronic check,Yes,51.51,Medium Risk
7594-RQHXR,1,Month-to-month,Fiber optic,79.6,79.6,Electronic check,Yes,70.28,High Risk
6999-CHVCF,68,Two year,Fiber optic,102.1,7149.35,Bank transfer (automatic),No,5.67,Low Risk
6134-KWTBV,62,Two year,No,23.4,1429.65,Bank transfer (automatic),No,0.48,Low Risk
1077-HUUJM,7,Month-to-month,Fiber optic,71.05,472.65,Electronic check,No,59.82,Medium Risk
6331-EWIEB,20,Month-to-month,Fiber optic,85.25,1734.5,Electronic check,Yes,68.87,Medium Risk
0895-LNKRC,6,One year,No,19.45,113.5,Mailed check,No,7.21,Low Risk
2045-BMBTJ,33,Month-to-month,DSL,59.45,1884.65,Bank transfer (automatic),No,26.57,Low Risk
8417-GSODA,28,One year,Fiber optic,92.2,2568.15,Bank transfer (automatic),No,30.97,Low Risk
5171-EPLKN,27,Two year,No,19.85,470.0,Credit card (automatic),No,1.61,Low Risk
4452-QIIEB,7,Month-to-month,DSL,43.9,278.4,Mailed check,No,30.26,Low Risk
5998-VVEJY,26,Month-to-month,Fiber optic,80.5,2088.8,Electronic check,Yes,49.27,Medium Risk
1624-NALOJ,5,Month-to-month,Fiber optic,89.8,502.6,Electronic check,Yes,77.67,High Risk
6741-EGCBI,30,Month-to-month,Fiber optic,90.5,2595.85,Credit card (automatic),No,44.72,Medium Risk
7820-ZYGNY,63,One year,Fiber optic,90.45,5825.5,Credit card (automatic),No,10.77,Low Risk
4317-VTEOA,1,Month-to-month,DSL,50.75,50.75,Electronic check,Yes,47.11,Medium Risk
9677-AVKED,53,One year,DSL,84.6,4449.75,Electronic check,No,8.64,Low Risk
1670-SVOWZ,14,Month-to-month,Fiber optic,89.65,1208.35,Credit card (automatic),Yes,38.06,Low Risk
2227-JRSJX,21,Month-to-month,Fiber optic,99.15,1956.4,Bank transfer (automatic),No,44.76,Medium Risk
9847-HNVGP,17,One year,No,19.95,310.6,Mailed check,No,5.32,Low Risk
6696-YDAYZ,16,Two year,No,20.5,290.55,Mailed check,No,2.41,Low Risk
8980-WQFWL,35,Month-to-month,DSL,62.1,2096.1,Electronic check,No,25.67,Low Risk
1730-ZMAME,32,Month-to-month,Fiber optic,79.5,2665.0,Electronic check,No,56.25,Medium Risk
6506-EYCNH,28,Month-to-month,No,19.55,543.8,Bank transfer (automatic),No,6.9,Low Risk
4634-JLRJT,1,Month-to-month,No,20.35,20.35,Mailed check,No,25.3,Low Risk
9501-UKKNL,59,Month-to-month,DSL,51.7,3005.8,Electronic check,No,16.83,Low Risk
2560-QTSBS,72,One year,No,23.3,1623.15,Bank transfer (automatic),No,0.67,Low Risk
7541-YLXCL,36,One year,DSL,65.4,2498.4,Mailed check,Yes,7.63,Low Risk
4795-WRNVT,40,Month-to-month,DSL,65.1,2586.0,Mailed check,No,8.22,Low Risk
6080-TCMYC,40,Month-to-month,Fiber optic,81.2,3292.3,Electronic check,No,41.51,Medium Risk
0260-ZDLGK,9,Month-to-month,DSL,72.9,651.4,Mailed check,Yes,33.65,Low Risk
7860-UXCRM,63,Two year,DSL,74.5,4674.55,Credit card (automatic),No,0.58,Low Risk
6357-JJPQT,3,Month-to-month,Fiber optic,80.5,232.35,Electronic check,No,73.07,High Risk
2292-XQWSV,40,One year,DSL,60.3,2448.5,Mailed check,No,7.34,Low Risk
9552-TGUZV,8,Month-to-month,Fiber optic,75.0,658.1,Mailed check,No,48.51,Medium Risk
5913-INRQV,34,One year,Fiber optic,90.15,3128.8,Mailed check,No,13.01,Low Risk
8722-NGNBH,5,Month-to-month,DSL,40.0,223.45,Mailed check,Yes,26.1,Low Risk
6210-KBBPI,9,Month-to-month,Fiber optic,99.45,919.4,Credit card (automatic),Yes,72.19,High Risk
9643-YBLUR,9,Month-to-month,DSL,69.05,653.95,Credit card (automatic),No,43.15,Medium Risk
8734-FNWVH,31,Month-to-month,DSL,59.7,1825.5,Bank transfer (automatic),No,18.45,Low Risk
9447-YPTBX,50,One year,No,19.85,943.1,Bank transfer (automatic),No,1.6,Low Risk
0133-BMFZO,2,Month-to-month,Fiber optic,86.25,181.65,Electronic check,Yes,45.6,Medium Risk
6128-CZOMY,1,Month-to-month,DSL,45.65,45.65,Electronic check,Yes,51.07,Medium Risk
9540-JYROE,8,Month-to-month,Fiber optic,70.1,551.35,Mailed check,Yes,57.88,Medium Risk
9026-LHEVG,9,Month-to-month,DSL,40.75,359.4,Electronic check,No,48.53,Medium Risk
2260-USTRB,2,Month-to-month,Fiber optic,70.2,115.95,Bank transfer (automatic),Yes,63.87,Medium Risk
3656-TKRVZ,3,Month-to-month,DSL,55.35,165.2,Electronic check,Yes,26.85,Low Risk
7011-CVEUC,25,Month-to-month,Fiber optic,95.7,2338.35,Credit card (automatic),No,45.96,Medium Risk
6185-TASNN,1,Month-to-month,DSL,46.3,46.3,Electronic check,No,45.63,Medium Risk
7925-PNRGI,45,Month-to-month,DSL,81.3,3541.1,Mailed check,No,5.74,Low Risk
8623-TMRBY,51,Month-to-month,Fiber optic,84.2,4146.05,Electronic check,Yes,33.17,Low Risk
1552-CZCLL,55,Month-to-month,No,20.0,1087.25,Credit card (automatic),No,1.39,Low Risk
3038-PQIUY,38,Month-to-month,DSL,66.15,2522.4,Bank transfer (automatic),No,11.7,Low Risk
1501-SGHBW,2,Month-to-month,DSL,45.85,81.0,Mailed check,Yes,33.98,Low Risk
9313-CDOGY,38,Month-to-month,No,19.6,717.3,Electronic check,No,4.56,Low Risk
8148-BPLZQ,34,Month-to-month,DSL,49.8,1734.2,Electronic check,No,19.94,Low Risk
2623-DRYAM,70,One year,Fiber optic,101.75,7069.3,Electronic check,No,25.64,Low Risk
9987-LUTYD,13,One year,DSL,55.15,742.9,Mailed check,No,7.02,Low Risk
3208-YPIOE,39,Month-to-month,Fiber optic,75.25,3017.65,Electronic check,Yes,38.52,Low Risk
4488-KQFDT,61,One year,Fiber optic,103.95,6423.0,Electronic check,No,28.89,Low Risk
2612-RANWT,12,Month-to-month,Fiber optic,100.15,1164.3,Bank transfer (automatic),Yes,69.97,Medium Risk
5693-PIPCS,41,Two year,Fiber optic,99.65,4220.35,Credit card (automatic),No,11.14,Low Risk
0491-KAPQG,21,Month-to-month,Fiber optic,73.7,1558.7,Electronic check,No,62.55,Medium Risk
1925-LFCZZ,55,One year,DSL,50.05,2743.45,Bank transfer (automatic),No,11.61,Low Risk
8039-EQPIM,69,Two year,DSL,60.25,4055.5,Bank transfer (automatic),No,1.22,Low Risk
6900-PXRMS,26,Month-to-month,Fiber optic,105.75,2710.25,Electronic check,Yes,56.9,Medium Risk
8707-RMEZH,69,One year,Fiber optic,87.3,6055.55,Credit card (automatic),No,5.35,Low Risk
3346-BRMIS,18,Month-to-month,DSL,48.35,810.7,Electronic check,Yes,62.93,Medium Risk
3209-ZPKFI,47,Month-to-month,DSL,54.25,2538.2,Electronic check,No,10.49,Low Risk
6479-VDGRK,72,Two year,DSL,85.3,6129.2,Bank transfer (automatic),No,0.64,Low Risk
9373-WSLOY,33,Month-to-month,DSL,50.0,1750.85,Electronic check,No,30.93,Low Risk
2933-FILNV,2,Month-to-month,DSL,24.4,36.55,Mailed check,Yes,51.73,Medium Risk
3569-JFODW,72,Two year,DSL,90.95,6652.45,Credit card (automatic),No,0.92,Low Risk
9819-FBNSV,37,Month-to-month,Fiber optic,72.25,2575.45,Bank transfer (automatic),No,34.49,Low Risk
9544-PYPSJ,62,Month-to-month,Fiber optic,96.1,6019.35,Credit card (automatic),No,25.46,Low Risk
1591-XWLGB,71,Two year,No,19.85,1379.6,Credit card (automatic),No,0.21,Low Risk
0396-UKGAI,23,Month-to-month,DSL,55.3,1284.2,Bank transfer (automatic),No,12.73,Low Risk
3243-ZHOHY,16,One year,No,20.1,296.15,Mailed check,No,5.44,Low Risk
5186-EJEGL,9,Month-to-month,DSL,69.5,653.25,Mailed check,No,24.77,Low Risk
7527-QNRUS,17,Two year,No,25.15,412.6,Mailed check,No,4.48,Low Risk
9986-BONCE,4,Month-to-month,No,20.95,85.5,Bank transfer (automatic),Yes,15.73,Low Risk
2722-JMONI,1,Month-to-month,DSL,49.55,49.55,Electronic check,Yes,45.14,Medium Risk
2203-GHNWN,24,Month-to-month,Fiber optic,79.65,1928.7,Mailed check,No,51.91,Medium Risk
3878-AVSOQ,1,Month-to-month,Fiber optic,71.25,71.25,Electronic check,No,72.58,High Risk
3258-SYSWS,72,Two year,Fiber optic,113.8,7845.8,Bank transfer (automatic),No,4.02,Low Risk
5296-PSYVW,72,Two year,No,24.55,1750.7,Electronic check,No,0.45,Low Risk
6319-QSUSR,11,Month-to-month,No,19.7,216.2,Credit card (automatic),No,9.69,Low Risk
4083-EUGRJ,9,Month-to-month,No,20.25,178.5,Mailed check,Yes,14.15,Low Risk
7579-OOPEC,2,Month-to-month,DSL,50.15,115.1,Credit card (automatic),Yes,31.41,Low Risk
0512-FLFDW,60,One year,Fiber optic,100.5,6029.0,Credit card (automatic),No,26.1,Low Risk
1771-OADNZ,29,Month-to-month,Fiber optic,95.9,2745.2,Electronic check,Yes,62.36,Medium Risk
0487-CRLZF,49,Two year,DSL,74.45,3721.9,Bank transfer (automatic),No,3.75,Low Risk
2107-FBPTK,30,Month-to-month,Fiber optic,104.1,3121.1,Electronic check,No,68.01,Medium Risk
9451-WLYRI,53,One year,No,19.05,990.45,Credit card (automatic),No,0.95,Low Risk
8219-VYBVI,39,Two year,No,25.0,1004.35,Mailed check,No,1.17,Low Risk
1991-VOPLL,9,Month-to-month,No,19.05,157.65,Mailed check,No,14.11,Low Risk
9738-QLWTP,39,One year,Fiber optic,81.9,3219.75,Electronic check,No,13.5,Low Risk
1016-DJTSV,8,Month-to-month,Fiber optic,69.7,572.85,Electronic check,No,68.69,Medium Risk
9419-IPPBE,51,One year,Fiber optic,90.15,4554.85,Electronic check,No,25.09,Low Risk
0174-QRVVY,71,Two year,No,25.35,1847.55,Credit card (automatic),No,0.26,Low Risk
5699-BNCAS,71,Two year,No,24.65,1766.75,Mailed check,No,0.58,Low Risk
2900-PHPLN,70,Two year,No,19.55,1462.05,Credit card (automatic),No,0.38,Low Risk
0612-RTZZA,1,Month-to-month,DSL,25.25,25.25,Electronic check,Yes,59.53,Medium Risk
8106-GWQOK,38,Two year,DSL,60.0,2193.2,Bank transfer (automatic),No,4.7,Low Risk
8751-EDEKA,28,Month-to-month,Fiber optic,89.9,2433.5,Credit card (automatic),No,32.43,Low Risk
6878-GGDWG,32,Month-to-month,No,19.4,641.15,Bank transfer (automatic),No,5.07,Low Risk
4039-PIMHX,49,Two year,DSL,49.8,2398.4,Mailed check,No,2.03,Low Risk
8450-LUGUK,37,Two year,No,24.1,861.85,Bank transfer (automatic),No,1.71,Low Risk
3604-WLABM,10,Month-to-month,DSL,54.25,583.0,Electronic check,No,25.9,Low Risk
0795-GMVQO,67,One year,Fiber optic,109.9,7332.4,Credit card (automatic),No,10.16,Low Risk
2259-OUUSZ,7,One year,DSL,35.5,249.55,Credit card (automatic),No,23.95,Low Risk
1142-IHLOO,51,One year,Fiber optic,87.55,4475.9,Credit card (automatic),No,15.84,Low Risk
6410-LEFEN,9,Month-to-month,DSL,45.15,416.45,Electronic check,Yes,34.49,Low Risk
4633-MKHYU,9,Month-to-month,Fiber optic,88.4,788.6,Mailed check,No,68.42,Medium Risk
6257-RJOHI,4,Month-to-month,DSL,50.8,202.3,Mailed check,No,32.29,Low Risk
1545-JFUML,71,Two year,Fiber optic,99.0,6994.6,Electronic check,No,7.32,Low Risk
3194-ORPIK,50,Month-to-month,Fiber optic,84.4,4116.15,Bank transfer (automatic),Yes,31.6,Low Risk
7826-VVKWT,24,Two year,Fiber optic,96.55,2263.45,Electronic check,No,29.81,Low Risk
1353-GHZOS,22,One year,DSL,59.75,1374.35,Bank transfer (automatic),No,12.42,Low Risk
2587-EKXTS,44,Month-to-month,Fiber optic,111.5,4915.15,Electronic check,No,46.62,Medium Risk
5442-BXVND,33,Month-to-month,No,24.25,838.5,Bank transfer (automatic),No,5.37,Low Risk
8816-VXNZD,1,Month-to-month,Fiber optic,75.1,75.1,Electronic check,Yes,75.74,High Risk
9378-FXTIZ,54,One year,DSL,70.15,3715.65,Credit card (automatic),Yes,10.27,Low Risk
1723-HKXJQ,42,Month-to-month,Fiber optic,101.75,4273.45,Electronic check,Yes,56.86,Medium Risk
7825-GKXMW,1,Month-to-month,DSL,45.8,45.8,Electronic check,Yes,41.78,Medium Risk
9753-OYLBX,1,Month-to-month,No,20.5,20.5,Mailed check,No,18.89,Low Risk
2364-UFROM,30,One year,DSL,70.4,2044.75,Electronic check,No,5.83,Low Risk
6656-JWRQX,1,Month-to-month,DSL,30.55,30.55,Mailed check,No,38.96,Low Risk
6473-ULUHT,16,Month-to-month,DSL,84.9,1398.25,Electronic check,No,23.15,Low Risk
1240-KNSEZ,1,Month-to-month,No,20.1,20.1,Mailed check,Yes,25.81,Low Risk
0836-SEYLU,9,Month-to-month,DSL,40.65,328.95,Mailed check,Yes,37.07,Low Risk
4433-JCGCG,46,Month-to-month,Fiber optic,101.0,4680.05,Electronic check,Yes,61.93,Medium Risk
3716-BDVDB,1,Month-to-month,Fiber optic,69.1,69.1,Electronic check,Yes,70.94,High Risk
7688-AWMDX,71,Two year,DSL,54.5,3778.2,Bank transfer (automatic),No,0.4,Low Risk
2842-BCQGE,43,Month-to-month,Fiber optic,75.35,3161.4,Credit card (automatic),No,33.61,Low Risk
7244-QWYHG,50,One year,DSL,44.45,2188.45,Bank transfer (automatic),No,4.75,Low Risk
5899-MQZZL,13,Month-to-month,Fiber optic,75.0,999.45,Mailed check,Yes,60.67,Medium Risk
6849-OYAMU,19,One year,Fiber optic,100.0,1888.65,Bank transfer (automatic),Yes,19.84,Low Risk
5312-UXESG,41,Month-to-month,Fiber optic,98.05,3990.6,Bank transfer (automatic),No,42.45,Medium Risk
9488-HGMJH,1,Month-to-month,Fiber optic,71.15,71.15,Electronic check,Yes,72.62,High Risk
6038-GCYEC,24,Month-to-month,DSL,54.15,1240.25,Credit card (automatic),Yes,38.96,Low Risk
2150-WLKUW,40,One year,DSL,63.9,2635.0,Bank transfer (automatic),No,8.14,Low Risk
7159-FVYPK,3,Month-to-month,DSL,69.15,235.0,Bank transfer (automatic),No,42.9,Medium Risk
7032-LMBHI,37,One year,DSL,64.65,2347.85,Bank transfer (automatic),No,6.8,Low Risk
1150-WFARN,67,Two year,Fiber optic,108.75,7156.2,Credit card (automatic),Yes,5.1,Low Risk
6088-BXMRG,32,Month-to-month,Fiber optic,98.85,3089.6,Electronic check,No,58.48,Medium Risk
3144-AUDBS,6,Month-to-month,DSL,49.15,270.8,Electronic check,Yes,38.08,Low Risk
4821-SJHJV,32,Month-to-month,Fiber optic,89.6,2901.8,Electronic check,No,36.5,Low Risk
7346-MEDWM,59,Month-to-month,Fiber optic,83.25,4949.1,Electronic check,No,29.59,Low Risk
1137-DGOWI,30,One year,DSL,70.25,2198.9,Bank transfer (automatic),No,6.06,Low Risk
5616-PRTNT,20,Month-to-month,No,19.4,374.5,Electronic check,Yes,13.66,Low Risk
3812-LRZIR,27,Two year,No,24.5,761.95,Electronic check,No,2.76,Low Risk
4818-QIUFN,20,Month-to-month,Fiber optic,79.15,1520.9,Electronic check,Yes,56.07,Medium Risk
9483-GCPWE,9,One year,No,20.1,190.25,Mailed check,No,6.16,Low Risk
4227-OJHAL,68,One year,DSL,73.0,5163.0,Credit card (automatic),No,2.69,Low Risk
9220-CXRSC,69,Two year,DSL,61.4,4059.85,Credit card (automatic),No,0.46,Low Risk
4993-JCRGJ,26,Month-to-month,Fiber optic,84.3,2281.6,Mailed check,No,42.31,Medium Risk
9537-JALFH,69,Two year,No,19.9,1356.7,Bank transfer (automatic),No,0.2,Low Risk
6698-OXETB,11,Two year,No,20.4,231.45,Mailed check,No,3.71,Low Risk
2103-ZRXFN,1,Month-to-month,DSL,50.75,50.75,Mailed check,No,41.77,Medium Risk
3724-BSCVH,10,One year,No,20.45,242.4,Mailed check,No,6.01,Low Risk
4877-TSOFF,55,One year,DSL,75.75,4264.25,Bank transfer (automatic),No,2.95,Low Risk
9209-NWPGU,44,One year,DSL,65.4,2774.55,Electronic check,No,4.12,Low Risk
6961-VCPMC,46,Month-to-month,Fiber optic,80.4,3605.2,Electronic check,Yes,44.53,Medium Risk
7306-YDSOI,69,Two year,DSL,59.75,4069.9,Bank transfer (automatic),No,0.64,Low Risk
5288-AHOUP,11,Month-to-month,Fiber optic,78.5,874.2,Electronic check,No,72.04,High Risk
6688-UZPWD,11,Month-to-month,Fiber optic,102.0,1145.35,Electronic check,Yes,75.41,High Risk
0655-YDGFJ,29,Month-to-month,DSL,48.95,1323.7,Bank transfer (automatic),No,13.82,Low Risk
8468-EHYJA,57,Month-to-month,Fiber optic,99.65,5497.05,Electronic check,No,39.9,Low Risk
6823-SIDFQ,28,One year,No,18.25,534.7,Credit card (automatic),No,3.05,Low Risk
1097-FSPVW,42,Month-to-month,DSL,54.55,2455.05,Credit card (automatic),No,6.2,Low Risk
2839-RFSQE,2,Month-to-month,No,20.65,38.7,Mailed check,Yes,18.13,Low Risk
8328-SKJNO,23,One year,DSL,40.65,947.4,Bank transfer (automatic),No,5.0,Low Risk
7010-ZMVBF,18,Month-to-month,No,20.45,357.0,Mailed check,No,7.95,Low Risk
5201-CBWYG,62,One year,No,24.8,1476.25,Bank transfer (automatic),No,0.74,Low Risk
0968-GSIKN,1,Month-to-month,Fiber optic,70.8,70.8,Mailed check,Yes,62.9,Medium Risk
1965-DDBWU,16,Month-to-month,Fiber optic,89.05,1448.6,Credit card (automatic),Yes,54.19,Medium Risk
9057-SIHCH,3,Month-to-month,Fiber optic,96.6,291.9,Electronic check,Yes,81.7,High Risk
6352-GIGGQ,67,One year,DSL,88.8,5903.15,Bank transfer (automatic),No,3.62,Low Risk
3635-QQRQD,62,Two year,No,20.05,1201.65,Credit card (automatic),No,0.47,Low Risk
6771-XWBDM,57,Month-to-month,Fiber optic,104.5,5921.35,Credit card (automatic),Yes,37.45,Low Risk
2897-DOVND,2,Month-to-month,Fiber optic,69.8,146.65,Electronic check,No,69.97,Medium Risk
3082-YVEKW,23,Two year,DSL,77.15,1759.4,Bank transfer (automatic),No,4.78,Low Risk
0191-EQUUH,25,Two year,DSL,35.05,844.45,Bank transfer (automatic),No,2.77,Low Risk
7134-HBPBS,72,Two year,Fiber optic,108.1,7774.05,Bank transfer (automatic),No,8.32,Low Risk
3489-HHPFY,2,Month-to-month,Fiber optic,84.05,134.05,Electronic check,No,79.59,High Risk
2926-JEJJC,8,One year,No,20.2,140.95,Bank transfer (automatic),No,10.09,Low Risk
8601-QACRS,5,Month-to-month,DSL,50.6,249.95,Mailed check,Yes,46.58,Medium Risk
4950-BDEUX,35,Month-to-month,DSL,49.2,1701.65,Electronic check,No,34.0,Low Risk
5789-LDFXO,24,One year,No,24.6,592.65,Electronic check,No,7.12,Low Risk
0508-OOLTO,2,Month-to-month,Fiber optic,71.65,135.75,Electronic check,No,64.18,Medium Risk
2984-TBYKU,72,Two year,Fiber optic,104.9,7732.65,Credit card (automatic),No,3.1,Low Risk
9822-WMWVG,41,Month-to-month,Fiber optic,106.5,4282.4,Electronic check,No,32.13,Low Risk
2391-SOORI,4,Month-to-month,DSL,49.35,219.65,Electronic check,Yes,26.08,Low Risk
9040-KZVWO,26,One year,Fiber optic,75.5,2018.1,Bank transfer (automatic),No,16.86,Low Risk
2645-QTLMB,7,Month-to-month,Fiber optic,94.25,669.0,Electronic check,Yes,72.77,High Risk
4806-HIPDW,1,Month-to-month,Fiber optic,68.95,68.95,Electronic check,Yes,70.97,High Risk
1548-ARAGG,4,Month-to-month,DSL,58.5,224.85,Mailed check,No,30.84,Low Risk
6339-RZCBJ,48,Two year,DSL,78.9,3771.5,Credit card (automatic),No,2.34,Low Risk
4424-TKOPW,2,Month-to-month,Fiber optic,93.85,196.75,Electronic check,Yes,85.14,High Risk
4415-WNGVR,12,One year,DSL,79.2,943.85,Electronic check,No,22.78,Low Risk
2522-AHJXR,60,Month-to-month,Fiber optic,109.45,6572.85,Bank transfer (automatic),No,25.28,Low Risk
0412-UCCNP,55,Two year,DSL,59.2,3175.85,Electronic check,No,1.58,Low Risk
1816-FLZDK,1,Month-to-month,DSL,29.15,29.15,Mailed check,No,40.13,Medium Risk
7096-UCLNH,1,Month-to-month,No,20.05,20.05,Mailed check,No,19.36,Low Risk
8443-ZRDBZ,4,Month-to-month,Fiber optic,76.05,318.9,Electronic check,Yes,73.98,High Risk
9136-ALYBR,1,Month-to-month,DSL,24.45,24.45,Mailed check,Yes,58.43,Medium Risk
4615-PIVVU,42,Two year,DSL,66.5,2762.75,Credit card (automatic),No,2.25,Low Risk
8885-QSQBX,1,Month-to-month,DSL,49.55,49.55,Bank transfer (automatic),No,24.68,Low Risk
7479-NITWS,7,Month-to-month,Fiber optic,89.35,631.85,Credit card (automatic),Yes,68.26,Medium Risk
8617-ENBDS,3,Month-to-month,Fiber optic,73.6,232.5,Credit card (automatic),No,59.54,Medium Risk
9385-NXKDA,72,Two year,DSL,82.65,5919.35,Credit card (automatic),No,2.14,Low Risk
0430-IHCDJ,15,Month-to-month,DSL,49.0,749.25,Electronic check,No,45.8,Medium Risk
2959-MJHIC,4,Month-to-month,Fiber optic,80.35,307.4,Electronic check,Yes,73.3,High Risk
6674-KVJHG,11,One year,No,25.2,245.15,Electronic check,No,11.73,Low Risk
1814-DKOLC,5,Month-to-month,No,25.45,134.75,Mailed check,No,20.61,Low Risk
4201-JMNGR,1,Month-to-month,DSL,55.8,55.8,Electronic check,Yes,43.09,Medium Risk
9351-HXDMR,72,Two year,Fiber optic,110.9,8240.85,Credit card (automatic),No,6.17,Low Risk
3537-HPKQT,55,Month-to-month,Fiber optic,77.75,4266.4,Credit card (automatic),No,23.78,Low Risk
2129-ALKBS,40,Month-to-month,No,26.2,1077.5,Electronic check,No,7.92,Low Risk
5821-MMEIL,57,Two year,No,19.9,1115.6,Bank transfer (automatic),No,0.42,Low Risk
5960-WPXQM,1,Month-to-month,Fiber optic,79.05,79.05,Electronic check,Yes,75.3,High Risk
0684-AOSIH,1,Month-to-month,Fiber optic,95.0,95.0,Electronic check,Yes,71.4,High Risk
8260-NGFNY,1,Month-to-month,DSL,25.2,25.2,Mailed check,Yes,48.31,Medium Risk
1309-XGFSN,52,One year,DSL,80.85,4079.55,Electronic check,No,13.51,Low Risk
1866-RZZQS,41,Month-to-month,Fiber optic,98.4,4187.75,Electronic check,Yes,65.87,Medium Risk
6968-URWQU,43,One year,DSL,56.35,2391.15,Mailed check,No,8.94,Low Risk
4742-TXUEX,47,Two year,No,19.3,890.5,Bank transfer (automatic),No,0.54,Low Risk
9631-XEYKE,3,Month-to-month,DSL,50.4,137.25,Bank transfer (automatic),No,38.19,Low Risk
8631-NBHFZ,66,Two year,DSL,79.4,5154.6,Credit card (automatic),Yes,0.86,Low Risk
1335-MXCSE,55,Two year,DSL,55.25,3119.9,Credit card (automatic),No,1.26,Low Risk
8873-TMKGR,29,One year,No,19.1,529.5,Mailed check,No,3.15,Low Risk
8800-JOOCF,12,Month-to-month,Fiber optic,84.05,966.55,Electronic check,No,69.04,Medium Risk
1469-LBJQJ,66,Month-to-month,Fiber optic,105.2,6936.85,Electronic check,No,41.67,Medium Risk
4958-XCBDQ,35,Month-to-month,Fiber optic,101.4,3496.3,Electronic check,Yes,67.76,Medium Risk
8337-UPOAQ,10,Month-to-month,Fiber optic,89.8,914.3,Electronic check,Yes,77.69,High Risk
0064-YIJGF,27,Month-to-month,Fiber optic,75.75,1929.0,Bank transfer (automatic),No,41.74,Medium Risk
2386-OWURY,58,Month-to-month,Fiber optic,95.3,5817.7,Electronic check,No,34.19,Low Risk
1725-IQNIY,54,Two year,Fiber optic,109.75,6110.2,Bank transfer (automatic),Yes,4.36,Low Risk
0310-VQXAM,9,Month-to-month,No,19.85,178.8,Mailed check,No,14.24,Low Risk
6598-RFFVI,2,One year,No,19.3,28.3,Credit card (automatic),Yes,9.39,Low Risk
3453-RTHJQ,6,Month-to-month,Fiber optic,69.1,435.0,Electronic check,No,67.32,Medium Risk
6712-OAWRH,26,Month-to-month,Fiber optic,91.25,2351.8,Electronic check,Yes,66.14,Medium Risk
6278-FEPBZ,9,Month-to-month,No,20.25,186.15,Mailed check,No,13.91,Low Risk
4280-DLSHD,8,Month-to-month,DSL,54.75,445.85,Mailed check,No,33.39,Low Risk
1508-DFXCU,12,Month-to-month,Fiber optic,81.45,912.0,Electronic check,No,66.83,Medium Risk
8614-VGMMV,15,Month-to-month,DSL,49.1,679.55,Electronic check,Yes,44.81,Medium Risk
7868-BGSZA,43,One year,DSL,80.2,3581.6,Electronic check,No,15.87,Low Risk
2800-QQUSO,42,Month-to-month,Fiber optic,100.3,4222.95,Electronic check,No,52.41,Medium Risk
2930-UOTMB,31,Month-to-month,DSL,65.25,1994.3,Credit card (automatic),Yes,8.59,Low Risk
7973-DZRKH,66,Two year,Fiber optic,90.95,5930.05,Credit card (automatic),No,2.5,Low Risk
5914-DVBWJ,18,Month-to-month,Fiber optic,85.45,1505.85,Electronic check,Yes,54.67,Medium Risk
7698-YFGEZ,1,Month-to-month,No,20.0,20.0,Mailed check,No,19.37,Low Risk
2533-QVMSK,61,Two year,Fiber optic,94.1,5638.3,Electronic check,Yes,9.47,Low Risk
9773-PEQBZ,10,Month-to-month,Fiber optic,79.85,797.25,Electronic check,No,58.0,Medium Risk
8644-XLFBW,1,Month-to-month,Fiber optic,71.65,71.65,Electronic check,Yes,72.86,High Risk
0650-BWOZN,18,Month-to-month,Fiber optic,73.55,1359.45,Electronic check,No,56.95,Medium Risk
8625-AZYZY,24,Month-to-month,Fiber optic,104.65,2542.45,Electronic check,Yes,69.25,Medium Risk
7785-RDVIG,3,Month-to-month,No,19.3,54.7,Mailed check,No,15.05,Low Risk
9602-WCXPI,50,One year,No,20.15,989.05,Credit card (automatic),No,1.08,Low Risk
2903-YYTBW,1,Month-to-month,DSL,44.55,44.55,Electronic check,No,38.04,Low Risk
3620-MWJNE,2,Month-to-month,DSL,54.45,87.3,Mailed check,No,25.66,Low Risk
8573-JGCZW,17,One year,No,19.65,351.55,Bank transfer (automatic),No,7.14,Low Risk
6837-HAEVO,69,Two year,Fiber optic,105.0,7297.75,Electronic check,No,12.33,Low Risk
6701-YVNQG,72,Two year,DSL,88.7,6301.7,Credit card (automatic),No,1.62,Low Risk
9306-CPCBC,3,Month-to-month,Fiber optic,74.25,210.3,Electronic check,Yes,74.73,High Risk
4304-XUMGI,50,Two year,DSL,75.15,3822.45,Bank transfer (automatic),No,2.97,Low Risk
9504-YAZWB,53,Two year,No,20.25,1048.45,Mailed check,No,0.53,Low Risk
8819-ZBYNA,58,Two year,Fiber optic,109.1,6393.65,Credit card (automatic),No,7.14,Low Risk
6174-NRBTZ,46,One year,DSL,30.75,1489.3,Bank transfer (automatic),No,5.48,Low Risk
9481-IEBZY,72,Month-to-month,Fiber optic,112.9,8061.5,Credit card (automatic),No,20.09,Low Risk
1833-VGRUM,1,Month-to-month,Fiber optic,74.2,74.2,Electronic check,Yes,78.59,High Risk
6137-NICCO,6,Month-to-month,Fiber optic,94.05,518.75,Mailed check,No,62.13,Medium Risk
9065-ZCPQX,72,Two year,DSL,78.85,5763.15,Bank transfer (automatic),No,0.82,Low Risk
6402-EJMWF,4,Month-to-month,DSL,55.3,238.5,Mailed check,No,46.84,Medium Risk
3620-EHIMZ,52,Two year,No,19.35,1031.7,Mailed check,No,0.46,Low Risk
3213-VVOLG,0,Two year,No,25.35,0.0,Mailed check,No,6.52,Low Risk
6870-ECSHE,2,One year,No,20.45,34.8,Mailed check,No,9.9,Low Risk
8747-UDCOI,65,Two year,No,19.35,1319.95,Bank transfer (automatic),No,0.3,Low Risk
8374-XGEJJ,43,Month-to-month,Fiber optic,101.0,4388.4,Electronic check,Yes,60.63,Medium Risk
2656-TABEH,4,Month-to-month,Fiber optic,100.2,420.2,Electronic check,Yes,79.66,High Risk
6946-LMSQS,25,One year,Fiber optic,89.05,2177.45,Electronic check,Yes,42.62,Medium Risk
4626-OZDTJ,51,One year,DSL,78.65,3950.85,Credit card (automatic),No,7.7,Low Risk
9169-BSVIN,12,Month-to-month,DSL,74.75,827.05,Bank transfer (automatic),No,40.91,Medium Risk
2325-ZUSFD,57,One year,DSL,70.1,3913.3,Bank transfer (automatic),Yes,4.0,Low Risk
8194-PEEBY,24,One year,No,19.9,533.5,Mailed check,No,3.2,Low Risk
6872-HXFNF,64,One year,DSL,58.35,3756.45,Bank transfer (automatic),No,2.12,Low Risk
3932-CMDTD,4,One year,Fiber optic,105.65,443.9,Electronic check,Yes,47.88,Medium Risk
7714-YXSMB,26,Month-to-month,Fiber optic,100.5,2599.95,Bank transfer (automatic),No,61.3,Medium Risk
8387-UGUSU,15,Month-to-month,No,20.05,284.3,Mailed check,No,9.07,Low Risk
1080-BWSYE,64,Two year,No,25.65,1740.8,Credit card (automatic),No,0.51,Low Risk
4039-HEUNW,36,Month-to-month,Fiber optic,96.5,3436.1,Electronic check,Yes,65.8,Medium Risk
1194-HVAIF,27,Month-to-month,Fiber optic,95.0,2462.55,Credit card (automatic),No,51.16,Medium Risk
0812-WUPTB,1,Month-to-month,Fiber optic,70.85,70.85,Mailed check,Yes,58.46,Medium Risk
3594-UVONA,35,One year,DSL,85.95,3110.1,Credit card (automatic),Yes,9.85,Low Risk
0004-TLHLJ,4,Month-to-month,Fiber optic,73.9,280.85,Electronic check,Yes,67.98,Medium Risk
1767-TGTKO,8,Month-to-month,DSL,45.45,411.75,Electronic check,No,39.47,Low Risk
8439-LTUGF,10,Month-to-month,No,20.0,198.6,Credit card (automatic),No,17.15,Low Risk
8805-JNRAZ,2,Month-to-month,DSL,49.2,103.7,Mailed check,No,30.42,Low Risk
5089-IFSDP,58,Two year,Fiber optic,109.45,6144.55,Bank transfer (automatic),Yes,9.39,Low Risk
6418-HNFED,51,Two year,DSL,83.25,4089.45,Credit card (automatic),No,2.13,Low Risk
0206-OYVOC,46,Two year,No,19.25,864.2,Mailed check,No,0.88,Low Risk
7291-CDTMJ,1,Month-to-month,No,19.65,19.65,Bank transfer (automatic),No,24.57,Low Risk
7128-GGCNO,46,Month-to-month,Fiber optic,72.8,3249.4,Bank transfer (automatic),No,24.84,Low Risk
0237-YFUTL,50,Month-to-month,Fiber optic,109.65,5405.8,Bank transfer (automatic),No,26.66,Low Risk
7691-KGKGP,53,Month-to-month,DSL,65.0,3363.8,Credit card (automatic),No,4.2,Low Risk
6710-HSJRD,61,Month-to-month,Fiber optic,114.1,7132.15,Electronic check,No,38.58,Low Risk
3675-EQOZA,5,Month-to-month,No,20.65,93.55,Bank transfer (automatic),No,15.44,Low Risk
0840-DCNZE,47,One year,DSL,86.95,4138.9,Bank transfer (automatic),No,4.65,Low Risk
1732-FEKLD,54,One year,Fiber optic,94.75,5121.75,Bank transfer (automatic),No,18.72,Low Risk
9862-KJTYK,19,Month-to-month,DSL,25.35,566.1,Credit card (automatic),No,31.1,Low Risk
0479-HMSWA,26,Two year,Fiber optic,105.45,2715.3,Electronic check,No,17.5,Low Risk
5854-KSRBJ,70,Two year,No,25.4,1782.05,Mailed check,No,0.29,Low Risk
0365-BZUWY,17,Month-to-month,Fiber optic,102.55,1742.5,Electronic check,No,73.56,High Risk
4817-VYYWS,30,Month-to-month,Fiber optic,100.2,2983.8,Electronic check,Yes,64.47,Medium Risk
5701-SVCWR,1,Month-to-month,No,24.0,24.0,Mailed check,No,20.36,Low Risk
3129-AAQOU,19,Two year,No,25.6,485.9,Mailed check,No,2.8,Low Risk
4922-CVPDX,26,Two year,DSL,73.5,1905.7,Credit card (automatic),No,9.21,Low Risk
1396-QWFBJ,21,Month-to-month,Fiber optic,74.05,1565.7,Bank transfer (automatic),Yes,36.22,Low Risk
1357-BIJKI,50,One year,Fiber optic,98.25,4858.7,Electronic check,No,35.2,Low Risk
1099-BTKWT,68,One year,DSL,54.4,3723.65,Electronic check,No,6.67,Low Risk
5299-SJCZT,3,Month-to-month,Fiber optic,101.55,298.35,Bank transfer (automatic),Yes,74.97,High Risk
2018-PZKMU,9,Month-to-month,Fiber optic,103.1,970.45,Electronic check,No,51.65,Medium Risk
7340-KEFQE,51,Two year,DSL,34.2,1782.0,Bank transfer (automatic),No,0.97,Low Risk
4570-QHXHL,9,Month-to-month,DSL,43.75,405.7,Electronic check,No,43.92,Medium Risk
2403-BCASL,41,One year,Fiber optic,111.95,4534.9,Electronic check,Yes,31.18,Low Risk
7392-YYPYJ,22,Month-to-month,Fiber optic,100.65,2415.95,Electronic check,No,70.77,High Risk
2898-LSJGD,21,One year,DSL,55.95,1157.05,Electronic check,Yes,25.16,Low Risk
2223-GDSHL,71,Two year,Fiber optic,116.05,8297.5,Bank transfer (automatic),No,4.59,Low Risk
7359-PTSXY,1,Month-to-month,DSL,45.75,45.75,Electronic check,Yes,42.33,Medium Risk
9470-RTWDV,26,One year,DSL,82.0,2083.1,Credit card (automatic),No,14.54,Low Risk
2176-OSJUV,71,Two year,DSL,65.15,4681.75,Bank transfer (automatic),No,0.54,Low Risk
9348-YVOMK,4,Month-to-month,DSL,44.8,176.2,Credit card (automatic),No,38.85,Low Risk
8104-OSKWT,12,Month-to-month,Fiber optic,79.8,1001.2,Electronic check,No,59.24,Medium Risk
4521-YEEHE,18,Month-to-month,Fiber optic,88.85,1594.75,Electronic check,No,62.57,Medium Risk
4090-KPJIP,3,Month-to-month,Fiber optic,74.95,212.4,Electronic check,No,74.48,High Risk
3786-WOVKF,72,One year,Fiber optic,106.85,7677.4,Bank transfer (automatic),No,13.82,Low Risk
4503-BDXBD,11,Month-to-month,Fiber optic,74.95,815.5,Electronic check,Yes,49.7,Medium Risk
6086-ESGRL,1,Month-to-month,Fiber optic,80.15,80.15,Credit card (automatic),Yes,57.17,Medium Risk
2592-HODOV,13,One year,No,19.3,259.65,Credit card (automatic),No,5.86,Low Risk
3886-CERTZ,72,One year,Fiber optic,109.25,8109.8,Electronic check,Yes,19.34,Low Risk
7995-ZHHNZ,42,One year,DSL,56.1,2386.85,Credit card (automatic),No,4.32,Low Risk
3824-RHKVR,17,Month-to-month,No,19.7,340.35,Credit card (automatic),No,9.21,Low Risk
5816-SCGFC,7,Month-to-month,DSL,51.3,419.35,Mailed check,No,36.96,Low Risk
5989-AXPUC,68,Two year,Fiber optic,118.6,7990.05,Mailed check,No,4.31,Low Risk
4979-HPRFL,56,Two year,No,24.15,1402.25,Bank transfer (automatic),No,0.52,Low Risk
8590-OHDIW,38,One year,No,20.3,749.35,Mailed check,No,1.66,Low Risk
8015-IHCGW,72,Two year,Fiber optic,115.5,8425.15,Electronic check,No,6.4,Low Risk
2332-TODQS,48,One year,No,25.05,1171.5,Credit card (automatic),No,1.62,Low Risk
9278-VZKCD,52,Month-to-month,Fiber optic,109.1,5647.95,Electronic check,No,45.46,Medium Risk
8008-OTEZX,35,One year,No,19.65,708.8,Mailed check,No,1.94,Low Risk
2773-OVBPK,67,Two year,Fiber optic,111.3,7567.2,Bank transfer (automatic),No,8.64,Low Risk
5999-LCXAO,1,Month-to-month,DSL,29.9,29.9,Mailed check,No,38.09,Low Risk
5206-XZZQI,53,Month-to-month,Fiber optic,80.6,4348.1,Mailed check,No,16.01,Low Risk
4803-LBYPN,34,Month-to-month,No,20.8,635.9,Mailed check,No,3.96,Low Risk
5759-RCVCB,3,Month-to-month,DSL,35.2,108.95,Credit card (automatic),Yes,49.16,Medium Risk
6372-RFVNS,1,Month-to-month,Fiber optic,78.8,78.8,Electronic check,Yes,67.84,Medium Risk
2139-FQHLM,19,Month-to-month,Fiber optic,89.95,1682.4,Mailed check,No,36.72,Low Risk
8261-GWDBQ,60,Two year,Fiber optic,116.05,6925.9,Bank transfer (automatic),No,7.96,Low Risk
1093-YSWCA,11,Two year,No,19.55,223.15,Credit card (automatic),No,3.41,Low Risk
8938-UMKPI,47,Month-to-month,Fiber optic,106.4,5127.95,Electronic check,Yes,54.16,Medium Risk
0991-BRRFB,18,Month-to-month,DSL,49.4,874.8,Electronic check,Yes,20.05,Low Risk
3882-IYOIJ,60,Two year,Fiber optic,115.25,6758.45,Credit card (automatic),No,3.77,Low Risk
8749-TZYEC,72,Two year,No,24.8,1874.3,Credit card (automatic),No,0.31,Low Risk
1755-FZQEC,39,One year,No,19.9,791.15,Mailed check,No,2.0,Low Risk
3115-JPJDD,59,One year,Fiber optic,81.25,4639.45,Credit card (automatic),No,6.75,Low Risk
5600-KTXFM,2,Month-to-month,Fiber optic,69.95,143.9,Mailed check,No,48.96,Medium Risk
3871-IKPYH,1,Month-to-month,Fiber optic,69.1,69.1,Electronic check,Yes,66.04,Medium Risk
6319-IEJWJ,20,Month-to-month,Fiber optic,90.2,1776.55,Electronic check,Yes,63.11,Medium Risk
9025-AOMKI,6,Month-to-month,Fiber optic,93.55,536.4,Bank transfer (automatic),Yes,74.58,High Risk
6339-TBELP,71,Two year,Fiber optic,86.4,6172.0,Credit card (automatic),No,3.91,Low Risk
7964-YESJC,24,Month-to-month,DSL,66.3,1559.45,Mailed check,No,14.05,Low Risk
6173-GOLSU,67,Month-to-month,Fiber optic,94.65,6079.0,Credit card (automatic),No,35.32,Low Risk
5275-SQEIZ,1,Month-to-month,Fiber optic,80.85,80.85,Mailed check,Yes,68.37,Medium Risk
7716-YTYHG,48,One year,Fiber optic,82.05,4029.95,Mailed check,Yes,21.88,Low Risk
9938-ZREHM,37,One year,DSL,72.1,2658.4,Mailed check,No,6.73,Low Risk
7950-XWOVN,11,Month-to-month,DSL,34.7,383.55,Mailed check,No,33.56,Low Risk
4390-KYULV,3,Month-to-month,No,20.55,51.15,Credit card (automatic),Yes,22.41,Low Risk
4647-MUZON,18,Month-to-month,Fiber optic,95.95,1745.5,Credit card (automatic),No,59.05,Medium Risk
9702-AIUJO,50,One year,DSL,44.8,2230.85,Bank transfer (automatic),No,3.91,Low Risk
8849-PRIQJ,67,One year,Fiber optic,109.4,7281.6,Electronic check,No,13.73,Low Risk
8851-RAGOV,25,Month-to-month,DSL,71.05,1837.7,Mailed check,No,13.92,Low Risk
1304-NECVQ,2,Month-to-month,Fiber optic,78.55,149.55,Electronic check,Yes,77.55,High Risk
5396-IZEPB,9,Month-to-month,No,19.7,180.7,Credit card (automatic),No,13.08,Low Risk
1729-VLAZJ,10,One year,DSL,40.25,411.45,Mailed check,No,8.75,Low Risk
8285-ABVLB,70,Two year,No,19.85,1328.35,Credit card (automatic),No,0.22,Low Risk
0701-TJSEF,9,Month-to-month,DSL,68.25,576.95,Bank transfer (automatic),No,23.55,Low Risk
5712-VBOXD,4,Month-to-month,No,20.15,68.45,Credit card (automatic),No,21.03,Low Risk
6629-LADHQ,2,Month-to-month,DSL,50.95,123.05,Mailed check,No,24.92,Low Risk
8945-GRKHX,1,Month-to-month,Fiber optic,78.65,78.65,Electronic check,Yes,62.42,Medium Risk
1559-DTODC,19,Month-to-month,DSL,25.15,468.35,Bank transfer (automatic),No,36.26,Low Risk
4797-MIWUM,7,Month-to-month,No,20.25,174.7,Bank transfer (automatic),No,16.71,Low Risk
6959-UWKHF,1,Month-to-month,DSL,42.9,42.9,Electronic check,Yes,52.95,Medium Risk
8720-RQSBJ,1,Month-to-month,DSL,44.0,44.0,Electronic check,No,46.74,Medium Risk
4537-CIBHB,9,One year,No,20.25,172.35,Mailed check,No,6.11,Low Risk
3815-SLMEF,3,Month-to-month,DSL,34.25,139.35,Mailed check,Yes,28.39,Low Risk
5154-VEKBL,9,Month-to-month,DSL,58.5,539.85,Mailed check,Yes,32.65,Low Risk
4324-AHJKS,5,Month-to-month,DSL,55.8,300.4,Credit card (automatic),No,20.52,Low Risk
4355-CVPVS,56,One year,Fiber optic,88.9,4968.0,Bank transfer (automatic),No,11.81,Low Risk
4495-LHSSK,18,Month-to-month,DSL,57.65,992.7,Mailed check,No,15.61,Low Risk
5655-JSMZM,49,Month-to-month,Fiber optic,96.2,4718.25,Electronic check,Yes,58.84,Medium Risk
5915-ANOEI,70,Two year,DSL,79.15,5536.5,Mailed check,No,0.92,Low Risk
9861-PDSZP,72,Two year,Fiber optic,108.05,7806.6,Credit card (automatic),No,7.15,Low Risk
4505-EXZHB,6,Month-to-month,Fiber optic,74.4,434.1,Electronic check,Yes,60.53,Medium Risk
7225-CBZPL,17,Month-to-month,Fiber optic,94.8,1563.9,Electronic check,No,78.6,High Risk
6704-UTUKK,29,Month-to-month,DSL,45.9,1332.4,Electronic check,No,48.89,Medium Risk
4587-VVTOX,6,Month-to-month,Fiber optic,105.3,545.2,Electronic check,Yes,77.36,High Risk
2019-HDCZY,63,Two year,Fiber optic,102.6,6296.75,Electronic check,No,12.89,Low Risk
4652-NNHNY,16,Month-to-month,Fiber optic,73.85,1284.2,Bank transfer (automatic),Yes,58.36,Medium Risk
8788-DOXSU,59,One year,DSL,61.35,3645.5,Bank transfer (automatic),No,4.84,Low Risk
7404-JLKQG,3,Month-to-month,DSL,57.55,161.45,Electronic check,No,45.91,Medium Risk
7421-ZLUPA,8,Month-to-month,DSL,29.25,226.95,Mailed check,No,45.82,Medium Risk
8972-HJWNV,7,Month-to-month,Fiber optic,84.55,646.85,Electronic check,Yes,79.6,High Risk
3274-NSDWE,68,Two year,No,19.6,1441.65,Credit card (automatic),No,0.25,Low Risk
2632-IVXVF,68,Two year,Fiber optic,111.75,7511.3,Credit card (automatic),No,3.48,Low Risk
3692-JHONH,52,One year,Fiber optic,106.5,5621.85,Electronic check,No,37.43,Low Risk
8915-NNTRC,72,Two year,Fiber optic,107.7,7919.8,Credit card (automatic),No,4.32,Low Risk
5914-GXMDA,32,One year,No,19.3,593.2,Mailed check,No,2.74,Low Risk
7463-IFMQU,72,Two year,No,20.05,1423.65,Bank transfer (automatic),No,0.21,Low Risk
2920-RNCEZ,1,Month-to-month,Fiber optic,69.95,69.95,Credit card (automatic),No,56.51,Medium Risk
2541-YGPKE,42,One year,DSL,63.7,2763.35,Credit card (automatic),No,2.59,Low Risk
8515-OCTJS,25,Two year,No,24.75,692.1,Credit card (automatic),Yes,2.44,Low Risk
5382-TEMLV,45,Month-to-month,DSL,50.9,2298.55,Bank transfer (automatic),No,7.79,Low Risk
3441-CGZJH,43,One year,DSL,60.4,2640.55,Credit card (automatic),No,6.64,Low Risk
9592-ERDKV,37,One year,DSL,79.25,2911.8,Mailed check,No,10.14,Low Risk
2860-RANUS,20,Month-to-month,Fiber optic,85.8,1727.5,Credit card (automatic),Yes,62.09,Medium Risk
5261-QSHQM,4,Month-to-month,DSL,24.45,86.6,Electronic check,Yes,62.01,Medium Risk
4778-IZARL,63,Two year,Fiber optic,110.1,6705.7,Credit card (automatic),No,4.43,Low Risk
0432-CAJZV,3,Month-to-month,Fiber optic,90.7,237.65,Mailed check,No,63.54,Medium Risk
7008-LZVOZ,66,Two year,No,25.3,1672.35,Credit card (automatic),No,0.46,Low Risk
8868-WOZGU,28,Month-to-month,Fiber optic,105.7,2979.5,Electronic check,Yes,66.13,Medium Risk
1200-TUZHR,8,Month-to-month,Fiber optic,85.2,695.75,Electronic check,No,71.44,High Risk
9365-CSLBQ,71,Two year,No,24.35,1654.6,Mailed check,No,0.27,Low Risk
1334-FJSVR,1,Month-to-month,DSL,24.25,24.25,Electronic check,Yes,65.8,Medium Risk
5884-FBCTL,72,Two year,No,25.1,1857.85,Bank transfer (automatic),No,0.25,Low Risk
7130-CTCUS,16,Month-to-month,DSL,54.55,825.1,Bank transfer (automatic),No,21.05,Low Risk
6242-FEGFD,66,Two year,Fiber optic,96.6,6424.25,Mailed check,No,2.31,Low Risk
7625-XCQRH,11,Month-to-month,Fiber optic,76.5,837.95,Electronic check,Yes,68.53,Medium Risk
6194-HBGQN,51,One year,DSL,81.15,4126.2,Credit card (automatic),No,4.01,Low Risk
7634-WSWDB,8,Month-to-month,DSL,38.5,330.8,Electronic check,No,48.34,Medium Risk
6986-IXNDM,14,Month-to-month,Fiber optic,92.9,1337.45,Electronic check,No,70.88,High Risk
1731-TVIUK,4,Month-to-month,Fiber optic,93.5,362.2,Electronic check,Yes,67.88,Medium Risk
2987-BJXIK,70,Two year,DSL,84.7,5991.05,Mailed check,No,1.74,Low Risk
9769-TSBZE,70,Two year,DSL,66.0,4891.5,Electronic check,No,0.67,Low Risk
0406-BPDVR,54,One year,Fiber optic,101.5,5373.1,Credit card (automatic),Yes,25.98,Low Risk
0618-XWMSS,28,Month-to-month,Fiber optic,74.9,2068.55,Bank transfer (automatic),Yes,25.61,Low Risk
1395-WSWXR,24,Two year,No,20.75,487.05,Mailed check,No,2.05,Low Risk
6023-GSSXW,69,Two year,DSL,61.45,4131.2,Credit card (automatic),No,1.47,Low Risk
6752-APNJL,42,Month-to-month,DSL,54.5,2301.15,Mailed check,No,4.88,Low Risk
5276-KQWHG,2,Month-to-month,Fiber optic,69.6,131.65,Electronic check,Yes,72.49,High Risk
0420-HLGXF,39,Month-to-month,Fiber optic,99.75,4036.0,Electronic check,No,66.28,Medium Risk
7446-KQISO,45,Two year,Fiber optic,109.75,4900.65,Bank transfer (automatic),No,11.39,Low Risk
9823-EALYC,72,Two year,DSL,80.85,5727.45,Bank transfer (automatic),No,0.9,Low Risk
0582-AVCLN,38,Two year,No,20.3,743.05,Mailed check,No,1.06,Low Risk
5803-NQJZO,72,Two year,DSL,67.8,4804.65,Bank transfer (automatic),No,0.78,Low Risk
2565-JSLRY,1,Month-to-month,No,24.05,24.05,Mailed check,Yes,32.11,Low Risk
2607-DHDAK,72,Two year,No,19.8,1414.65,Credit card (automatic),No,0.24,Low Risk
1073-XXCZD,55,Two year,No,25.7,1443.65,Bank transfer (automatic),No,0.67,Low Risk
0743-HRVFF,51,One year,DSL,56.15,2898.95,Electronic check,No,10.25,Low Risk
4006-HKYHO,63,Two year,DSL,86.7,5309.5,Bank transfer (automatic),No,1.45,Low Risk
3727-JEZTU,1,Month-to-month,No,20.4,20.4,Mailed check,No,18.92,Low Risk
8143-ETQTI,23,Two year,No,19.65,451.55,Mailed check,No,2.52,Low Risk
6689-KXGBO,1,Month-to-month,DSL,50.55,50.55,Electronic check,Yes,37.63,Low Risk
9667-TKTVZ,2,Month-to-month,DSL,54.35,117.05,Mailed check,No,40.96,Medium Risk
3657-COGMW,52,Month-to-month,Fiber optic,108.1,5839.3,Credit card (automatic),No,28.46,Low Risk
8570-KLJYJ,36,One year,DSL,54.45,1893.5,Mailed check,No,5.65,Low Risk
7754-IXRMC,1,Month-to-month,DSL,45.35,45.35,Mailed check,No,34.68,Low Risk
9473-CBZOP,28,One year,DSL,59.0,1654.45,Mailed check,No,7.64,Low Risk
2969-WGHQO,7,One year,DSL,69.45,477.05,Electronic check,No,13.68,Low Risk
6615-NGGZJ,14,Month-to-month,Fiber optic,100.55,1415.55,Electronic check,Yes,74.28,High Risk
4334-HOWRP,72,Two year,DSL,64.95,4546.0,Credit card (automatic),No,1.6,Low Risk
4255-DDUOU,1,Month-to-month,No,20.5,20.5,Mailed check,Yes,21.62,Low Risk
5863-OOKCL,10,Month-to-month,No,18.85,163.2,Mailed check,No,13.56,Low Risk
1686-STUHN,42,One year,No,19.8,849.9,Bank transfer (automatic),No,1.62,Low Risk
1329-VHWNP,7,Month-to-month,DSL,25.05,189.95,Bank transfer (automatic),No,39.96,Low Risk
2984-MIIZL,4,Month-to-month,Fiber optic,74.8,321.9,Bank transfer (automatic),Yes,58.92,Medium Risk
0266-GMEAO,72,Two year,Fiber optic,114.3,8058.55,Credit card (automatic),No,4.17,Low Risk
5590-YRFJT,20,Month-to-month,DSL,24.45,482.8,Electronic check,Yes,44.63,Medium Risk
5574-NXZIU,63,Two year,Fiber optic,109.2,7049.75,Credit card (automatic),No,3.34,Low Risk
0019-GFNTW,56,Two year,DSL,45.05,2560.1,Bank transfer (automatic),No,0.87,Low Risk
4256-ZWTZI,5,Month-to-month,DSL,51.0,286.8,Mailed check,No,26.5,Low Risk
8309-PPCED,72,Two year,Fiber optic,110.45,7982.5,Bank transfer (automatic),No,7.44,Low Risk
4098-NAUKP,68,Month-to-month,Fiber optic,84.65,5683.6,Electronic check,No,22.83,Low Risk
5196-WPYOW,67,One year,DSL,60.05,3994.05,Mailed check,No,0.71,Low Risk
4608-LCIMN,8,Month-to-month,DSL,44.65,369.15,Bank transfer (automatic),No,23.94,Low Risk
1485-YDHMM,52,Month-to-month,Fiber optic,93.25,4631.7,Bank transfer (automatic),No,22.04,Low Risk
4054-CUMIA,18,Month-to-month,No,20.25,401.95,Mailed check,No,11.27,Low Risk
0603-TPMIB,59,Two year,No,25.45,1534.05,Mailed check,No,0.47,Low Risk
2525-GVKQU,60,Two year,No,20.6,1093.0,Mailed check,No,0.37,Low Risk
8161-QYMTT,7,Month-to-month,Fiber optic,94.1,701.3,Electronic check,No,81.14,High Risk
9581-GVBXT,59,One year,DSL,34.8,1980.3,Mailed check,No,1.95,Low Risk
5862-BRIXZ,46,Two year,DSL,60.75,2893.4,Bank transfer (automatic),No,4.11,Low Risk
5404-GGUKR,5,Month-to-month,DSL,51.35,262.3,Electronic check,No,42.98,Medium Risk
3308-JSGML,59,Two year,DSL,64.05,3886.85,Credit card (automatic),No,2.91,Low Risk
2126-GSEGL,70,Two year,DSL,84.8,5917.55,Bank transfer (automatic),No,2.45,Low Risk
3677-TNKIO,14,Month-to-month,Fiber optic,71.0,914.0,Credit card (automatic),Yes,48.87,Medium Risk
0440-QEXBZ,44,Month-to-month,DSL,50.15,2139.1,Mailed check,No,15.71,Low Risk
2434-EEVDB,64,Two year,Fiber optic,94.6,5948.7,Credit card (automatic),No,6.34,Low Risk
6762-QVYJO,58,Two year,DSL,59.75,3624.35,Mailed check,No,1.64,Low Risk
6199-IWKGC,46,One year,Fiber optic,100.25,4753.85,Electronic check,No,28.6,Low Risk
2675-DHUTR,58,Month-to-month,Fiber optic,98.9,5780.7,Electronic check,No,50.82,Medium Risk
8152-VETUR,72,Two year,Fiber optic,97.7,6869.7,Credit card (automatic),No,8.77,Low Risk
9667-EQRXU,30,Month-to-month,DSL,40.3,1172.95,Electronic check,Yes,43.09,Medium Risk
7446-YPODE,11,Month-to-month,DSL,60.25,662.95,Bank transfer (automatic),No,22.72,Low Risk
9522-BNTHX,34,Month-to-month,DSL,56.25,1765.95,Electronic check,No,42.02,Medium Risk
4676-WLUHT,54,Two year,DSL,46.2,2431.95,Bank transfer (automatic),No,1.75,Low Risk
3329-WDIOK,3,Month-to-month,DSL,50.6,155.35,Electronic check,Yes,68.87,Medium Risk
7980-MHFLQ,72,Two year,No,24.9,1859.2,Mailed check,No,0.27,Low Risk
2873-ZLIWT,40,Month-to-month,Fiber optic,84.85,3303.05,Electronic check,Yes,32.93,Low Risk
3415-TAILE,2,Month-to-month,DSL,65.7,134.35,Mailed check,Yes,39.33,Low Risk
0757-WCUUZ,54,Two year,DSL,63.35,3409.1,Credit card (automatic),No,2.43,Low Risk
1629-DQQVB,14,Month-to-month,DSL,50.1,709.5,Bank transfer (automatic),No,16.29,Low Risk
1915-IOFGU,1,Month-to-month,Fiber optic,70.5,70.5,Electronic check,Yes,61.58,Medium Risk
3045-XETSH,10,Month-to-month,Fiber optic,94.85,953.45,Electronic check,Yes,70.88,High Risk
0374-AACSZ,1,Month-to-month,DSL,50.15,50.15,Electronic check,No,32.23,Low Risk
7239-HZZCX,1,Month-to-month,No,19.75,19.75,Mailed check,Yes,19.45,Low Risk
4872-VXRIL,56,One year,DSL,64.65,3665.55,Bank transfer (automatic),No,2.5,Low Risk
9140-CZQZZ,68,Two year,DSL,79.6,5515.8,Bank transfer (automatic),No,1.28,Low Risk
3423-HHXAO,14,One year,No,19.5,272.0,Mailed check,No,7.06,Low Risk
9938-TKDGL,68,Two year,Fiber optic,99.55,6668.0,Electronic check,No,5.13,Low Risk
0531-ZZJWQ,55,Month-to-month,Fiber optic,74.0,4052.4,Electronic check,No,38.18,Low Risk
6537-QLGEX,16,Month-to-month,DSL,38.9,664.4,Electronic check,No,45.42,Medium Risk
2688-BHGOG,9,Month-to-month,Fiber optic,79.55,718.55,Electronic check,No,72.94,High Risk
7683-CBDKJ,14,Month-to-month,DSL,65.45,937.6,Electronic check,Yes,27.39,Low Risk
0946-CLJTI,58,Month-to-month,Fiber optic,98.7,5812.6,Electronic check,Yes,54.58,Medium Risk
3160-TYXLT,53,Month-to-month,DSL,46.3,2546.85,Bank transfer (automatic),No,9.77,Low Risk
1325-USMEC,70,Two year,Fiber optic,99.35,6944.5,Credit card (automatic),No,5.13,Low Risk
0916-QOFDP,14,Month-to-month,Fiber optic,95.8,1346.3,Electronic check,No,75.76,High Risk
0628-CNQRM,22,One year,DSL,67.5,1544.05,Bank transfer (automatic),Yes,7.53,Low Risk
5606-AMZBO,10,Month-to-month,Fiber optic,78.15,765.15,Credit card (automatic),No,51.53,Medium Risk
6199-IPCAO,29,Two year,No,26.1,692.55,Mailed check,No,1.76,Low Risk
7665-TOALD,1,Month-to-month,Fiber optic,69.6,69.6,Electronic check,Yes,70.29,High Risk
0112-QWPNC,49,One year,DSL,84.35,4059.35,Electronic check,Yes,6.95,Low Risk
0324-BRPCJ,68,Month-to-month,Fiber optic,100.2,6851.65,Electronic check,Yes,43.18,Medium Risk
2777-PHDEI,1,Month-to-month,Fiber optic,78.05,78.05,Electronic check,Yes,67.71,Medium Risk
5640-CAXOA,30,One year,DSL,40.35,1187.05,Credit card (automatic),No,13.34,Low Risk
2235-EZAIK,72,Two year,DSL,79.2,5401.9,Credit card (automatic),No,0.71,Low Risk
3847-BAERP,10,Month-to-month,No,20.9,247.0,Mailed check,No,18.23,Low Risk
1196-AMORA,7,Month-to-month,Fiber optic,73.6,520.0,Electronic check,Yes,64.91,Medium Risk
4282-YMKNA,9,Month-to-month,Fiber optic,74.75,706.6,Electronic check,Yes,70.77,High Risk
1453-RZFON,1,Month-to-month,DSL,49.9,49.9,Mailed check,No,21.91,Low Risk
8263-OKETD,20,Month-to-month,DSL,68.9,1370.35,Credit card (automatic),No,26.02,Low Risk
0670-KDOMA,1,Month-to-month,No,20.25,20.25,Mailed check,No,25.34,Low Risk
2476-YGEFM,29,Month-to-month,Fiber optic,76.0,2215.25,Credit card (automatic),No,44.49,Medium Risk
8687-BAFGU,1,Month-to-month,Fiber optic,74.0,74.0,Electronic check,No,53.69,Medium Risk
0641-EVBOJ,3,Month-to-month,Fiber optic,82.3,214.4,Mailed check,No,41.35,Medium Risk
0829-XXPLX,20,Month-to-month,Fiber optic,89.4,1871.15,Bank transfer (automatic),No,42.22,Medium Risk
9974-JFBHQ,64,Month-to-month,Fiber optic,99.15,6171.2,Credit card (automatic),No,16.13,Low Risk
5356-RHIPP,1,Month-to-month,No,20.2,20.2,Mailed check,Yes,25.77,Low Risk
6624-JDRDS,6,Month-to-month,DSL,29.45,161.45,Bank transfer (automatic),No,31.52,Low Risk
0608-JDVEC,50,Two year,No,19.8,1013.2,Electronic check,No,0.88,Low Risk
9780-FKVVF,6,Month-to-month,DSL,59.15,336.7,Bank transfer (automatic),No,33.57,Low Risk
1919-RTPQD,7,Month-to-month,DSL,44.75,333.65,Electronic check,No,32.5,Low Risk
5214-NLTIT,72,Two year,Fiber optic,90.8,6511.8,Credit card (automatic),No,5.91,Low Risk
3345-PBBFH,8,Month-to-month,DSL,49.55,393.45,Bank transfer (automatic),No,32.44,Low Risk
5055-BRMNE,67,Two year,Fiber optic,106.7,7009.5,Credit card (automatic),No,3.4,Low Risk
9189-JWSHV,24,Month-to-month,Fiber optic,93.55,2264.05,Electronic check,Yes,75.22,High Risk
2190-PHBHR,72,Two year,Fiber optic,94.45,6921.7,Credit card (automatic),No,4.7,Low Risk
2650-GYRYL,33,One year,No,19.45,600.25,Bank transfer (automatic),No,2.86,Low Risk
0746-JTRFU,2,Month-to-month,DSL,25.05,56.35,Electronic check,Yes,64.45,Medium Risk
5208-FVQKB,70,Two year,DSL,67.95,4664.15,Mailed check,No,0.6,Low Risk
7184-LRUUR,22,One year,DSL,65.25,1441.8,Bank transfer (automatic),No,10.38,Low Risk
6627-CFOSN,59,Month-to-month,Fiber optic,99.45,5623.7,Bank transfer (automatic),No,21.07,Low Risk
3982-JGSFD,36,One year,No,20.35,695.85,Credit card (automatic),No,2.93,Low Risk
1574-DYCWE,51,Two year,No,19.95,1028.75,Mailed check,No,0.48,Low Risk
7247-XOZPB,53,One year,DSL,77.4,4155.95,Bank transfer (automatic),No,3.11,Low Risk
2466-FCCPT,20,One year,No,19.7,395.6,Bank transfer (automatic),No,3.54,Low Risk
6211-WWLTF,63,Two year,Fiber optic,99.7,6330.4,Credit card (automatic),No,4.88,Low Risk
4826-TZEVA,40,Month-to-month,Fiber optic,74.8,2971.7,Credit card (automatic),No,19.47,Low Risk
6016-NXBNJ,35,One year,No,19.15,638.0,Mailed check,No,3.44,Low Risk
9138-EFSMO,26,One year,Fiber optic,78.95,2034.25,Bank transfer (automatic),No,20.36,Low Risk
0576-WNXXC,27,Month-to-month,Fiber optic,95.55,2510.2,Electronic check,Yes,63.62,Medium Risk
4632-XJMEX,53,One year,DSL,62.85,3419.5,Credit card (automatic),No,1.06,Low Risk
8910-LEDAG,34,Month-to-month,Fiber optic,71.55,2427.35,Credit card (automatic),No,28.72,Low Risk
3452-GWUIN,19,Month-to-month,Fiber optic,94.95,1760.25,Electronic check,No,77.21,High Risk
2716-GFZOR,43,Month-to-month,Fiber optic,86.1,3551.65,Credit card (automatic),No,18.04,Low Risk
3724-UCSHY,6,Month-to-month,No,19.55,122.9,Mailed check,No,13.58,Low Risk
8626-XHBIE,56,Two year,No,24.8,1424.2,Mailed check,No,0.79,Low Risk
4628-CTTLA,57,Month-to-month,DSL,39.3,2111.45,Electronic check,Yes,15.68,Low Risk
3192-LNKRK,34,Month-to-month,Fiber optic,84.05,2909.95,Mailed check,No,38.69,Low Risk
4439-YRNVD,10,Month-to-month,DSL,36.25,374.0,Electronic check,No,32.91,Low Risk
2876-VBBBL,1,Month-to-month,No,20.25,20.25,Mailed check,Yes,25.34,Low Risk
6834-NXDCA,13,Month-to-month,DSL,23.9,300.8,Electronic check,Yes,52.26,Medium Risk
2208-UGTGR,56,Month-to-month,Fiber optic,98.6,5581.05,Electronic check,No,39.11,Low Risk
3005-TYFRD,55,Month-to-month,Fiber optic,103.65,5676.65,Credit card (automatic),No,38.9,Low Risk
8670-MEFCP,36,Two year,DSL,92.9,3379.25,Credit card (automatic),No,3.63,Low Risk
3079-BCHLN,47,One year,No,19.9,942.95,Bank transfer (automatic),No,1.31,Low Risk
7777-UNYHB,12,Month-to-month,No,20.1,232.4,Credit card (automatic),No,13.06,Low Risk
5597-GLBUC,1,Month-to-month,Fiber optic,85.45,85.45,Electronic check,Yes,73.64,High Risk
7278-CKDNC,24,Month-to-month,Fiber optic,80.5,2088.45,Electronic check,No,60.2,Medium Risk
2748-MYRVK,63,One year,Fiber optic,99.9,6137.0,Bank transfer (automatic),Yes,14.12,Low Risk
8450-UYIBU,35,Month-to-month,DSL,39.85,1434.6,Electronic check,No,38.61,Low Risk
2969-VAPYH,67,One year,DSL,60.5,3870.0,Credit card (automatic),No,0.74,Low Risk
4822-YCXMX,25,Month-to-month,Fiber optic,84.8,2043.45,Electronic check,Yes,65.03,Medium Risk
7181-OQCUT,21,Month-to-month,Fiber optic,103.85,2215.0,Mailed check,No,48.91,Medium Risk
8474-UMLNT,13,Month-to-month,DSL,67.8,842.25,Bank transfer (automatic),No,13.65,Low Risk
9821-POOTN,35,Month-to-month,Fiber optic,75.2,2576.2,Electronic check,Yes,50.66,Medium Risk
3836-FZSDJ,71,Two year,No,24.85,1901.0,Bank transfer (automatic),No,0.39,Low Risk
9142-XMYJH,29,Month-to-month,No,19.35,601.6,Credit card (automatic),No,5.55,Low Risk
6559-ILWKJ,71,Two year,DSL,49.35,3515.25,Electronic check,Yes,2.76,Low Risk
0187-QSXOE,7,Month-to-month,Fiber optic,89.0,605.45,Electronic check,No,78.87,High Risk
7733-UDMTP,57,Month-to-month,DSL,55.0,3094.05,Electronic check,No,23.83,Low Risk
2649-HWLYB,65,Two year,DSL,76.15,4929.55,Bank transfer (automatic),No,1.1,Low Risk
5214-CHIWJ,27,One year,No,20.3,595.05,Mailed check,No,3.45,Low Risk
4229-CZMLL,6,Month-to-month,Fiber optic,74.9,469.8,Electronic check,Yes,73.12,High Risk
6904-JLBGY,72,Two year,Fiber optic,117.35,8436.25,Credit card (automatic),No,5.84,Low Risk
2465-BLLEU,1,Month-to-month,No,19.75,19.75,Mailed check,No,25.94,Low Risk
1685-VAYJF,11,Month-to-month,DSL,45.2,492.0,Credit card (automatic),No,24.65,Low Risk
8874-EJNSR,39,Two year,No,25.2,987.95,Mailed check,No,1.19,Low Risk
6917-YACBP,59,Month-to-month,Fiber optic,89.75,5496.9,Electronic check,No,25.96,Low Risk
5049-MUBWG,26,One year,DSL,75.0,1908.35,Bank transfer (automatic),No,7.01,Low Risk
4223-WOZCM,2,Month-to-month,DSL,49.95,107.1,Mailed check,No,36.93,Low Risk
0769-MURVM,72,Two year,DSL,65.7,4575.35,Bank transfer (automatic),No,0.77,Low Risk
9253-VIFJQ,65,One year,DSL,67.05,4309.55,Credit card (automatic),No,1.69,Low Risk
7030-FZTFM,72,Two year,Fiber optic,110.9,7922.75,Credit card (automatic),No,4.13,Low Risk
9741-YLNTD,6,Month-to-month,Fiber optic,87.95,522.35,Bank transfer (automatic),No,62.52,Medium Risk
5917-RYRMG,32,One year,No,19.8,587.7,Credit card (automatic),No,2.83,Low Risk
5120-ZBLAI,50,One year,DSL,75.7,3876.2,Bank transfer (automatic),No,8.95,Low Risk
1194-BHJYC,61,Two year,DSL,62.15,3778.85,Mailed check,No,2.56,Low Risk
3663-MITLP,15,Month-to-month,Fiber optic,101.25,1457.25,Electronic check,Yes,65.88,Medium Risk
0906-QVPMS,72,Two year,Fiber optic,115.15,8349.45,Bank transfer (automatic),No,3.9,Low Risk
9025-ZRPVR,9,Month-to-month,No,18.95,185.6,Mailed check,Yes,19.72,Low Risk
1905-OEILC,1,Month-to-month,No,19.5,19.5,Mailed check,No,19.19,Low Risk
7858-GTZSP,12,Month-to-month,Fiber optic,86.55,1066.9,Electronic check,No,73.11,High Risk
3285-UCQVC,37,Month-to-month,DSL,28.6,973.55,Credit card (automatic),Yes,10.59,Low Risk
6248-BSHKG,61,One year,No,20.4,1226.45,Mailed check,No,0.59,Low Risk
4685-TFLLS,18,One year,No,19.8,342.3,Bank transfer (automatic),No,3.93,Low Risk
3470-BTGQO,21,Month-to-month,DSL,45.65,985.05,Mailed check,No,16.21,Low Risk
1209-VFFOC,68,Two year,DSL,56.4,3948.45,Mailed check,No,1.03,Low Risk
8224-DWCKX,12,Month-to-month,Fiber optic,73.3,828.05,Credit card (automatic),No,63.23,Medium Risk
5482-PLVPE,2,Month-to-month,DSL,24.35,41.85,Electronic check,Yes,58.82,Medium Risk
4553-DVPZG,62,Month-to-month,Fiber optic,101.35,6164.7,Electronic check,No,46.1,Medium Risk
4902-OHLSK,29,Month-to-month,Fiber optic,98.65,2862.75,Electronic check,Yes,55.61,Medium Risk
6917-IAYHD,1,Month-to-month,DSL,33.6,33.6,Mailed check,No,31.22,Low Risk
0495-ZBNGW,5,Month-to-month,Fiber optic,79.9,343.95,Bank transfer (automatic),Yes,68.21,Medium Risk
8620-RJPZN,1,Month-to-month,No,20.7,20.7,Electronic check,No,24.02,Low Risk
7572-KPVKK,62,Two year,Fiber optic,104.05,6590.5,Electronic check,No,12.27,Low Risk
2642-MAWLJ,36,Two year,No,20.25,717.95,Bank transfer (automatic),No,0.89,Low Risk
2357-COQEK,28,Month-to-month,Fiber optic,103.3,2890.65,Electronic check,Yes,65.07,Medium Risk
7103-ZGVNT,69,One year,DSL,73.7,4885.85,Credit card (automatic),No,1.18,Low Risk
3737-GCSPV,11,Month-to-month,Fiber optic,96.2,1222.05,Credit card (automatic),Yes,47.53,Medium Risk
2027-WKXMW,63,Month-to-month,Fiber optic,108.75,6871.7,Electronic check,No,36.69,Low Risk
7137-NAXML,23,One year,No,20.15,405.6,Bank transfer (automatic),No,3.76,Low Risk
2428-ZMCTB,10,Month-to-month,No,19.75,208.25,Credit card (automatic),No,12.57,Low Risk
2961-VNFKL,71,Two year,No,25.95,1801.9,Credit card (automatic),No,0.44,Low Risk
1768-HNVGJ,45,Month-to-month,DSL,70.05,3062.45,Electronic check,No,16.27,Low Risk
6963-KQYQB,70,Two year,No,24.05,1764.75,Mailed check,No,0.29,Low Risk
5934-RMPOV,22,Month-to-month,Fiber optic,84.75,1816.75,Electronic check,No,61.72,Medium Risk
1207-BLKSA,52,Two year,No,23.05,1255.1,Mailed check,No,0.67,Low Risk
4088-YLDSU,55,One year,Fiber optic,104.15,5743.05,Electronic check,Yes,28.66,Low Risk
8316-BBQAY,65,Two year,DSL,59.95,3921.1,Credit card (automatic),No,1.36,Low Risk
1166-PQLGG,72,Two year,No,19.55,1463.45,Bank transfer (automatic),No,0.17,Low Risk
3146-JTQHR,10,One year,No,19.6,189.45,Bank transfer (automatic),No,6.94,Low Risk
4291-YZODP,7,One year,No,20.05,96.8,Mailed check,No,6.51,Low Risk
4395-PZMSN,5,Month-to-month,Fiber optic,85.55,408.5,Electronic check,No,71.59,High Risk
6427-FEFIG,24,Two year,DSL,78.6,1846.65,Credit card (automatic),No,5.97,Low Risk
0017-IUDMW,72,Two year,Fiber optic,116.8,8456.75,Credit card (automatic),No,4.26,Low Risk
8706-HRADD,21,Month-to-month,DSL,43.55,1011.5,Mailed check,No,26.6,Low Risk
9955-QOPOY,69,One year,DSL,60.8,4263.4,Credit card (automatic),No,4.27,Low Risk
4385-ZKVNW,44,Month-to-month,DSL,54.9,2549.1,Bank transfer (automatic),No,6.45,Low Risk
5446-DKWYW,61,One year,DSL,65.2,3965.05,Electronic check,No,8.37,Low Risk
2034-CGRHZ,24,Month-to-month,Fiber optic,102.95,2496.7,Credit card (automatic),Yes,63.34,Medium Risk
5797-APWZC,1,Month-to-month,Fiber optic,90.6,90.6,Electronic check,Yes,71.37,High Risk
3683-QKIUE,6,Month-to-month,DSL,50.8,288.05,Bank transfer (automatic),Yes,28.52,Low Risk
4228-ZGYUW,4,Month-to-month,Fiber optic,90.05,368.1,Electronic check,Yes,75.34,High Risk
9031-ZVQPT,72,Two year,Fiber optic,108.2,7840.6,Electronic check,No,10.86,Low Risk
2990-IAJSV,72,Two year,DSL,92.0,6632.75,Bank transfer (automatic),No,1.15,Low Risk
8107-KNCIM,14,Month-to-month,Fiber optic,75.1,1013.35,Electronic check,No,70.69,High Risk
9027-YFHQJ,7,Month-to-month,No,25.05,152.95,Bank transfer (automatic),No,24.62,Low Risk
5176-LDKUH,48,One year,Fiber optic,75.15,3772.65,Electronic check,No,12.57,Low Risk
4644-OBGFZ,55,One year,No,19.5,1026.35,Mailed check,No,0.78,Low Risk
7926-IJOOU,1,Month-to-month,No,19.3,19.3,Credit card (automatic),No,18.03,Low Risk
6480-YAGIY,45,One year,Fiber optic,112.2,5031.85,Credit card (automatic),No,8.93,Low Risk
4029-HPFVY,3,Month-to-month,Fiber optic,70.3,220.4,Mailed check,No,62.06,Medium Risk
7602-DBTOU,71,Two year,No,19.6,1416.5,Mailed check,No,0.24,Low Risk
5345-BMKWB,8,Month-to-month,No,20.25,158.35,Mailed check,No,14.98,Low Risk
3519-ZKXGG,3,Month-to-month,Fiber optic,75.85,256.6,Electronic check,Yes,74.73,High Risk
5457-COLHT,69,Two year,DSL,80.65,5542.55,Bank transfer (automatic),No,0.68,Low Risk
6416-TVAIH,1,Month-to-month,Fiber optic,68.5,68.5,Electronic check,Yes,66.86,Medium Risk
5451-YHYPW,72,Two year,Fiber optic,115.75,8443.7,Credit card (automatic),No,6.14,Low Risk
5108-ADXWO,11,Month-to-month,Fiber optic,73.5,791.75,Electronic check,Yes,53.42,Medium Risk
7998-WNZEM,71,Two year,DSL,80.6,5708.2,Bank transfer (automatic),No,0.8,Low Risk
3066-RRJIO,1,Month-to-month,Fiber optic,69.95,69.95,Mailed check,Yes,63.28,Medium Risk
4664-NJCMS,33,Two year,DSL,59.55,2016.3,Bank transfer (automatic),No,4.57,Low Risk
0307-BCOPK,16,One year,No,19.05,326.65,Mailed check,No,5.58,Low Risk
7629-WFGLW,56,One year,Fiber optic,95.65,5471.75,Electronic check,No,8.71,Low Risk
2542-HYGIQ,1,Month-to-month,No,19.95,19.95,Credit card (automatic),No,17.52,Low Risk
6715-OFDBP,5,Month-to-month,DSL,70.05,346.4,Electronic check,Yes,58.46,Medium Risk
5016-LIPDW,57,One year,No,19.4,1061.6,Mailed check,No,0.71,Low Risk
6481-LXPWL,56,One year,DSL,36.1,1971.5,Credit card (automatic),No,3.64,Low Risk
1567-DSCIC,8,Month-to-month,Fiber optic,94.0,773.65,Electronic check,Yes,72.86,High Risk
2150-UWTFY,22,Month-to-month,DSL,61.15,1422.05,Mailed check,Yes,9.57,Low Risk
6124-ACRHJ,1,Month-to-month,No,19.75,19.75,Mailed check,No,19.11,Low Risk
9362-MWODR,40,Month-to-month,DSL,64.1,2460.35,Credit card (automatic),No,7.1,Low Risk
9975-GPKZU,46,Two year,No,19.75,856.5,Credit card (automatic),No,0.55,Low Risk
9625-RZFUK,63,Two year,No,19.7,1275.85,Mailed check,No,0.28,Low Risk
5153-LXKDT,68,Two year,Fiber optic,110.2,7467.5,Electronic check,No,9.12,Low Risk
5161-UBZXI,69,Two year,Fiber optic,106.35,7261.75,Credit card (automatic),No,3.06,Low Risk
1020-JPQOW,56,Month-to-month,Fiber optic,90.55,5116.6,Electronic check,No,19.06,Low Risk
7919-ZODZZ,10,One year,DSL,65.9,660.05,Mailed check,No,18.34,Low Risk
0565-JUPYD,63,One year,Fiber optic,104.5,6590.8,Credit card (automatic),No,5.97,Low Risk
6867-ACCZI,24,Two year,DSL,52.5,1208.15,Mailed check,No,5.2,Low Risk
5939-XAIXZ,19,Month-to-month,DSL,56.1,1033.9,Mailed check,No,32.77,Low Risk
9054-FOWNV,22,Month-to-month,Fiber optic,88.75,1885.15,Electronic check,No,62.59,Medium Risk
2683-BPJSO,29,Month-to-month,Fiber optic,84.45,2467.1,Electronic check,Yes,42.99,Medium Risk
2157-MXBJS,13,One year,DSL,75.3,989.45,Mailed check,Yes,34.77,Low Risk
8207-VVMYB,70,Two year,No,26.0,2006.95,Bank transfer (automatic),No,0.5,Low Risk
9732-EQMWY,49,Month-to-month,Fiber optic,99.4,5025.0,Electronic check,No,36.4,Low Risk
9360-AHGNL,43,One year,Fiber optic,109.55,4830.25,Mailed check,Yes,24.37,Low Risk
1087-UDSIH,3,Month-to-month,No,19.6,59.75,Mailed check,Yes,23.85,Low Risk
5269-NRGDP,42,One year,DSL,73.15,3088.25,Electronic check,No,7.42,Low Risk
6195-MELTI,57,One year,DSL,54.65,3134.7,Mailed check,No,2.6,Low Risk
5485-WUYWF,2,Month-to-month,DSL,66.4,94.55,Bank transfer (automatic),Yes,30.0,Low Risk
2121-JAFOM,72,Two year,Fiber optic,115.55,8312.4,Credit card (automatic),No,5.22,Low Risk
8818-DOPVL,46,Month-to-month,Fiber optic,104.45,4863.85,Electronic check,No,58.38,Medium Risk
2632-UCGVD,66,Month-to-month,Fiber optic,100.05,6871.9,Credit card (automatic),Yes,32.06,Low Risk
5445-PZWGX,62,One year,Fiber optic,102.0,6529.25,Electronic check,Yes,8.97,Low Risk
1227-UDMZR,72,Two year,DSL,91.15,6637.9,Bank transfer (automatic),No,1.68,Low Risk
5198-HQAEN,35,One year,Fiber optic,89.7,3165.6,Electronic check,No,20.21,Low Risk
9170-CCKOU,17,Month-to-month,Fiber optic,90.2,1454.15,Credit card (automatic),Yes,32.2,Low Risk
2167-FQSTQ,72,Two year,DSL,92.4,6786.1,Electronic check,No,2.47,Low Risk
2819-GWENI,28,One year,No,19.9,543.0,Mailed check,No,2.63,Low Risk
1043-YCUTE,56,Two year,No,25.15,1327.15,Credit card (automatic),Yes,0.88,Low Risk
3814-MLAXC,31,Month-to-month,Fiber optic,79.85,2404.15,Credit card (automatic),Yes,34.7,Low Risk
3572-UUHRS,45,One year,No,18.85,867.3,Bank transfer (automatic),No,1.43,Low Risk
2692-PFYTJ,1,Month-to-month,No,25.75,25.75,Mailed check,No,30.93,Low Risk
1226-UDFZR,2,Month-to-month,DSL,49.6,114.7,Mailed check,Yes,38.68,Low Risk
5955-EPOAZ,6,Month-to-month,No,20.95,109.5,Mailed check,No,20.93,Low Risk
6821-JPCDC,48,One year,Fiber optic,97.05,4692.95,Electronic check,No,29.51,Low Risk
8815-LMFLX,25,Month-to-month,No,25.4,546.85,Bank transfer (automatic),No,10.37,Low Risk
9135-HSWOC,64,Two year,No,19.7,1274.05,Bank transfer (automatic),No,0.36,Low Risk
8582-KRHPJ,50,Month-to-month,DSL,35.0,1782.4,Mailed check,No,8.55,Low Risk
5811-IWXYM,52,One year,Fiber optic,101.25,5301.1,Bank transfer (automatic),No,17.83,Low Risk
7044-YAACC,4,Month-to-month,Fiber optic,70.2,280.35,Electronic check,No,71.75,High Risk
8189-XRIKE,32,Month-to-month,Fiber optic,90.95,2897.95,Electronic check,No,53.12,Medium Risk
1506-YJTYT,45,Two year,DSL,73.85,3371.0,Credit card (automatic),No,1.49,Low Risk
4123-DVHPH,9,Month-to-month,Fiber optic,88.05,801.3,Electronic check,No,68.5,Medium Risk
6425-YQLLO,66,One year,Fiber optic,105.95,6975.25,Credit card (automatic),Yes,18.1,Low Risk
5442-UTCVD,3,Month-to-month,Fiber optic,91.85,257.05,Electronic check,Yes,65.74,Medium Risk
2228-BZDEE,54,Two year,No,20.1,1079.45,Mailed check,No,0.51,Low Risk
7734-DBOAI,1,Month-to-month,DSL,40.1,40.1,Electronic check,Yes,47.23,Medium Risk
2789-CZANW,64,Two year,Fiber optic,110.3,6997.3,Bank transfer (automatic),No,3.49,Low Risk
2091-RFFBA,31,Month-to-month,Fiber optic,73.9,2217.15,Electronic check,Yes,56.83,Medium Risk
2114-MGINA,14,Month-to-month,Fiber optic,89.8,1129.1,Mailed check,Yes,63.88,Medium Risk
7596-LDUXP,12,One year,Fiber optic,85.15,979.05,Credit card (automatic),No,30.56,Low Risk
3740-RLMVT,67,One year,DSL,60.95,4119.4,Bank transfer (automatic),No,1.39,Low Risk
4489-SNOJF,35,Month-to-month,DSL,72.25,2568.55,Electronic check,Yes,12.49,Low Risk
2192-OZITF,45,Two year,DSL,73.55,3349.1,Mailed check,No,2.13,Low Risk
5651-CPDND,10,Month-to-month,DSL,46.0,492.1,Mailed check,No,27.3,Low Risk
2186-QZEYA,29,Month-to-month,DSL,58.55,1718.95,Bank transfer (automatic),No,18.04,Low Risk
1131-ALZWV,24,One year,No,24.6,605.25,Bank transfer (automatic),No,4.87,Low Risk
7729-XBTWX,66,Two year,No,19.75,1344.5,Mailed check,No,0.36,Low Risk
9134-WYRVP,51,One year,Fiber optic,86.35,4267.15,Mailed check,No,8.99,Low Risk
3284-SVCRO,45,Two year,No,25.5,1121.05,Mailed check,No,1.09,Low Risk
9732-OUYRN,49,One year,No,19.0,918.7,Credit card (automatic),No,1.14,Low Risk
0559-CKHUS,29,Two year,No,19.55,521.8,Mailed check,No,2.36,Low Risk
2931-SVLTV,40,Month-to-month,Fiber optic,110.1,4469.1,Credit card (automatic),No,27.72,Low Risk
6899-PPEEA,37,Month-to-month,Fiber optic,96.55,3580.3,Electronic check,Yes,66.27,Medium Risk
7504-UWHNB,25,Month-to-month,Fiber optic,69.75,1729.35,Electronic check,No,41.82,Medium Risk
2582-FFFZR,22,Month-to-month,DSL,50.6,1073.3,Electronic check,No,54.42,Medium Risk
8908-NMQTX,72,Two year,DSL,65.6,4566.5,Bank transfer (automatic),No,1.39,Low Risk
2187-LZGPL,7,Month-to-month,DSL,40.1,293.3,Credit card (automatic),Yes,50.01,Medium Risk
1431-AIDJQ,33,Two year,DSL,82.1,2603.1,Credit card (automatic),No,2.93,Low Risk
6288-LBEAR,23,Month-to-month,Fiber optic,79.1,1783.75,Mailed check,No,32.8,Low Risk
4597-NUCQV,24,Month-to-month,Fiber optic,101.25,2440.15,Electronic check,Yes,71.52,High Risk
9019-QVLZD,1,Month-to-month,Fiber optic,79.55,79.55,Electronic check,Yes,67.07,Medium Risk
8413-YNHNV,69,Two year,DSL,90.65,6322.1,Mailed check,No,1.37,Low Risk
5808-TOTXO,3,One year,No,20.55,57.4,Credit card (automatic),No,9.9,Low Risk
4369-NYSCF,56,One year,DSL,75.75,4284.65,Bank transfer (automatic),No,4.93,Low Risk
6333-YDVLT,65,One year,Fiber optic,110.0,7138.65,Credit card (automatic),No,12.24,Low Risk
5324-KTGCG,71,One year,No,20.85,1539.75,Electronic check,No,0.64,Low Risk
5599-HVLTW,14,Month-to-month,Fiber optic,80.35,1058.1,Bank transfer (automatic),No,60.35,Medium Risk
7394-LWLYN,2,Month-to-month,Fiber optic,70.15,123.8,Electronic check,No,69.25,Medium Risk
3707-LRWZD,32,One year,Fiber optic,84.05,2781.85,Electronic check,Yes,34.35,Low Risk
6873-UDNLD,40,Month-to-month,DSL,67.45,2731.0,Electronic check,No,12.43,Low Risk
2700-LUEVA,1,Month-to-month,No,20.75,20.75,Credit card (automatic),No,17.61,Low Risk
1455-ESIQH,1,Month-to-month,Fiber optic,89.1,89.1,Electronic check,Yes,79.18,High Risk
0958-YHXGP,7,Month-to-month,Fiber optic,69.9,497.3,Mailed check,No,58.39,Medium Risk
1101-SSWAG,15,Month-to-month,DSL,51.1,711.15,Electronic check,No,44.53,Medium Risk
2979-SXESE,17,Month-to-month,Fiber optic,94.4,1607.2,Electronic check,Yes,46.84,Medium Risk
4013-TLDHQ,19,Month-to-month,Fiber optic,78.25,1490.95,Electronic check,Yes,52.57,Medium Risk
5743-KHMNA,71,Two year,No,25.55,1898.1,Bank transfer (automatic),No,0.32,Low Risk
4194-FJARJ,54,Two year,DSL,60.0,3273.95,Bank transfer (automatic),No,0.87,Low Risk
5325-UWTWJ,31,Month-to-month,Fiber optic,90.55,2929.75,Credit card (automatic),No,25.26,Low Risk
3969-GYXEL,11,Month-to-month,Fiber optic,76.4,838.7,Electronic check,No,42.5,Medium Risk
9208-OLGAQ,18,Month-to-month,Fiber optic,84.95,1443.65,Electronic check,No,65.29,Medium Risk
3244-CQPHU,72,Two year,Fiber optic,110.1,7746.7,Bank transfer (automatic),No,5.57,Low Risk
2674-MLXMN,71,Month-to-month,Fiber optic,99.65,6951.15,Credit card (automatic),No,30.44,Low Risk
9708-HPXWZ,5,Month-to-month,DSL,45.4,214.75,Credit card (automatic),No,41.0,Medium Risk
6992-TKNYO,38,One year,DSL,69.0,2669.45,Credit card (automatic),No,7.2,Low Risk
4468-YDOVK,5,Month-to-month,DSL,48.65,235.2,Bank transfer (automatic),No,26.15,Low Risk
3754-DXMRT,2,Month-to-month,DSL,44.15,92.65,Electronic check,Yes,54.95,Medium Risk
5792-JALQC,52,Two year,DSL,59.85,3103.25,Bank transfer (automatic),No,1.83,Low Risk
7130-VTEWQ,8,Month-to-month,Fiber optic,75.75,606.25,Electronic check,Yes,73.82,High Risk
2200-DSAAL,68,Two year,DSL,80.65,5330.2,Electronic check,No,4.75,Low Risk
4302-ZYFEL,69,One year,No,20.55,1403.1,Credit card (automatic),No,0.53,Low Risk
9351-LZYGF,42,Month-to-month,DSL,66.4,2727.8,Credit card (automatic),No,7.41,Low Risk
4366-CTOUZ,50,Two year,Fiber optic,100.2,5038.45,Mailed check,No,9.32,Low Risk
6121-VZNQB,1,Month-to-month,No,19.1,19.1,Mailed check,Yes,25.76,Low Risk
7903-CMPEY,1,Month-to-month,Fiber optic,80.3,80.3,Electronic check,Yes,71.03,High Risk
1518-OMDIK,33,Month-to-month,DSL,44.55,1462.6,Credit card (automatic),No,16.66,Low Risk
6671-NGWON,7,Month-to-month,No,20.35,150.6,Mailed check,No,15.05,Low Risk
0595-ITUDF,64,Month-to-month,Fiber optic,91.8,5960.5,Electronic check,No,17.36,Low Risk
6996-KNSML,1,Month-to-month,Fiber optic,74.9,74.9,Electronic check,Yes,69.35,Medium Risk
1955-IBMMB,59,Two year,No,20.2,1192.3,Bank transfer (automatic),No,0.56,Low Risk
0096-BXERS,6,Month-to-month,DSL,50.35,314.55,Electronic check,No,44.78,Medium Risk
3806-YAZOV,3,Month-to-month,No,18.8,56.0,Mailed check,No,17.97,Low Risk
7998-ZLXWN,15,Month-to-month,No,20.45,330.8,Credit card (automatic),No,10.14,Low Risk
6253-WRFHY,13,One year,DSL,64.75,877.35,Electronic check,No,30.93,Low Risk
9133-AYJZG,23,Month-to-month,Fiber optic,98.7,2249.1,Credit card (automatic),No,59.83,Medium Risk
2675-OTVVJ,31,Month-to-month,Fiber optic,89.45,2807.65,Electronic check,No,46.68,Medium Risk
8680-CGLTP,29,One year,DSL,58.75,1696.2,Electronic check,No,6.74,Low Risk
8430-TWCBX,49,One year,No,20.7,1032.05,Credit card (automatic),No,1.14,Low Risk
5018-GWURO,56,Month-to-month,Fiber optic,85.6,4902.8,Bank transfer (automatic),No,33.28,Low Risk
6741-QRLUP,63,Two year,DSL,80.3,4995.35,Credit card (automatic),No,1.41,Low Risk
4737-HOBAX,63,Two year,DSL,79.8,5034.05,Credit card (automatic),No,2.34,Low Risk
0537-QYZZN,24,Month-to-month,Fiber optic,79.85,1857.75,Electronic check,No,48.11,Medium Risk
3340-QBBFM,36,One year,DSL,54.1,1992.85,Credit card (automatic),No,4.85,Low Risk
1704-NRWYE,9,Month-to-month,Fiber optic,80.85,751.65,Electronic check,Yes,72.13,High Risk
2592-SEIFQ,3,Month-to-month,DSL,24.75,66.95,Electronic check,Yes,54.5,Medium Risk
8200-KLNYW,21,One year,DSL,80.9,1714.95,Mailed check,No,8.63,Low Risk
3372-CDXFJ,13,One year,No,24.5,343.6,Bank transfer (automatic),No,6.61,Low Risk
4781-ZXYGU,1,Month-to-month,No,20.15,20.15,Bank transfer (automatic),No,20.86,Low Risk
7632-YUTXB,25,One year,No,20.05,520.1,Mailed check,No,3.03,Low Risk
2718-YSKCS,71,Two year,No,19.6,1387.45,Bank transfer (automatic),No,0.26,Low Risk
9896-UYMIE,66,One year,Fiber optic,114.3,7383.7,Bank transfer (automatic),No,10.9,Low Risk
0853-NWIFK,45,One year,Fiber optic,100.3,4483.95,Electronic check,No,22.51,Low Risk
8212-CRQXP,22,Month-to-month,Fiber optic,80.0,1706.45,Credit card (automatic),No,49.76,Medium Risk
6980-CDGFC,67,One year,No,20.85,1327.4,Bank transfer (automatic),No,0.72,Low Risk
7691-XVTZH,68,Two year,Fiber optic,89.95,5974.3,Bank transfer (automatic),No,7.99,Low Risk
2520-SGTTA,0,Two year,No,20.0,0.0,Mailed check,No,4.91,Low Risk
7481-ATQQS,49,Month-to-month,Fiber optic,90.85,4515.85,Credit card (automatic),Yes,40.71,Medium Risk
2277-VWCNI,4,Month-to-month,DSL,48.75,179.85,Mailed check,No,42.72,Medium Risk
1088-CNNKB,63,One year,DSL,80.0,5040.2,Credit card (automatic),No,1.98,Low Risk
8642-GVWRF,2,Month-to-month,Fiber optic,79.7,165.0,Bank transfer (automatic),Yes,46.89,Medium Risk
1930-BZLHI,21,One year,No,20.35,422.7,Mailed check,No,6.33,Low Risk
3400-ESFUW,55,Two year,DSL,57.55,3046.4,Bank transfer (automatic),Yes,0.53,Low Risk
5868-YTYKS,1,Month-to-month,No,20.25,20.25,Mailed check,No,21.73,Low Risk
3525-DVKFN,17,Two year,No,19.4,358.05,Mailed check,No,2.83,Low Risk
1482-OXZSY,30,Month-to-month,Fiber optic,100.4,2936.25,Bank transfer (automatic),No,49.32,Medium Risk
0377-JBKKT,22,Month-to-month,DSL,57.95,1271.8,Mailed check,No,10.33,Low Risk
5778-BVOFB,9,Month-to-month,DSL,59.5,530.05,Bank transfer (automatic),No,31.63,Low Risk
3373-YZZYM,1,Month-to-month,No,19.2,19.2,Mailed check,No,16.62,Low Risk
2057-ZBLPD,21,Month-to-month,Fiber optic,86.5,1808.7,Electronic check,Yes,67.59,Medium Risk
0228-MAUWC,19,Month-to-month,DSL,59.55,1144.6,Electronic check,No,25.39,Low Risk
5502-RLUYV,69,Month-to-month,Fiber optic,103.95,7446.9,Electronic check,Yes,36.17,Low Risk
0023-HGHWL,1,Month-to-month,DSL,25.1,25.1,Electronic check,Yes,68.62,Medium Risk
7663-YJHSN,72,Two year,Fiber optic,103.95,7556.9,Bank transfer (automatic),No,3.78,Low Risk
4915-BFSXL,70,Two year,DSL,68.95,4858.7,Credit card (automatic),No,0.99,Low Risk
3086-RUCRN,66,Month-to-month,Fiber optic,103.1,6595.0,Bank transfer (automatic),No,14.19,Low Risk
5215-LNLDJ,7,Month-to-month,DSL,24.7,149.05,Electronic check,No,53.59,Medium Risk
7576-JMYWV,46,Month-to-month,Fiber optic,110.2,4972.1,Electronic check,No,35.12,Low Risk
9039-RBEEE,39,Month-to-month,DSL,48.95,1880.85,Credit card (automatic),Yes,11.7,Low Risk
0257-KXZGU,32,Month-to-month,DSL,62.45,2045.55,Bank transfer (automatic),No,11.92,Low Risk
1307-ATKGB,24,Month-to-month,Fiber optic,89.55,2187.15,Electronic check,No,55.11,Medium Risk
8417-FMLZI,6,Month-to-month,Fiber optic,83.55,477.55,Credit card (automatic),Yes,54.23,Medium Risk
3714-XPXBW,37,Month-to-month,DSL,78.9,2976.95,Credit card (automatic),No,11.89,Low Risk
1850-AKQEP,8,Month-to-month,No,20.35,178.7,Mailed check,No,12.17,Low Risk
2824-DXNKN,72,Two year,DSL,71.45,5025.85,Bank transfer (automatic),No,1.29,Low Risk
5227-JSCFE,71,Two year,DSL,46.35,3353.4,Credit card (automatic),No,0.56,Low Risk
0848-ZGQIJ,16,Month-to-month,Fiber optic,94.65,1461.15,Bank transfer (automatic),No,57.82,Medium Risk
3621-CHYVB,57,Month-to-month,DSL,49.9,2782.4,Bank transfer (automatic),No,7.03,Low Risk
8042-RNLKO,66,One year,No,25.45,1699.15,Bank transfer (automatic),No,0.77,Low Risk
1792-UXAFY,17,Month-to-month,Fiber optic,89.15,1496.9,Electronic check,Yes,62.97,Medium Risk
5372-FBKBN,21,Month-to-month,No,20.75,452.2,Mailed check,No,6.87,Low Risk
0420-TXVSG,66,Two year,DSL,66.1,4428.45,Credit card (automatic),No,1.27,Low Risk
6217-TOWGS,17,Month-to-month,DSL,75.4,1322.55,Bank transfer (automatic),No,42.82,Medium Risk
0515-YPMCW,1,Month-to-month,Fiber optic,70.45,70.45,Mailed check,Yes,58.27,Medium Risk
0378-XSZPU,58,One year,DSL,60.3,3563.8,Credit card (automatic),Yes,1.58,Low Risk
1045-LTCYT,8,Month-to-month,No,21.05,139.75,Credit card (automatic),No,10.88,Low Risk
1544-JJMYL,27,One year,DSL,69.35,1927.3,Credit card (automatic),No,5.18,Low Risk
4636-JGAAI,34,Month-to-month,Fiber optic,88.85,3000.25,Mailed check,No,39.23,Low Risk
6874-SGLHU,30,One year,Fiber optic,97.0,3021.3,Bank transfer (automatic),No,31.37,Low Risk
5951-AOFIH,33,Month-to-month,DSL,66.4,2245.4,Credit card (automatic),No,18.5,Low Risk
4729-XKASR,1,Month-to-month,DSL,24.75,24.75,Electronic check,Yes,51.26,Medium Risk
3059-NGMXB,14,Month-to-month,DSL,69.2,944.65,Mailed check,No,20.69,Low Risk
8652-YHIYU,16,One year,Fiber optic,79.5,1264.2,Credit card (automatic),No,25.89,Low Risk
5278-PNYOX,49,Two year,Fiber optic,100.65,4917.75,Credit card (automatic),No,6.94,Low Risk
5449-FIBXJ,19,Month-to-month,Fiber optic,103.3,2012.7,Electronic check,Yes,54.47,Medium Risk
3486-HOOGQ,70,Two year,DSL,79.7,5743.3,Bank transfer (automatic),No,0.69,Low Risk
5061-PBXFW,32,Month-to-month,DSL,61.4,1864.65,Bank transfer (automatic),No,4.44,Low Risk
8630-FJLIB,18,Month-to-month,Fiber optic,69.8,1221.65,Electronic check,No,56.41,Medium Risk
3891-NLXJB,37,Two year,DSL,40.55,1390.85,Mailed check,No,2.81,Low Risk
4749-OJKQU,4,Month-to-month,Fiber optic,75.65,302.35,Electronic check,No,73.64,High Risk
0577-WHMEV,16,Month-to-month,Fiber optic,90.7,1374.9,Electronic check,No,41.78,Medium Risk
5453-AXEPF,17,Month-to-month,Fiber optic,80.5,1336.9,Bank transfer (automatic),No,52.17,Medium Risk
3639-XJHKQ,19,Month-to-month,DSL,60.6,1297.8,Electronic check,No,19.0,Low Risk
3716-LRGXK,60,Two year,Fiber optic,101.15,6067.4,Credit card (automatic),No,10.02,Low Risk
2263-SFSQZ,51,Two year,No,24.95,1222.25,Mailed check,No,0.99,Low Risk
9950-MTGYX,28,Two year,No,20.3,487.95,Credit card (automatic),No,1.81,Low Risk
3397-AVTKU,43,Two year,DSL,60.0,2548.55,Electronic check,No,5.72,Low Risk
4825-FUREZ,42,Two year,No,20.25,835.5,Electronic check,No,1.25,Low Risk
9837-BMCLM,3,Month-to-month,Fiber optic,78.5,242.05,Electronic check,Yes,74.3,High Risk
2672-OJQZP,1,Month-to-month,DSL,44.75,44.75,Mailed check,No,34.95,Low Risk
0137-UDEUO,3,Month-to-month,No,19.85,63.75,Mailed check,Yes,17.7,Low Risk
3134-DSHVC,63,Two year,Fiber optic,98.0,6218.45,Credit card (automatic),No,4.24,Low Risk
6161-UUUTA,3,Month-to-month,Fiber optic,79.9,260.9,Electronic check,Yes,76.55,High Risk
7821-DPRQE,68,Month-to-month,Fiber optic,107.7,7320.9,Electronic check,No,26.14,Low Risk
6543-XRMYR,30,Month-to-month,Fiber optic,99.7,2967.35,Electronic check,Yes,67.84,Medium Risk
2001-EWBQU,60,Two year,Fiber optic,104.7,6333.8,Electronic check,No,12.86,Low Risk
4925-LMHOK,15,Month-to-month,DSL,58.6,939.7,Credit card (automatic),Yes,25.3,Low Risk
1608-GMEWB,45,Month-to-month,Fiber optic,93.9,4200.25,Bank transfer (automatic),No,52.53,Medium Risk
6695-AMZUF,70,Two year,DSL,86.45,5950.2,Credit card (automatic),No,0.8,Low Risk
1455-UGQVH,10,Month-to-month,Fiber optic,98.5,1037.75,Electronic check,Yes,79.85,High Risk
8410-BGQXN,4,Month-to-month,No,19.4,93.4,Mailed check,No,17.5,Low Risk
8280-MQRQN,1,Month-to-month,DSL,50.45,50.45,Mailed check,Yes,42.51,Medium Risk
1619-YWUBB,68,Two year,No,24.95,1614.9,Credit card (automatic),No,0.5,Low Risk
7611-YKYTC,22,Month-to-month,Fiber optic,75.0,1573.95,Bank transfer (automatic),No,22.63,Low Risk
2037-SGXHH,38,Month-to-month,Fiber optic,94.65,3624.3,Electronic check,Yes,47.69,Medium Risk
3178-FESZO,1,Month-to-month,Fiber optic,100.25,100.25,Credit card (automatic),Yes,72.88,High Risk
0365-GXEZS,18,Month-to-month,Fiber optic,78.2,1468.75,Electronic check,No,40.18,Medium Risk
0082-OQIQY,29,Month-to-month,Fiber optic,94.2,2607.6,Electronic check,No,52.94,Medium Risk
6087-MVHJH,16,Month-to-month,Fiber optic,88.45,1422.1,Electronic check,Yes,71.09,High Risk
4603-JANFB,1,Month-to-month,Fiber optic,69.85,69.85,Electronic check,Yes,70.64,High Risk
3018-TFTSU,12,Month-to-month,Fiber optic,81.7,858.6,Bank transfer (automatic),Yes,31.93,Low Risk
3606-SBKRY,31,One year,DSL,50.05,1523.4,Electronic check,No,29.97,Low Risk
4806-KEXQR,4,Month-to-month,Fiber optic,79.9,324.3,Electronic check,Yes,73.17,High Risk
0667-NSRGI,48,One year,DSL,69.55,3435.6,Mailed check,No,7.97,Low Risk
7083-YNSKY,15,Month-to-month,No,25.4,399.6,Credit card (automatic),Yes,17.84,Low Risk
6893-ODYYE,50,One year,Fiber optic,90.1,4549.45,Credit card (automatic),No,6.2,Low Risk
8242-JSVBO,7,Month-to-month,DSL,44.65,322.5,Bank transfer (automatic),No,36.78,Low Risk
2479-BRAMR,41,Month-to-month,Fiber optic,83.75,3273.55,Bank transfer (automatic),Yes,31.16,Low Risk
9541-ZPSEA,68,Two year,Fiber optic,80.35,5375.15,Credit card (automatic),No,1.59,Low Risk
2665-NPTGL,26,Month-to-month,Fiber optic,98.1,2510.7,Bank transfer (automatic),No,65.72,Medium Risk
1139-WUOAH,57,Two year,DSL,53.35,3090.05,Credit card (automatic),No,2.68,Low Risk
4693-VWVBO,3,Month-to-month,No,19.55,61.05,Electronic check,No,22.76,Low Risk
7434-SHXLS,1,Month-to-month,No,20.9,20.9,Mailed check,Yes,18.77,Low Risk
6937-GCDGQ,19,One year,DSL,48.95,955.6,Bank transfer (automatic),No,8.91,Low Risk
0988-JRWWP,3,Month-to-month,DSL,54.2,140.4,Electronic check,No,55.24,Medium Risk
5075-JSDKI,59,Two year,No,24.45,1493.1,Electronic check,No,0.8,Low Risk
7908-QCBCA,1,Month-to-month,Fiber optic,69.4,69.4,Mailed check,Yes,64.0,Medium Risk
8644-XYTSV,42,Month-to-month,DSL,40.15,1626.05,Bank transfer (automatic),No,16.04,Low Risk
6711-FLDFB,7,Month-to-month,Fiber optic,74.9,541.15,Electronic check,Yes,72.01,High Risk
3873-WOSBC,67,Two year,No,25.6,1784.9,Credit card (automatic),No,0.38,Low Risk
7465-ZZRVX,1,Month-to-month,Fiber optic,70.35,70.35,Electronic check,No,70.44,High Risk
7975-JMZNT,66,Two year,DSL,91.7,6075.9,Bank transfer (automatic),No,1.4,Low Risk
7251-XFOIL,61,Month-to-month,Fiber optic,89.2,5500.6,Mailed check,No,24.23,Low Risk
4116-IQRFR,4,One year,No,24.1,73.1,Credit card (automatic),No,9.35,Low Risk
3714-JTVOV,42,Month-to-month,Fiber optic,74.15,3229.4,Credit card (automatic),Yes,23.91,Low Risk
8259-DZLIZ,64,One year,DSL,53.85,3399.85,Bank transfer (automatic),No,2.82,Low Risk
0442-ZXKVS,54,One year,Fiber optic,115.6,6431.05,Bank transfer (automatic),No,16.9,Low Risk
7853-WNZSY,1,Month-to-month,No,19.75,19.75,Credit card (automatic),No,24.02,Low Risk
3120-FAZKD,54,Two year,No,24.05,1230.9,Bank transfer (automatic),No,0.81,Low Risk
8606-OEGQZ,18,Two year,No,25.3,454.65,Credit card (automatic),No,2.61,Low Risk
0225-ZORZP,3,Month-to-month,Fiber optic,84.3,235.05,Electronic check,No,62.1,Medium Risk
4702-IOQDC,1,Month-to-month,Fiber optic,70.1,70.1,Electronic check,Yes,70.08,High Risk
9489-JMTTN,72,Two year,DSL,89.75,6595.9,Credit card (automatic),No,0.93,Low Risk
0575-CUQOV,60,One year,Fiber optic,97.95,5867.0,Electronic check,No,25.73,Low Risk
0967-BMLBD,11,One year,No,20.0,196.35,Mailed check,No,7.93,Low Risk
6178-KFNHS,12,Month-to-month,Fiber optic,78.3,909.25,Electronic check,Yes,53.97,Medium Risk
2830-LEWOA,61,One year,Fiber optic,103.9,6449.15,Credit card (automatic),No,7.45,Low Risk
5006-MXVRN,39,Two year,No,20.7,762.45,Credit card (automatic),No,0.91,Low Risk
1264-BYWMS,55,Month-to-month,Fiber optic,96.8,5283.95,Electronic check,Yes,50.68,Medium Risk
9658-WYUFB,17,Month-to-month,Fiber optic,94.4,1617.5,Electronic check,Yes,57.69,Medium Risk
8327-WKMIE,37,One year,No,20.15,785.75,Credit card (automatic),No,1.99,Low Risk
6917-FIJHC,72,Two year,No,26.0,1776.0,Mailed check,No,0.46,Low Risk
5329-KRDTM,72,Two year,DSL,77.35,5396.25,Credit card (automatic),No,1.2,Low Risk
7797-EJMDP,8,Month-to-month,DSL,66.05,574.5,Bank transfer (automatic),No,17.72,Low Risk
3530-VWVGU,22,Month-to-month,No,19.9,400.3,Mailed check,No,6.7,Low Risk
2013-SGDXK,1,Month-to-month,Fiber optic,84.3,84.3,Electronic check,Yes,63.13,Medium Risk
6368-NWMCE,38,Month-to-month,DSL,68.15,2656.3,Credit card (automatic),No,11.7,Low Risk
3633-CDBUW,17,One year,DSL,80.85,1445.95,Electronic check,No,13.21,Low Risk
0707-HOVVN,70,Two year,DSL,75.5,5212.65,Bank transfer (automatic),No,1.87,Low Risk
8580-QVLOC,72,Two year,DSL,92.45,6440.25,Credit card (automatic),Yes,0.98,Low Risk
3956-MGXOG,28,Month-to-month,Fiber optic,80.6,2244.95,Electronic check,No,54.76,Medium Risk
9274-UARKJ,15,Month-to-month,Fiber optic,83.2,1130.0,Bank transfer (automatic),No,51.92,Medium Risk
4077-HWUYD,72,Two year,DSL,87.55,6463.15,Bank transfer (automatic),No,1.42,Low Risk
2012-NWRPA,11,Month-to-month,Fiber optic,99.55,1131.2,Electronic check,Yes,81.0,High Risk
8808-ELEHO,8,Month-to-month,Fiber optic,81.25,585.95,Electronic check,Yes,73.19,High Risk
0103-CSITQ,57,One year,Fiber optic,109.4,6252.7,Bank transfer (automatic),No,18.48,Low Risk
3506-LCJDC,1,Month-to-month,No,19.95,19.95,Bank transfer (automatic),Yes,15.43,Low Risk
8671-KKKOS,46,Month-to-month,DSL,45.55,2062.15,Electronic check,No,12.41,Low Risk
7305-ZWMAJ,30,One year,No,20.7,587.1,Credit card (automatic),No,2.72,Low Risk
9518-XXBXE,10,Month-to-month,Fiber optic,75.3,720.45,Electronic check,No,48.23,Medium Risk
3934-HXCFZ,23,Month-to-month,Fiber optic,99.25,2186.4,Electronic check,Yes,53.55,Medium Risk
6578-KRMAW,32,Month-to-month,Fiber optic,93.4,2979.3,Credit card (automatic),No,30.31,Low Risk
4860-IJUDE,13,Month-to-month,Fiber optic,73.75,956.65,Credit card (automatic),No,41.5,Medium Risk
7666-WKRON,39,Two year,Fiber optic,80.45,3201.55,Electronic check,Yes,10.54,Low Risk
9688-YGXVR,44,Month-to-month,Fiber optic,88.15,3973.2,Credit card (automatic),No,30.88,Low Risk
0423-UDIJQ,9,Month-to-month,DSL,49.2,447.9,Mailed check,No,24.33,Low Risk
1945-XISKS,67,Two year,No,19.65,1335.2,Mailed check,No,0.29,Low Risk
4910-AQFFX,9,Month-to-month,Fiber optic,79.35,661.25,Bank transfer (automatic),Yes,56.89,Medium Risk
2154-KVJFF,15,Month-to-month,Fiber optic,79.75,1111.85,Electronic check,Yes,62.08,Medium Risk
5360-LJCNJ,71,Two year,Fiber optic,105.15,7555.0,Bank transfer (automatic),No,10.07,Low Risk
2607-FBDFF,1,Month-to-month,DSL,49.0,49.0,Credit card (automatic),No,25.7,Low Risk
9647-ERGBE,30,Month-to-month,Fiber optic,100.05,3046.15,Electronic check,Yes,63.44,Medium Risk
3428-XZMAZ,1,Month-to-month,Fiber optic,69.35,69.35,Electronic check,Yes,70.84,High Risk
1100-DDVRV,17,Month-to-month,DSL,49.8,836.35,Mailed check,No,49.64,Medium Risk
0378-TOVMS,3,Month-to-month,Fiber optic,85.8,272.2,Electronic check,Yes,56.34,Medium Risk
4355-HBJHH,67,Two year,DSL,79.7,5293.4,Electronic check,Yes,3.35,Low Risk
6728-WYQBC,1,Month-to-month,No,20.95,20.95,Bank transfer (automatic),No,17.97,Low Risk
9058-CBREO,1,Month-to-month,DSL,50.55,50.55,Mailed check,Yes,44.88,Medium Risk
9029-FEGVJ,32,Month-to-month,Fiber optic,79.3,2570.0,Mailed check,No,40.07,Medium Risk
7216-KAOID,41,One year,No,19.5,798.2,Bank transfer (automatic),No,1.39,Low Risk
0318-QUUOB,1,Month-to-month,Fiber optic,80.55,80.55,Electronic check,Yes,75.14,High Risk
6145-NNPNO,1,Month-to-month,DSL,44.15,44.15,Bank transfer (automatic),No,33.54,Low Risk
5520-FVEWJ,12,Month-to-month,Fiber optic,84.5,916.9,Electronic check,Yes,58.99,Medium Risk
5339-TJFEK,62,Month-to-month,Fiber optic,105.5,6487.2,Electronic check,No,30.37,Low Risk
5572-ZDXHY,22,Month-to-month,Fiber optic,84.3,1855.65,Mailed check,Yes,48.57,Medium Risk
2074-GUHPQ,17,Month-to-month,Fiber optic,92.7,1556.85,Credit card (automatic),No,35.15,Low Risk
4625-XMOYM,72,Two year,No,26.25,1988.05,Bank transfer (automatic),No,0.36,Low Risk
5827-MWCZK,56,Month-to-month,Fiber optic,96.95,5432.2,Credit card (automatic),No,20.08,Low Risk
1385-TQOZW,9,Month-to-month,No,20.45,147.55,Credit card (automatic),No,17.27,Low Risk
5914-XRFQB,72,Two year,Fiber optic,115.8,8424.9,Bank transfer (automatic),No,5.58,Low Risk
4329-YPDDQ,20,Month-to-month,Fiber optic,108.2,2203.7,Bank transfer (automatic),No,37.16,Low Risk
4804-NCPET,19,Two year,No,20.2,387.4,Mailed check,No,2.13,Low Risk
3750-CKVKH,2,Month-to-month,Fiber optic,67.75,116.65,Electronic check,Yes,70.66,High Risk
5944-UGLLK,53,One year,DSL,54.9,3045.75,Credit card (automatic),No,5.88,Low Risk
8063-GBATB,27,Month-to-month,Fiber optic,85.25,2287.25,Electronic check,Yes,66.59,Medium Risk
7787-BNTZM,6,Month-to-month,No,20.15,130.5,Bank transfer (automatic),No,15.02,Low Risk
2252-ISRNH,9,One year,Fiber optic,90.35,767.9,Electronic check,No,54.54,Medium Risk
9415-TPKRV,8,Month-to-month,DSL,55.75,446.8,Electronic check,No,33.39,Low Risk
5322-TEUJK,71,Two year,Fiber optic,114.6,8100.25,Bank transfer (automatic),No,3.09,Low Risk
4547-KQRTM,10,Month-to-month,Fiber optic,80.05,830.7,Bank transfer (automatic),Yes,57.27,Medium Risk
4877-EVATK,1,Month-to-month,No,20.0,20.0,Mailed check,Yes,19.37,Low Risk
1866-DIOQZ,71,One year,DSL,66.8,4689.15,Bank transfer (automatic),No,1.94,Low Risk
8375-KVTHK,68,One year,Fiber optic,100.3,6754.35,Electronic check,No,14.34,Low Risk
2697-NQBPF,34,Month-to-month,Fiber optic,105.35,3540.65,Electronic check,No,54.12,Medium Risk
3709-OIJEA,26,One year,Fiber optic,85.2,2184.6,Electronic check,No,22.97,Low Risk
7639-SUPCW,22,Month-to-month,DSL,48.8,1054.6,Credit card (automatic),Yes,16.86,Low Risk
1386-ZIKUV,7,Month-to-month,No,18.95,130.55,Mailed check,No,21.17,Low Risk
0599-XNYDO,20,Month-to-month,Fiber optic,69.8,1540.35,Bank transfer (automatic),No,46.68,Medium Risk
6377-WHAOX,60,Month-to-month,Fiber optic,106.15,6411.25,Electronic check,No,45.72,Medium Risk
6855-VLGOS,72,Two year,No,20.55,1432.55,Electronic check,No,0.25,Low Risk
8999-XXGNS,72,One year,Fiber optic,105.75,7629.85,Credit card (automatic),No,18.81,Low Risk
8746-OQQRW,4,Month-to-month,No,25.25,101.9,Mailed check,No,21.77,Low Risk
3181-MIZBN,16,Month-to-month,No,19.75,313.4,Electronic check,No,11.79,Low Risk
0471-ARVMX,62,One year,Fiber optic,104.85,6312.9,Electronic check,No,25.42,Low Risk
7766-CLTIC,10,Month-to-month,DSL,60.95,629.55,Mailed check,No,32.04,Low Risk
5650-YLIBA,31,Month-to-month,Fiber optic,81.15,2640.55,Electronic check,No,50.7,Medium Risk
0825-CPPQH,71,Two year,No,19.1,1372.45,Credit card (automatic),No,0.22,Low Risk
9084-OAYKL,58,Two year,No,20.8,1212.25,Mailed check,No,0.43,Low Risk
6122-LJADA,70,Two year,DSL,90.15,6237.05,Credit card (automatic),No,1.38,Low Risk
2400-XIWIO,71,Two year,DSL,90.1,6310.9,Electronic check,No,1.69,Low Risk
7524-VRLPL,69,Two year,DSL,74.1,5031.0,Credit card (automatic),No,1.05,Low Risk
1069-XAIEM,1,Month-to-month,Fiber optic,85.05,85.05,Electronic check,Yes,81.85,High Risk
7569-NMZYQ,72,Two year,Fiber optic,118.75,8672.45,Bank transfer (automatic),No,4.43,Low Risk
5201-USSQZ,26,Month-to-month,Fiber optic,85.9,2196.45,Credit card (automatic),No,29.67,Low Risk
2105-PHWON,33,Month-to-month,Fiber optic,95.0,3008.15,Credit card (automatic),No,40.25,Medium Risk
1494-EJZDW,10,Two year,No,20.15,220.8,Mailed check,No,3.15,Low Risk
4884-TVUQF,57,Two year,Fiber optic,101.3,5779.6,Credit card (automatic),No,4.61,Low Risk
8003-EWNDZ,10,Month-to-month,No,21.2,222.65,Electronic check,No,23.1,Low Risk
1897-RCFUM,39,One year,No,24.2,914.6,Mailed check,No,3.18,Low Risk
9256-JTBNZ,11,Month-to-month,No,20.3,246.3,Bank transfer (automatic),No,12.06,Low Risk
4658-HCOHW,21,Month-to-month,Fiber optic,102.8,2110.15,Electronic check,Yes,49.86,Medium Risk
2211-RMNHO,68,Two year,DSL,85.3,5560.0,Bank transfer (automatic),No,1.38,Low Risk
2432-TFSMK,18,One year,Fiber optic,89.6,1633.0,Credit card (automatic),No,43.28,Medium Risk
3440-JPSCL,6,Month-to-month,Fiber optic,99.95,547.65,Mailed check,Yes,60.45,Medium Risk
4929-ROART,18,Month-to-month,DSL,56.25,969.85,Mailed check,No,19.45,Low Risk
1834-ABKHQ,52,One year,DSL,50.95,2610.65,Bank transfer (automatic),No,3.56,Low Risk
1741-WTPON,56,Two year,Fiber optic,115.85,6567.9,Mailed check,No,4.89,Low Risk
3932-IJWDZ,45,Month-to-month,Fiber optic,103.65,4747.85,Bank transfer (automatic),No,41.95,Medium Risk
1240-HCBOH,67,Two year,No,26.1,1759.55,Mailed check,No,0.58,Low Risk
3594-KADLU,3,Month-to-month,DSL,35.1,101.1,Mailed check,No,28.72,Low Risk
8065-BVEPF,65,Month-to-month,Fiber optic,99.1,6496.15,Bank transfer (automatic),No,29.09,Low Risk
3796-ENZGF,63,Two year,DSL,67.25,4234.15,Mailed check,No,1.59,Low Risk
1734-ZMNTZ,11,Two year,No,25.0,300.7,Mailed check,No,4.03,Low Risk
2853-CWQFQ,1,Month-to-month,DSL,59.55,59.55,Mailed check,No,35.47,Low Risk
0813-TAXXS,55,Two year,DSL,77.8,4323.35,Bank transfer (automatic),No,5.77,Low Risk
2519-TWKFS,25,One year,DSL,55.1,1466.1,Mailed check,No,10.67,Low Risk
2889-FPWRM,72,One year,Fiber optic,117.8,8684.8,Bank transfer (automatic),Yes,10.43,Low Risk
0626-QXNGV,72,Two year,No,24.15,1776.45,Credit card (automatic),No,0.43,Low Risk
6723-CEGQI,65,Two year,DSL,45.25,2933.95,Mailed check,No,1.02,Low Risk
6987-XQSJT,54,Month-to-month,Fiber optic,79.5,4370.25,Electronic check,Yes,35.73,Low Risk
4732-RRJZC,7,Month-to-month,No,20.25,144.35,Mailed check,No,12.89,Low Risk
9499-XPZXM,72,Two year,DSL,64.75,4804.75,Bank transfer (automatic),No,0.53,Low Risk
4338-EYCER,21,Month-to-month,DSL,54.6,1125.2,Bank transfer (automatic),No,23.13,Low Risk
3007-FDPEA,2,Month-to-month,No,20.7,39.85,Bank transfer (automatic),No,22.97,Low Risk
6350-XFYGW,4,Month-to-month,Fiber optic,94.75,422.4,Electronic check,No,79.46,High Risk
4290-BSXUX,3,Month-to-month,Fiber optic,79.65,251.75,Bank transfer (automatic),Yes,59.11,Medium Risk
8513-OLYGY,72,Two year,Fiber optic,115.8,8332.15,Credit card (automatic),No,3.73,Low Risk
0311-QYWSS,6,Month-to-month,DSL,49.45,314.6,Electronic check,No,36.55,Low Risk
8705-DWKTI,52,Month-to-month,Fiber optic,83.8,4331.4,Credit card (automatic),No,28.06,Low Risk
8755-IWJHN,69,Month-to-month,Fiber optic,95.35,6382.0,Bank transfer (automatic),No,25.73,Low Risk
0325-XBFAC,8,Month-to-month,Fiber optic,94.7,740.3,Electronic check,Yes,74.64,High Risk
4480-QQRHC,8,Month-to-month,Fiber optic,74.05,600.15,Bank transfer (automatic),No,58.88,Medium Risk
0929-PECLO,63,Month-to-month,Fiber optic,89.6,5538.8,Bank transfer (automatic),No,31.02,Low Risk
3680-CTHUH,60,One year,Fiber optic,116.6,7049.5,Credit card (automatic),No,12.5,Low Risk
1202-KKGFU,12,Month-to-month,DSL,54.2,690.5,Bank transfer (automatic),No,13.28,Low Risk
6112-KTHFQ,13,Month-to-month,No,19.3,279.3,Mailed check,No,16.58,Low Risk
1852-XEMDW,22,Month-to-month,DSL,65.05,1427.55,Mailed check,No,15.27,Low Risk
2462-XIIJB,5,Month-to-month,Fiber optic,92.5,452.7,Electronic check,Yes,76.43,High Risk
4760-XOHVN,1,Month-to-month,No,19.45,19.45,Mailed check,Yes,16.26,Low Risk
1820-DJFPH,72,Two year,No,24.05,1709.15,Bank transfer (automatic),No,0.35,Low Risk
9426-SXNHE,2,Month-to-month,No,18.75,53.15,Bank transfer (automatic),No,17.64,Low Risk
9068-FHQHD,40,Two year,No,20.15,777.35,Bank transfer (automatic),No,0.74,Low Risk
1269-FOYWN,44,One year,No,20.0,860.85,Bank transfer (automatic),No,1.2,Low Risk
9470-YFUYI,71,One year,DSL,71.0,5012.1,Bank transfer (automatic),No,1.73,Low Risk
7817-BOQPW,2,Month-to-month,Fiber optic,75.55,166.3,Electronic check,Yes,75.02,High Risk
7402-EYFXX,26,Month-to-month,Fiber optic,93.6,2404.1,Electronic check,No,73.91,High Risk
1853-UDXBW,1,Month-to-month,Fiber optic,70.0,70.0,Electronic check,Yes,66.21,Medium Risk
9895-VFOXH,1,Month-to-month,DSL,24.4,24.4,Mailed check,No,48.7,Medium Risk
5458-CQJTA,65,Two year,DSL,74.8,4820.15,Bank transfer (automatic),Yes,1.24,Low Risk
1230-QAJDW,3,Month-to-month,DSL,65.25,209.9,Mailed check,No,45.71,Medium Risk
5701-ZIKJE,13,Month-to-month,DSL,50.55,610.75,Mailed check,No,24.97,Low Risk
5219-YIPTK,33,Month-to-month,Fiber optic,104.4,3409.6,Electronic check,Yes,63.15,Medium Risk
5032-MIYKT,1,Month-to-month,Fiber optic,70.7,70.7,Mailed check,No,62.94,Medium Risk
7396-VJUZB,4,Month-to-month,DSL,45.25,155.35,Mailed check,No,28.11,Low Risk
9717-QEBGU,2,Month-to-month,Fiber optic,70.3,144.0,Electronic check,No,69.75,Medium Risk
5172-RKOCB,72,Two year,Fiber optic,108.95,7875.0,Credit card (automatic),No,5.17,Low Risk
6509-TSGWN,37,Month-to-month,No,26.45,911.6,Mailed check,No,4.63,Low Risk
3540-RZJYU,15,Month-to-month,Fiber optic,86.2,1270.2,Electronic check,Yes,45.45,Medium Risk
3178-CIFOT,23,One year,No,19.65,478.1,Credit card (automatic),No,5.25,Low Risk
2091-MJTFX,30,Month-to-month,DSL,51.2,1561.5,Credit card (automatic),Yes,18.98,Low Risk
4530-NDRKU,42,One year,No,19.05,761.85,Electronic check,No,2.72,Low Risk
5985-TBABQ,32,One year,DSL,74.75,2282.95,Mailed check,No,11.05,Low Risk
9800-ONTFE,22,Month-to-month,Fiber optic,75.8,1615.1,Bank transfer (automatic),No,45.66,Medium Risk
6743-HHQPF,42,Month-to-month,DSL,25.1,1097.15,Credit card (automatic),No,16.79,Low Risk
8455-HIRAQ,8,Month-to-month,DSL,44.45,369.3,Mailed check,No,28.96,Low Risk
6616-AALSR,65,Two year,Fiber optic,104.3,6725.3,Credit card (automatic),No,7.2,Low Risk
0883-EIBTI,2,Month-to-month,No,19.5,31.55,Mailed check,Yes,18.45,Low Risk
9415-ZNBSX,70,Two year,DSL,89.0,6293.2,Bank transfer (automatic),No,1.44,Low Risk
4018-KJYUY,22,Month-to-month,No,20.15,432.5,Credit card (automatic),No,6.11,Low Risk
0722-TROQR,4,Month-to-month,Fiber optic,74.9,321.75,Electronic check,Yes,76.7,High Risk
7571-YXDAD,2,Month-to-month,Fiber optic,74.9,147.15,Credit card (automatic),Yes,58.03,Medium Risk
3884-UEBXB,67,Two year,DSL,36.15,2434.45,Bank transfer (automatic),No,0.58,Low Risk
8780-RSYYU,25,Month-to-month,No,19.2,532.1,Credit card (automatic),No,9.36,Low Risk
5537-UXXVS,20,Month-to-month,No,19.25,375.25,Bank transfer (automatic),No,8.5,Low Risk
1791-PQHBB,2,Month-to-month,DSL,61.2,125.95,Credit card (automatic),No,30.15,Low Risk
8701-DGLVH,51,Two year,No,20.45,1042.65,Mailed check,No,0.6,Low Risk
8741-LQOBK,46,Month-to-month,DSL,35.05,1620.25,Bank transfer (automatic),No,5.35,Low Risk
3393-FMZPV,25,Month-to-month,Fiber optic,100.25,2387.75,Electronic check,Yes,67.05,Medium Risk
8082-GHXOP,13,Month-to-month,DSL,44.0,659.35,Mailed check,No,21.81,Low Risk
6402-ZFPPI,25,Month-to-month,Fiber optic,102.8,2660.2,Mailed check,Yes,55.78,Medium Risk
0980-FEXWF,26,One year,DSL,50.35,1285.8,Mailed check,No,7.28,Low Risk
7486-KSRVI,43,One year,Fiber optic,100.0,4211.55,Electronic check,Yes,34.18,Low Risk
3011-WQKSZ,19,Month-to-month,No,20.0,377.55,Electronic check,No,14.14,Low Risk
8443-WVPSS,10,Month-to-month,Fiber optic,99.85,990.9,Electronic check,Yes,63.13,Medium Risk
3006-XIMLN,2,Month-to-month,Fiber optic,94.2,193.8,Bank transfer (automatic),Yes,72.42,High Risk
8218-FFJDS,72,Two year,DSL,86.4,6058.95,Bank transfer (automatic),No,1.52,Low Risk
1986-PHGZF,18,Month-to-month,DSL,58.4,964.9,Credit card (automatic),No,24.39,Low Risk
9965-YOKZB,9,Month-to-month,Fiber optic,83.85,790.15,Electronic check,Yes,78.72,High Risk
0504-HHAPI,27,Month-to-month,Fiber optic,88.3,2467.75,Credit card (automatic),Yes,48.66,Medium Risk
9360-OMDZZ,24,Month-to-month,Fiber optic,94.1,2322.85,Electronic check,No,72.52,High Risk
6305-YLBMM,69,One year,Fiber optic,104.05,7262.0,Bank transfer (automatic),Yes,10.54,Low Risk
0345-XMMUG,46,Two year,Fiber optic,108.9,4854.3,Credit card (automatic),No,12.74,Low Risk
8024-XNAFQ,72,Two year,Fiber optic,107.4,7748.75,Bank transfer (automatic),No,4.17,Low Risk
3647-GMGDH,22,Month-to-month,Fiber optic,94.7,1914.9,Credit card (automatic),Yes,56.15,Medium Risk
2988-GBIVW,70,Month-to-month,Fiber optic,90.85,6470.1,Electronic check,No,28.01,Low Risk
2832-SCUCO,2,Month-to-month,No,19.9,57.4,Electronic check,No,23.54,Low Risk
7036-ZZKBD,31,Month-to-month,DSL,66.4,2019.8,Credit card (automatic),No,16.68,Low Risk
3791-LGQCY,56,Month-to-month,Fiber optic,100.65,5688.05,Bank transfer (automatic),Yes,45.34,Medium Risk
0265-PSUAE,16,Month-to-month,Fiber optic,100.7,1522.7,Bank transfer (automatic),No,36.11,Low Risk
0463-TXOAK,52,Two year,No,25.6,1334.5,Credit card (automatic),No,0.58,Low Risk
0594-UFTUL,13,Month-to-month,No,19.85,252.0,Mailed check,No,14.03,Low Risk
9509-MPYOD,35,One year,No,20.75,700.45,Mailed check,No,2.31,Low Risk
9128-CPXKI,59,Two year,Fiber optic,95.8,5655.45,Electronic check,No,10.44,Low Risk
0129-KPTWJ,72,Month-to-month,Fiber optic,94.65,6747.35,Electronic check,No,31.82,Low Risk
8166-ZZTFS,66,Two year,DSL,80.55,5265.1,Bank transfer (automatic),Yes,4.2,Low Risk
5855-EIBDE,49,Two year,Fiber optic,106.65,5174.35,Credit card (automatic),No,4.42,Low Risk
5365-LLFYV,2,Month-to-month,DSL,45.85,105.6,Mailed check,No,42.36,Medium Risk
5956-YHHRX,21,Month-to-month,Fiber optic,104.35,2271.85,Electronic check,No,73.73,High Risk
6008-NAIXK,54,One year,DSL,55.45,2966.95,Electronic check,No,15.07,Low Risk
2956-GGUCQ,24,Month-to-month,Fiber optic,78.85,1772.25,Electronic check,Yes,53.65,Medium Risk
1928-BXYIV,1,Month-to-month,DSL,61.15,61.15,Electronic check,No,34.7,Low Risk
5760-FXFVO,6,Month-to-month,Fiber optic,78.95,494.95,Electronic check,No,53.37,Medium Risk
6595-COKXZ,1,Month-to-month,DSL,44.45,44.45,Mailed check,Yes,43.94,Medium Risk
0961-ZWLVI,49,One year,Fiber optic,109.2,5290.45,Credit card (automatic),No,16.85,Low Risk
5181-OABFK,56,Two year,DSL,61.3,3346.8,Credit card (automatic),No,0.97,Low Risk
4007-NHVHI,56,Month-to-month,Fiber optic,96.85,5219.65,Electronic check,No,32.27,Low Risk
7816-VGHTO,6,Two year,DSL,40.55,217.5,Mailed check,No,8.0,Low Risk
5871-DGTXZ,32,One year,No,19.8,607.7,Mailed check,No,2.73,Low Risk
7550-WIQVA,50,One year,Fiber optic,108.25,5431.4,Electronic check,No,23.81,Low Risk
7544-ZVIKX,58,One year,Fiber optic,105.05,6004.85,Bank transfer (automatic),No,16.41,Low Risk
0016-QLJIS,65,Two year,DSL,90.45,5957.9,Mailed check,No,1.79,Low Risk
7508-DQAKK,64,Two year,DSL,86.4,5442.05,Credit card (automatic),No,1.99,Low Risk
5176-OLSKT,66,Two year,DSL,66.9,4370.25,Bank transfer (automatic),No,0.86,Low Risk
9356-AXGMP,38,One year,Fiber optic,110.7,4428.6,Electronic check,No,30.86,Low Risk
3556-BVQGL,20,One year,No,20.0,416.45,Mailed check,No,6.67,Low Risk
0362-ZBZWJ,36,Month-to-month,Fiber optic,84.9,3067.2,Electronic check,Yes,57.35,Medium Risk
8979-CAMGB,64,One year,Fiber optic,102.1,6688.1,Electronic check,No,20.47,Low Risk
4211-MMAZN,1,Month-to-month,No,20.25,20.25,Mailed check,Yes,19.3,Low Risk
7581-EBBOU,60,One year,DSL,70.15,4224.7,Credit card (automatic),No,3.0,Low Risk
4274-OWWYO,1,Month-to-month,Fiber optic,74.35,74.35,Electronic check,Yes,67.02,Medium Risk
5073-RZGBK,50,One year,DSL,80.05,4042.2,Bank transfer (automatic),No,3.5,Low Risk
1541-ETJZO,1,Month-to-month,DSL,62.05,62.05,Mailed check,Yes,31.64,Low Risk
2192-CKRLV,72,Two year,DSL,49.2,3580.95,Electronic check,No,1.93,Low Risk
3154-HMWUU,60,Two year,No,20.5,1198.8,Bank transfer (automatic),No,0.54,Low Risk
6119-SPUDB,46,Two year,DSL,38.25,1755.35,Mailed check,No,1.62,Low Risk
6522-OIQSX,69,Two year,DSL,54.95,3772.5,Credit card (automatic),No,2.33,Low Risk
7813-ZGGAW,31,Month-to-month,Fiber optic,96.6,2877.95,Bank transfer (automatic),No,45.48,Medium Risk
8748-HFWBO,19,One year,No,19.9,357.7,Mailed check,No,4.02,Low Risk
1052-QJIBV,71,Two year,No,19.9,1397.3,Credit card (automatic),No,0.17,Low Risk
1319-YLZJG,12,Month-to-month,Fiber optic,84.6,959.9,Electronic check,No,47.62,Medium Risk
4106-HADHQ,39,One year,DSL,80.0,3182.95,Credit card (automatic),Yes,3.84,Low Risk
0723-FDLAY,44,One year,DSL,85.25,3704.15,Bank transfer (automatic),No,9.75,Low Risk
3050-RLLXC,56,Two year,DSL,81.25,4620.4,Credit card (automatic),No,1.03,Low Risk
9298-WGMRW,72,Two year,Fiber optic,115.5,8312.75,Bank transfer (automatic),No,5.37,Low Risk
2369-UAPKZ,5,Month-to-month,Fiber optic,104.1,541.9,Mailed check,Yes,65.08,Medium Risk
3088-LHEFH,11,Month-to-month,Fiber optic,79.0,929.3,Bank transfer (automatic),No,51.0,Medium Risk
2778-OCLGR,24,Month-to-month,DSL,39.1,971.3,Bank transfer (automatic),Yes,25.1,Low Risk
6583-KQJLK,15,Month-to-month,Fiber optic,94.65,1285.05,Electronic check,No,70.13,High Risk
8544-JNBOX,72,Two year,No,20.8,1521.2,Mailed check,No,0.33,Low Risk
6681-ZSEXG,56,Two year,DSL,59.5,3389.25,Credit card (automatic),No,1.8,Low Risk
6139-ZZRBQ,64,Two year,No,20.05,1198.05,Bank transfer (automatic),No,0.5,Low Risk
6116-RFVHN,34,Month-to-month,Fiber optic,100.45,3414.65,Electronic check,No,65.64,Medium Risk
0637-KVDLV,2,Month-to-month,Fiber optic,76.5,162.45,Electronic check,Yes,75.06,High Risk
8884-FEEWR,35,One year,No,20.6,754.0,Bank transfer (automatic),No,2.22,Low Risk
3125-RAHBV,22,One year,No,20.3,467.15,Credit card (automatic),No,3.89,Low Risk
6633-MPWBS,5,Month-to-month,DSL,49.2,216.9,Electronic check,Yes,39.01,Low Risk
0373-AIVNJ,9,One year,DSL,39.55,373.0,Mailed check,No,15.33,Low Risk
8785-EPNCG,11,Month-to-month,No,23.15,245.2,Credit card (automatic),Yes,15.91,Low Risk
1682-VCOIO,23,One year,No,20.45,481.1,Mailed check,No,4.08,Low Risk
5729-KLZAR,4,Month-to-month,Fiber optic,80.85,302.75,Electronic check,Yes,59.48,Medium Risk
2072-ZVJJX,68,Two year,No,25.25,1728.2,Bank transfer (automatic),No,0.37,Low Risk
8849-AYPTR,33,Month-to-month,Fiber optic,91.25,2964.05,Electronic check,No,49.52,Medium Risk
9518-IMLHK,31,Month-to-month,DSL,72.45,2156.25,Bank transfer (automatic),No,10.94,Low Risk
1582-RAFML,1,Month-to-month,DSL,60.1,60.1,Mailed check,Yes,29.48,Low Risk
3646-ITDGM,56,Two year,No,19.7,1051.9,Bank transfer (automatic),No,0.43,Low Risk
8740-CRYFY,1,Month-to-month,Fiber optic,78.95,78.95,Electronic check,Yes,75.34,High Risk
3569-VLDHH,66,One year,DSL,75.1,5013.0,Electronic check,No,2.21,Low Risk
8224-KDLKN,72,Two year,No,25.0,1738.9,Bank transfer (automatic),No,0.25,Low Risk
7594-LZNWR,34,Month-to-month,Fiber optic,69.15,2275.1,Credit card (automatic),No,28.53,Low Risk
4001-TSBTV,58,Month-to-month,Fiber optic,91.55,5511.65,Electronic check,No,26.56,Low Risk
2962-XPMCQ,2,Month-to-month,DSL,45.15,98.5,Electronic check,Yes,50.89,Medium Risk
8727-XDPUD,37,Two year,DSL,35.8,1316.9,Credit card (automatic),No,5.52,Low Risk
1043-UXOVO,71,Two year,Fiber optic,113.15,7993.3,Credit card (automatic),No,5.23,Low Risk
1064-FBXNK,1,One year,No,19.85,19.85,Credit card (automatic),No,8.08,Low Risk
3996-ZNWYK,71,Two year,No,19.8,1388.45,Credit card (automatic),No,0.2,Low Risk
2878-DHMIN,35,One year,No,19.9,666.0,Electronic check,No,2.64,Low Risk
7762-ONLJY,6,One year,No,19.7,94.45,Mailed check,No,7.0,Low Risk
1678-FYZOW,3,Month-to-month,Fiber optic,79.4,244.65,Electronic check,Yes,73.55,High Risk
5795-BKOYE,69,One year,DSL,59.1,4134.7,Bank transfer (automatic),No,0.9,Low Risk
8627-EHGIP,44,One year,DSL,53.95,2375.4,Mailed check,Yes,14.41,Low Risk
7402-PWYJJ,53,One year,Fiber optic,91.15,4862.5,Electronic check,No,22.15,Low Risk
5480-TBGPH,24,Month-to-month,Fiber optic,99.3,2431.35,Credit card (automatic),Yes,51.83,Medium Risk
0018-NYROU,5,Month-to-month,Fiber optic,68.95,351.5,Electronic check,No,68.04,Medium Risk
7501-VTYLJ,2,Month-to-month,DSL,51.55,106.2,Mailed check,No,25.06,Low Risk
7608-RGIRO,62,Two year,No,24.4,1413.0,Mailed check,No,0.59,Low Risk
0480-BIXDE,19,Month-to-month,Fiber optic,96.8,1743.05,Electronic check,No,67.03,Medium Risk
5895-QSXOD,9,Month-to-month,Fiber optic,70.05,657.5,Mailed check,No,48.02,Medium Risk
9814-AOUDH,53,Two year,No,19.5,1050.5,Credit card (automatic),No,0.5,Low Risk
6175-IRFIT,5,Month-to-month,Fiber optic,78.75,426.35,Mailed check,No,57.85,Medium Risk
8760-ZRHKE,71,One year,DSL,69.2,4982.5,Electronic check,No,2.7,Low Risk
1622-HSHSF,1,Month-to-month,No,19.55,19.55,Mailed check,No,25.6,Low Risk
8854-CCVSQ,18,Month-to-month,Fiber optic,80.65,1451.9,Electronic check,Yes,60.43,Medium Risk
6749-UTDVX,72,Two year,Fiber optic,103.65,7634.8,Electronic check,No,14.1,Low Risk
5542-DHSXL,4,Month-to-month,DSL,54.7,235.05,Mailed check,No,21.19,Low Risk
9102-OXKFY,59,Two year,DSL,54.15,3116.15,Credit card (automatic),No,1.71,Low Risk
0511-JTEOY,1,Month-to-month,Fiber optic,71.1,71.1,Mailed check,Yes,53.75,Medium Risk
5216-WASFJ,31,Month-to-month,Fiber optic,84.85,2633.4,Electronic check,No,64.44,Medium Risk
7808-DVWEP,3,Month-to-month,No,20.0,49.65,Bank transfer (automatic),No,17.15,Low Risk
7067-KSAZT,65,One year,Fiber optic,106.25,6979.8,Electronic check,Yes,29.84,Low Risk
2284-VFLKH,49,One year,Fiber optic,99.25,4920.8,Credit card (automatic),No,18.27,Low Risk
0366-NQSHS,2,Month-to-month,No,19.35,46.35,Mailed check,No,18.87,Low Risk
6532-YLWSI,53,One year,No,20.8,1021.8,Bank transfer (automatic),Yes,0.95,Low Risk
3807-BPOMJ,55,One year,Fiber optic,94.75,5276.1,Electronic check,No,20.57,Low Risk
3892-NXAZG,72,Two year,Fiber optic,114.05,8289.2,Credit card (automatic),No,4.41,Low Risk
4948-WBBKL,36,Month-to-month,Fiber optic,74.9,2659.45,Bank transfer (automatic),No,43.03,Medium Risk
4182-BGSIQ,10,Month-to-month,No,19.8,196.75,Bank transfer (automatic),No,14.59,Low Risk
9300-AGZNL,1,Month-to-month,Fiber optic,94.0,94.0,Electronic check,Yes,85.44,High Risk
0988-AADSA,72,Two year,DSL,80.85,5824.75,Bank transfer (automatic),No,0.63,Low Risk
9972-NKTFD,28,Month-to-month,DSL,54.65,1517.5,Bank transfer (automatic),No,9.24,Low Risk
3717-LNXKW,38,Month-to-month,Fiber optic,91.7,3479.05,Bank transfer (automatic),No,28.78,Low Risk
5734-EJKXG,61,One year,Fiber optic,118.6,7365.7,Electronic check,No,17.2,Low Risk
2207-RYYRL,52,Two year,No,24.55,1331.05,Mailed check,No,0.67,Low Risk
6729-FZWSY,67,One year,No,19.45,1195.95,Mailed check,No,0.78,Low Risk
9695-IDRZR,34,Two year,Fiber optic,116.15,3946.9,Credit card (automatic),No,9.66,Low Risk
8144-DGHXP,54,Two year,DSL,80.6,4299.95,Electronic check,No,2.19,Low Risk
7814-LEEVE,1,Month-to-month,No,20.3,20.3,Bank transfer (automatic),No,24.32,Low Risk
1112-CUNAO,15,Month-to-month,Fiber optic,89.85,1424.95,Electronic check,Yes,63.58,Medium Risk
5175-AOBHI,4,Month-to-month,DSL,46.0,193.6,Mailed check,Yes,40.31,Medium Risk
5174-RNGBH,9,Month-to-month,DSL,66.25,620.55,Mailed check,Yes,22.08,Low Risk
8631-WUXGY,46,Month-to-month,Fiber optic,99.8,4391.25,Electronic check,No,39.36,Low Risk
7270-BDIOA,22,Month-to-month,Fiber optic,90.0,1993.8,Electronic check,Yes,58.91,Medium Risk
9565-JSNFM,38,One year,Fiber optic,70.45,2597.6,Bank transfer (automatic),Yes,17.93,Low Risk
5906-DVAPM,55,One year,DSL,75.0,4213.9,Credit card (automatic),No,2.87,Low Risk
6654-QGBZZ,1,Month-to-month,No,19.9,19.9,Mailed check,No,19.07,Low Risk
8348-JLBUG,64,One year,Fiber optic,80.3,5017.7,Credit card (automatic),No,4.84,Low Risk
0607-DAAHE,53,Two year,No,19.75,1052.35,Bank transfer (automatic),Yes,0.41,Low Risk
5641-DMBFJ,58,Two year,DSL,84.3,4916.4,Electronic check,No,4.08,Low Risk
9200-NLNPD,56,One year,DSL,54.05,2959.8,Bank transfer (automatic),No,7.51,Low Risk
2664-XJZNO,72,Two year,Fiber optic,104.9,7559.55,Credit card (automatic),No,3.32,Low Risk
9732-KPKBW,1,Month-to-month,DSL,53.95,53.95,Electronic check,Yes,33.16,Low Risk
3339-EAQNV,72,One year,Fiber optic,97.25,7133.1,Credit card (automatic),No,19.01,Low Risk
0921-OHLVP,22,Month-to-month,Fiber optic,83.05,1799.3,Electronic check,No,59.36,Medium Risk
3389-YGYAI,8,Month-to-month,Fiber optic,105.5,829.55,Electronic check,Yes,78.82,High Risk
9560-ARGQJ,16,Month-to-month,Fiber optic,81.0,1312.15,Electronic check,Yes,58.77,Medium Risk
8350-NYMVI,39,Month-to-month,DSL,41.1,1597.05,Bank transfer (automatic),No,8.87,Low Risk
1600-DILPE,12,Month-to-month,DSL,45.0,524.35,Bank transfer (automatic),No,31.46,Low Risk
0536-ESJEP,54,Two year,DSL,74.55,4191.45,Bank transfer (automatic),No,2.82,Low Risk
4654-GGUII,18,One year,DSL,40.2,711.95,Mailed check,No,11.02,Low Risk
6478-HRRCZ,32,One year,DSL,70.5,2201.75,Mailed check,No,4.16,Low Risk
8510-BBWMU,41,One year,No,19.75,806.95,Mailed check,No,2.57,Low Risk
6857-TKDJV,67,Two year,No,24.65,1620.45,Bank transfer (automatic),No,0.31,Low Risk
2360-RDGRO,65,Month-to-month,Fiber optic,104.25,6812.95,Electronic check,No,37.29,Low Risk
0584-BJQGZ,25,Month-to-month,DSL,78.35,1837.9,Bank transfer (automatic),No,16.55,Low Risk
5134-IKDAY,1,Month-to-month,Fiber optic,69.8,69.8,Electronic check,Yes,65.81,Medium Risk
1360-XFJMR,67,One year,Fiber optic,109.7,7344.45,Credit card (automatic),No,14.51,Low Risk
3070-DVEYC,7,Month-to-month,Fiber optic,73.75,545.15,Mailed check,Yes,61.13,Medium Risk
5730-RIITO,43,Month-to-month,DSL,33.45,1500.25,Credit card (automatic),No,11.64,Low Risk
9058-MJLZC,24,Month-to-month,Fiber optic,94.6,2283.15,Electronic check,No,55.43,Medium Risk
5707-ORNDZ,9,Month-to-month,DSL,54.55,494.05,Electronic check,Yes,35.79,Low Risk
0902-XKXPN,69,Two year,No,20.2,1376.5,Bank transfer (automatic),No,0.2,Low Risk
5177-RVZNU,37,One year,No,20.3,755.4,Bank transfer (automatic),No,1.59,Low Risk
0056-EPFBG,20,Two year,DSL,39.4,825.4,Credit card (automatic),No,4.99,Low Risk
8993-IZEUX,7,Month-to-month,Fiber optic,69.15,488.65,Bank transfer (automatic),No,48.18,Medium Risk
8696-JKZNU,37,Month-to-month,Fiber optic,76.25,2841.55,Electronic check,Yes,51.71,Medium Risk
5380-AFSSK,5,Month-to-month,Fiber optic,93.9,486.85,Mailed check,Yes,76.55,High Risk
8190-ZTQFB,41,One year,DSL,51.35,2075.1,Electronic check,No,22.16,Low Risk
0931-MHTEM,54,One year,Fiber optic,100.05,5299.65,Credit card (automatic),No,12.88,Low Risk
2055-PDADH,3,Month-to-month,Fiber optic,70.4,204.7,Electronic check,Yes,71.49,High Risk
7515-LODFU,69,Two year,No,20.3,1356.3,Credit card (automatic),No,0.27,Low Risk
0440-UEDAI,53,One year,Fiber optic,94.45,5042.75,Credit card (automatic),No,10.73,Low Risk
1337-BOZWO,18,One year,DSL,46.4,812.4,Credit card (automatic),No,14.64,Low Risk
0868-VJRDR,64,Two year,Fiber optic,104.05,6605.55,Credit card (automatic),No,4.37,Low Risk
8714-EUHJO,31,Month-to-month,Fiber optic,91.15,2995.45,Electronic check,Yes,52.68,Medium Risk
6344-SFJVH,20,Month-to-month,DSL,24.9,505.95,Credit card (automatic),No,26.44,Low Risk
3950-VPYJB,57,One year,DSL,59.6,3509.4,Mailed check,No,1.06,Low Risk
8041-TMEID,63,Two year,Fiber optic,108.5,6991.9,Credit card (automatic),No,7.32,Low Risk
7321-ZNSLA,13,Two year,DSL,40.55,590.35,Mailed check,No,4.41,Low Risk
6941-KXRRV,48,One year,DSL,58.95,2789.7,Bank transfer (automatic),No,7.13,Low Risk
3721-CNEYS,2,Month-to-month,Fiber optic,70.95,137.95,Electronic check,Yes,68.98,Medium Risk
8727-JQFHV,57,Two year,No,20.75,1123.15,Mailed check,No,0.37,Low Risk
9475-NNDGC,71,One year,Fiber optic,113.15,7953.25,Bank transfer (automatic),No,13.55,Low Risk
1355-KUSBG,7,Month-to-month,DSL,48.8,349.8,Electronic check,No,39.07,Low Risk
3688-FTHLT,16,Month-to-month,DSL,63.05,1067.05,Bank transfer (automatic),No,39.89,Low Risk
0899-LIIBW,34,Month-to-month,Fiber optic,100.85,3527.3,Electronic check,No,57.83,Medium Risk
2568-OIADY,37,Month-to-month,Fiber optic,99.5,3762.0,Electronic check,Yes,64.43,Medium Risk
1384-RCUXW,16,Month-to-month,Fiber optic,80.55,1248.9,Mailed check,No,54.24,Medium Risk
5825-XJOCM,48,One year,DSL,64.4,3035.35,Bank transfer (automatic),No,3.62,Low Risk
6848-YLDFR,58,One year,DSL,75.2,4300.8,Credit card (automatic),No,3.64,Low Risk
8125-QPFJD,72,Two year,DSL,84.9,6065.3,Bank transfer (automatic),No,1.8,Low Risk
2320-YKQBO,7,Month-to-month,No,19.3,144.95,Mailed check,No,15.29,Low Risk
1193-RTSLK,38,Month-to-month,Fiber optic,83.9,3233.6,Credit card (automatic),Yes,20.89,Low Risk
2302-ANTDP,48,Month-to-month,Fiber optic,117.45,5438.9,Electronic check,Yes,30.16,Low Risk
5923-GXUOC,10,Month-to-month,Fiber optic,104.4,1081.45,Electronic check,Yes,61.26,Medium Risk
4973-RLZVI,30,One year,DSL,74.65,2308.6,Credit card (automatic),No,4.0,Low Risk
7869-ZYDST,31,Month-to-month,DSL,59.05,1882.8,Credit card (automatic),No,29.02,Low Risk
4501-UYKBC,46,One year,DSL,69.1,3255.35,Credit card (automatic),No,8.66,Low Risk
1215-EXRMO,50,Two year,No,20.55,1067.65,Mailed check,No,0.64,Low Risk
2305-MRGLV,28,Month-to-month,Fiber optic,76.55,2065.4,Bank transfer (automatic),No,23.52,Low Risk
8404-VIOMB,66,Two year,DSL,62.5,4136.4,Bank transfer (automatic),No,1.77,Low Risk
5233-GEEAX,8,Month-to-month,DSL,29.4,221.9,Electronic check,Yes,60.93,Medium Risk
2359-KLTEK,41,Month-to-month,Fiber optic,94.9,3848.0,Bank transfer (automatic),No,37.98,Low Risk
5304-EFJLP,72,Two year,Fiber optic,111.65,8022.85,Bank transfer (automatic),No,8.55,Low Risk
2673-ZALNP,7,One year,No,19.9,173.15,Mailed check,No,8.16,Low Risk
9184-GALIL,38,Month-to-month,No,20.45,781.25,Mailed check,No,3.31,Low Risk
4393-RYCRE,44,One year,Fiber optic,106.05,4510.8,Electronic check,No,22.95,Low Risk
9746-MDMBK,47,One year,Fiber optic,113.45,5317.8,Bank transfer (automatic),No,14.19,Low Risk
3162-ZJZFU,53,Month-to-month,Fiber optic,92.55,4779.45,Electronic check,No,21.97,Low Risk
8404-GFGCZ,4,Month-to-month,DSL,65.6,250.1,Electronic check,No,51.84,Medium Risk
8875-AKBYH,20,Month-to-month,Fiber optic,84.35,1745.2,Electronic check,No,72.29,High Risk
4432-ADRLB,2,Month-to-month,DSL,44.65,74.9,Mailed check,Yes,34.48,Low Risk
0533-UCAAU,57,One year,DSL,71.1,4140.1,Credit card (automatic),No,7.5,Low Risk
1394-SUIUH,44,Month-to-month,Fiber optic,85.15,3670.5,Electronic check,No,21.1,Low Risk
3521-MNKLV,24,Month-to-month,DSL,49.7,1167.8,Mailed check,No,23.51,Low Risk
2533-TIBIX,15,Month-to-month,DSL,30.2,469.65,Bank transfer (automatic),No,27.14,Low Risk
8993-PHFWD,3,Month-to-month,DSL,25.25,58.9,Electronic check,Yes,53.67,Medium Risk
1565-RHDJD,4,Month-to-month,Fiber optic,84.05,333.55,Bank transfer (automatic),Yes,46.72,Medium Risk
7137-RYLPP,37,Month-to-month,Fiber optic,85.7,3171.15,Electronic check,Yes,60.3,Medium Risk
3765-JXVKY,1,Month-to-month,Fiber optic,74.7,74.7,Electronic check,Yes,66.39,Medium Risk
5092-STPKP,24,Month-to-month,DSL,56.35,1381.2,Credit card (automatic),No,8.17,Low Risk
7330-WZLNC,5,Month-to-month,Fiber optic,90.8,455.5,Electronic check,Yes,74.05,High Risk
0114-PEGZZ,33,Month-to-month,Fiber optic,107.55,3645.5,Electronic check,No,53.49,Medium Risk
3359-DSRKA,58,Two year,No,19.85,1158.85,Mailed check,No,0.5,Low Risk
8639-NHQEI,72,Two year,Fiber optic,95.9,6954.15,Bank transfer (automatic),No,3.83,Low Risk
7161-DFHUF,71,Two year,No,23.85,1672.1,Mailed check,No,0.34,Low Risk
3957-LXOLK,28,Month-to-month,Fiber optic,106.15,3152.5,Electronic check,Yes,69.51,Medium Risk
3720-DBRWL,51,Two year,DSL,83.85,4307.1,Credit card (automatic),No,2.21,Low Risk
6635-MYYYZ,30,One year,DSL,85.35,2530.4,Bank transfer (automatic),Yes,5.26,Low Risk
8565-WUXZU,72,Two year,Fiber optic,84.8,6141.65,Credit card (automatic),No,1.96,Low Risk
5281-BUZGT,36,Month-to-month,Fiber optic,90.85,3186.7,Electronic check,Yes,50.61,Medium Risk
4994-OBRSZ,14,Two year,DSL,76.1,1054.8,Bank transfer (automatic),No,2.9,Low Risk
0562-FGDCR,72,Two year,DSL,74.55,5430.65,Mailed check,No,0.65,Low Risk
2436-QBZFP,22,Month-to-month,DSL,39.2,849.9,Electronic check,No,31.4,Low Risk
3420-YJLQT,2,Month-to-month,Fiber optic,79.55,151.75,Electronic check,No,63.75,Medium Risk
6040-CGACY,15,Month-to-month,No,19.6,299.4,Mailed check,No,11.0,Low Risk
6582-PLFUU,51,Two year,No,19.55,1086.75,Credit card (automatic),No,0.45,Low Risk
8242-PDSGJ,70,Two year,DSL,39.15,2692.75,Credit card (automatic),No,0.78,Low Risk
0264-CNITK,71,Two year,No,20.1,1389.6,Bank transfer (automatic),No,0.18,Low Risk
0089-IIQKO,39,Month-to-month,Fiber optic,99.95,3767.4,Credit card (automatic),No,38.08,Low Risk
7839-NUIAA,61,Month-to-month,DSL,59.8,3641.5,Electronic check,No,4.48,Low Risk
6075-QMNRR,52,Month-to-month,DSL,49.75,2535.55,Bank transfer (automatic),No,5.88,Low Risk
5378-IKEEG,1,Month-to-month,DSL,35.75,35.75,Electronic check,Yes,69.53,Medium Risk
5966-EMAZU,64,One year,Fiber optic,108.5,6880.85,Mailed check,No,13.86,Low Risk
0440-EKDCF,62,Two year,DSL,60.15,3753.2,Credit card (automatic),No,1.08,Low Risk
4774-HHGGS,30,Two year,No,19.05,637.55,Mailed check,No,1.65,Low Risk
2718-GAXQD,4,Month-to-month,DSL,46.0,181.6,Electronic check,Yes,37.4,Low Risk
2055-BFOCC,63,One year,DSL,84.0,5329.55,Bank transfer (automatic),No,3.43,Low Risk
8180-AKMJV,1,Month-to-month,DSL,44.55,44.55,Credit card (automatic),No,41.39,Medium Risk
4298-OYIFC,15,Month-to-month,Fiber optic,103.45,1539.8,Electronic check,No,70.35,High Risk
5566-SOEZD,27,One year,Fiber optic,80.65,2209.75,Credit card (automatic),No,13.15,Low Risk
9842-EFSYY,4,Month-to-month,DSL,57.2,223.75,Mailed check,No,45.72,Medium Risk
2272-WUSPA,72,Two year,Fiber optic,110.75,7751.7,Electronic check,No,9.56,Low Risk
4584-LBNMK,45,One year,No,24.7,1174.35,Credit card (automatic),No,2.28,Low Risk
3898-GUYTS,45,Month-to-month,Fiber optic,97.05,4385.05,Electronic check,No,34.15,Low Risk
0930-EHUZA,36,One year,DSL,76.35,2606.35,Mailed check,No,4.86,Low Risk
6413-XKKPU,17,Month-to-month,Fiber optic,89.4,1539.45,Electronic check,Yes,49.13,Medium Risk
9975-SKRNR,1,Month-to-month,No,18.9,18.9,Mailed check,No,19.71,Low Risk
3703-KBKZP,16,Month-to-month,Fiber optic,74.45,1261.35,Bank transfer (automatic),No,60.94,Medium Risk
1449-XQEMT,3,Month-to-month,No,19.8,58.15,Mailed check,Yes,24.17,Low Risk
2626-URJFX,4,Month-to-month,DSL,50.9,225.6,Electronic check,Yes,50.81,Medium Risk
4973-MGTON,71,Two year,DSL,84.4,5969.3,Credit card (automatic),No,1.15,Low Risk
3682-YEUWS,10,Month-to-month,No,24.4,253.9,Mailed check,No,20.35,Low Risk
1223-UNPKS,20,Two year,No,20.05,400.0,Mailed check,No,2.04,Low Risk
2612-RRIDN,4,Month-to-month,Fiber optic,81.0,340.85,Electronic check,Yes,72.8,High Risk
4735-ASGMA,26,Month-to-month,Fiber optic,98.35,2515.3,Electronic check,Yes,70.85,High Risk
3446-QDSZF,4,Month-to-month,DSL,55.5,227.35,Credit card (automatic),No,34.75,Low Risk
3669-LVWZB,5,Month-to-month,DSL,51.0,305.95,Mailed check,Yes,60.61,Medium Risk
6892-EZDTG,4,Month-to-month,Fiber optic,91.65,365.4,Electronic check,Yes,74.69,High Risk
5117-IFGPS,29,Month-to-month,Fiber optic,84.3,2357.75,Electronic check,No,66.02,Medium Risk
7379-FNIUJ,2,Month-to-month,Fiber optic,100.2,198.5,Electronic check,No,57.75,Medium Risk
1627-AFWVJ,29,Two year,No,19.4,554.25,Mailed check,No,1.63,Low Risk
9725-SCPZG,1,Month-to-month,Fiber optic,90.85,90.85,Electronic check,Yes,74.64,High Risk
5884-GCYMI,1,Month-to-month,Fiber optic,69.4,69.4,Mailed check,Yes,55.1,Medium Risk
3217-FZDMN,8,Month-to-month,Fiber optic,94.45,742.95,Credit card (automatic),Yes,68.91,Medium Risk
4486-EFAEB,13,Month-to-month,No,20.4,251.65,Electronic check,No,21.22,Low Risk
0060-FUALY,59,Month-to-month,Fiber optic,94.75,5597.65,Electronic check,No,29.12,Low Risk
7853-GVUDZ,1,Month-to-month,No,20.15,20.15,Credit card (automatic),Yes,20.05,Low Risk
7480-QNVZJ,50,Month-to-month,Fiber optic,95.7,4816.7,Electronic check,Yes,58.4,Medium Risk
6954-OOYZZ,18,Month-to-month,DSL,44.35,768.05,Bank transfer (automatic),No,27.41,Low Risk
7088-FBAWU,17,Month-to-month,DSL,74.55,1215.8,Mailed check,No,17.81,Low Risk
8313-AFGBW,47,Two year,DSL,73.6,3522.65,Electronic check,No,5.1,Low Risk
3943-KDREE,26,Month-to-month,Fiber optic,74.95,1834.95,Bank transfer (automatic),Yes,47.29,Medium Risk
9239-ZBZZV,6,Month-to-month,DSL,47.95,305.1,Electronic check,Yes,70.42,High Risk
3097-IDVPU,19,Month-to-month,DSL,50.1,910.45,Credit card (automatic),No,20.71,Low Risk
4398-HSCJH,3,Month-to-month,DSL,63.6,155.65,Electronic check,Yes,53.39,Medium Risk
2197-OMWGI,68,Two year,DSL,53.0,3656.25,Electronic check,No,4.25,Low Risk
2303-PJYHN,2,Month-to-month,No,19.85,52.0,Bank transfer (automatic),No,17.62,Low Risk
9795-VOWON,7,One year,DSL,24.35,150.85,Credit card (automatic),No,32.28,Low Risk
1237-WIYYZ,18,Month-to-month,No,19.55,389.25,Mailed check,No,13.58,Low Risk
1987-AUELQ,71,Two year,No,25.05,1873.7,Credit card (automatic),No,0.32,Low Risk
7852-LECYP,13,Month-to-month,Fiber optic,93.8,1261.0,Credit card (automatic),No,46.17,Medium Risk
4430-UZIPO,3,Month-to-month,DSL,36.85,108.7,Mailed check,Yes,41.48,Medium Risk
4822-LPTYJ,72,Two year,Fiber optic,103.75,7346.2,Bank transfer (automatic),No,9.62,Low Risk
8165-CBKXO,66,Two year,DSL,56.75,3708.4,Credit card (automatic),No,2.64,Low Risk
6527-PZFPV,24,One year,No,20.8,469.65,Credit card (automatic),No,4.11,Low Risk
4855-SNKMY,1,Month-to-month,DSL,44.1,44.1,Electronic check,Yes,51.82,Medium Risk
9593-CVZKR,56,Two year,No,24.45,1385.85,Mailed check,No,0.79,Low Risk
8595-SIZNC,22,One year,No,25.6,548.8,Bank transfer (automatic),No,6.08,Low Risk
8008-HAWED,14,Month-to-month,DSL,50.75,712.75,Electronic check,Yes,62.73,Medium Risk
7124-UGSUR,61,One year,Fiber optic,104.4,6405.0,Credit card (automatic),Yes,23.85,Low Risk
1862-SKORY,40,Month-to-month,DSL,39.3,1637.4,Electronic check,Yes,31.42,Low Risk
5236-XMZJY,42,Month-to-month,DSL,59.65,2536.55,Bank transfer (automatic),No,5.47,Low Risk
4827-DPADN,72,Two year,DSL,83.3,6042.7,Bank transfer (automatic),No,1.48,Low Risk
2694-CIUMO,12,Month-to-month,Fiber optic,79.55,958.25,Credit card (automatic),No,50.15,Medium Risk
5846-ABOBJ,71,Two year,No,24.45,1730.65,Bank transfer (automatic),No,0.33,Low Risk
1439-LCGVL,26,One year,No,19.2,459.6,Mailed check,No,3.59,Low Risk
0909-SDHNU,7,Month-to-month,DSL,29.8,201.95,Mailed check,No,27.43,Low Risk
4647-XXZAM,6,Month-to-month,DSL,45.5,285.2,Mailed check,No,26.16,Low Risk
1502-XFCVR,58,One year,Fiber optic,106.45,6145.85,Electronic check,Yes,17.18,Low Risk
7740-KKCXF,51,Month-to-month,DSL,30.05,1529.45,Credit card (automatic),No,10.55,Low Risk
5360-XGYAZ,72,Two year,DSL,65.65,4664.5,Bank transfer (automatic),No,1.16,Low Risk
9692-TUSXH,18,Month-to-month,Fiber optic,96.05,1740.7,Electronic check,Yes,59.13,Medium Risk
7912-SYRQT,7,Month-to-month,Fiber optic,75.1,552.95,Bank transfer (automatic),Yes,63.64,Medium Risk
3557-HTYWR,47,Two year,DSL,74.05,3496.3,Mailed check,No,1.83,Low Risk
4816-JBHOV,2,Month-to-month,DSL,44.7,93.7,Electronic check,Yes,54.69,Medium Risk
8920-NAVAY,62,One year,Fiber optic,110.75,7053.35,Bank transfer (automatic),No,19.27,Low Risk
1699-TLDLZ,16,Two year,No,19.7,301.55,Mailed check,No,2.4,Low Risk
5600-PDUJF,6,Month-to-month,DSL,49.5,312.7,Credit card (automatic),No,29.04,Low Risk
8292-TYSPY,19,Month-to-month,DSL,55.0,1046.5,Credit card (automatic),Yes,19.22,Low Risk
0567-XRHCU,69,Two year,DSL,43.95,2960.1,Credit card (automatic),No,1.25,Low Risk
1867-BDVFH,11,Month-to-month,Fiber optic,74.35,834.2,Electronic check,Yes,65.46,Medium Risk
2067-QYTCF,64,Month-to-month,Fiber optic,111.15,6953.4,Electronic check,No,34.88,Low Risk
2359-QWQUL,39,One year,Fiber optic,104.7,4134.85,Credit card (automatic),Yes,16.43,Low Risk
9103-TCIHJ,15,Month-to-month,DSL,55.7,899.8,Mailed check,Yes,28.43,Low Risk
7407-SUJIZ,25,Month-to-month,No,20.6,541.5,Mailed check,No,7.29,Low Risk
9150-KPBJQ,6,Two year,No,19.65,116.85,Credit card (automatic),No,4.17,Low Risk
0052-DCKON,66,One year,Fiber optic,115.8,7942.15,Bank transfer (automatic),No,8.7,Low Risk
3654-ARMGP,61,Two year,DSL,88.65,5321.25,Credit card (automatic),No,2.06,Low Risk
9699-UBQFS,43,Month-to-month,Fiber optic,94.5,4156.8,Electronic check,No,43.53,Medium Risk
9367-TCUYN,12,Month-to-month,No,20.1,223.6,Mailed check,No,12.29,Low Risk
1261-FWTTE,23,Month-to-month,DSL,34.65,768.45,Bank transfer (automatic),No,41.97,Medium Risk
3528-HFRIQ,71,Month-to-month,DSL,52.3,3765.05,Bank transfer (automatic),No,11.82,Low Risk
0708-SJDIS,34,Month-to-month,DSL,65.0,2157.5,Mailed check,No,15.59,Low Risk
4140-WJAWW,5,Month-to-month,No,19.85,108.05,Credit card (automatic),Yes,15.05,Low Risk
2073-QBVBI,41,One year,DSL,35.45,1391.65,Mailed check,No,4.58,Low Risk
6928-ONTRW,72,Two year,No,19.7,1379.8,Credit card (automatic),No,0.16,Low Risk
3320-VEOYC,14,Month-to-month,Fiber optic,95.6,1273.3,Electronic check,No,79.42,High Risk
5231-FIQPA,41,Two year,No,19.85,810.45,Mailed check,No,1.35,Low Risk
6617-WLBQC,23,One year,Fiber optic,81.85,1810.85,Credit card (automatic),No,15.07,Low Risk
2599-CIPQE,71,Two year,Fiber optic,109.3,7782.85,Credit card (automatic),No,2.17,Low Risk
6653-CBBOM,1,Month-to-month,Fiber optic,70.3,70.3,Electronic check,Yes,70.0,High Risk
8774-GSBUN,72,Two year,No,25.4,1797.1,Mailed check,No,0.33,Low Risk
7326-RIGQZ,6,Month-to-month,Fiber optic,69.8,377.85,Electronic check,No,62.09,Medium Risk
1401-FTHFQ,23,One year,No,20.0,445.3,Credit card (automatic),No,4.36,Low Risk
3247-ZVOUO,10,Month-to-month,Fiber optic,85.55,851.75,Electronic check,Yes,70.81,High Risk
0254-FNMCI,72,Two year,Fiber optic,109.9,7624.2,Electronic check,No,5.01,Low Risk
1848-LBZHY,7,Month-to-month,DSL,50.3,355.1,Bank transfer (automatic),No,27.42,Low Risk
6101-IMRMM,6,Month-to-month,Fiber optic,94.5,575.45,Mailed check,Yes,56.04,Medium Risk
8118-TJAFG,9,Month-to-month,Fiber optic,101.5,906.85,Electronic check,No,57.8,Medium Risk
5429-LWCMV,12,Month-to-month,Fiber optic,89.15,1057.55,Electronic check,No,70.38,High Risk
7298-IZWLY,1,Month-to-month,No,19.4,19.4,Mailed check,No,25.65,Low Risk
9758-MFWGD,48,One year,DSL,29.9,1388.75,Bank transfer (automatic),No,4.06,Low Risk
3955-JBZZM,20,Month-to-month,Fiber optic,78.8,1641.3,Electronic check,No,53.56,Medium Risk
1268-ASBGA,16,Month-to-month,Fiber optic,85.35,1375.15,Credit card (automatic),Yes,65.57,Medium Risk
8943-URTMR,2,Month-to-month,Fiber optic,79.65,152.7,Mailed check,Yes,67.64,Medium Risk
4815-TUMEQ,10,One year,No,19.3,185.2,Mailed check,No,10.09,Low Risk
4713-LZDRV,2,Month-to-month,Fiber optic,79.6,195.05,Electronic check,Yes,76.92,High Risk
9909-IDLEK,20,Month-to-month,Fiber optic,96.8,1826.7,Mailed check,No,34.21,Low Risk
4092-OFQZS,20,One year,No,20.65,417.5,Mailed check,No,4.74,Low Risk
1561-BWHIN,19,One year,No,19.8,344.5,Mailed check,No,4.02,Low Risk
4325-NFSKC,19,Month-to-month,Fiber optic,90.6,1660.0,Electronic check,Yes,63.18,Medium Risk
9927-DSWDF,22,Month-to-month,Fiber optic,104.6,2180.55,Electronic check,No,44.6,Medium Risk
9500-LTVBP,35,Month-to-month,Fiber optic,80.05,2835.9,Credit card (automatic),No,24.77,Low Risk
7252-NTGSS,1,Month-to-month,DSL,45.15,45.15,Mailed check,No,34.77,Low Risk
8149-AIQCG,39,Month-to-month,Fiber optic,73.15,2730.85,Credit card (automatic),No,36.96,Low Risk
1360-JYXKQ,54,One year,Fiber optic,99.1,5437.1,Electronic check,No,25.08,Low Risk
2955-PSXOE,1,Month-to-month,No,20.2,20.2,Bank transfer (automatic),Yes,23.98,Low Risk
7762-URZQH,66,Two year,Fiber optic,106.05,6981.35,Credit card (automatic),Yes,8.8,Low Risk
0899-WZRSD,56,Month-to-month,Fiber optic,105.35,5794.45,Mailed check,No,27.16,Low Risk
3255-GRXMG,18,Month-to-month,DSL,45.65,747.2,Credit card (automatic),No,21.84,Low Risk
4828-FAZPK,16,Month-to-month,Fiber optic,79.95,1267.95,Credit card (automatic),No,46.51,Medium Risk
6094-ZIVKX,68,One year,DSL,54.45,3674.95,Credit card (automatic),No,1.65,Low Risk
6925-BAYGL,53,Two year,No,25.1,1275.6,Credit card (automatic),No,0.79,Low Risk
3262-EIDHV,72,Two year,DSL,84.7,5893.9,Credit card (automatic),No,0.94,Low Risk
7354-OIJLX,9,Month-to-month,Fiber optic,75.85,724.65,Electronic check,No,70.86,High Risk
1376-HHBDV,30,Month-to-month,DSL,48.8,1536.75,Mailed check,No,14.31,Low Risk
6907-NZZIJ,36,Month-to-month,Fiber optic,99.15,3615.6,Electronic check,Yes,61.25,Medium Risk
6133-OZILE,18,Month-to-month,DSL,35.2,607.3,Electronic check,No,36.95,Low Risk
4135-FRWKJ,55,One year,DSL,76.25,4154.55,Electronic check,No,3.79,Low Risk
2911-UREFD,39,Month-to-month,DSL,55.9,2184.35,Electronic check,Yes,22.89,Low Risk
3744-ZRRDZ,21,Month-to-month,Fiber optic,82.35,1852.85,Electronic check,Yes,58.2,Medium Risk
5673-TIYIB,2,Month-to-month,DSL,40.4,77.15,Credit card (automatic),Yes,39.79,Low Risk
6551-ZCOTS,33,One year,No,24.9,847.8,Bank transfer (automatic),No,5.51,Low Risk
7191-ADRGF,44,Two year,DSL,54.3,2390.45,Bank transfer (automatic),No,5.38,Low Risk
5018-LXQQG,30,Month-to-month,DSL,66.3,1923.5,Bank transfer (automatic),No,7.23,Low Risk
6892-BOGQE,71,Two year,No,20.9,1493.2,Bank transfer (automatic),No,0.32,Low Risk
1602-IJQQE,4,Month-to-month,Fiber optic,75.35,338.1,Electronic check,Yes,66.15,Medium Risk
4628-WQCQQ,35,One year,Fiber optic,85.15,3030.6,Electronic check,Yes,28.52,Low Risk
1746-TGTWV,1,Month-to-month,Fiber optic,75.35,75.35,Credit card (automatic),No,51.65,Medium Risk
5995-SNNEW,23,Month-to-month,Fiber optic,104.45,2184.85,Electronic check,No,71.66,High Risk
8050-WYBND,22,One year,DSL,49.45,1031.4,Credit card (automatic),No,24.08,Low Risk
2821-WARNZ,49,One year,No,19.45,921.3,Credit card (automatic),No,0.89,Low Risk
4879-GZLFH,42,Month-to-month,Fiber optic,92.15,3875.4,Electronic check,No,47.57,Medium Risk
1644-IRKSF,33,One year,Fiber optic,93.8,3124.5,Electronic check,Yes,36.6,Low Risk
8314-HTWVE,7,Two year,No,19.85,144.15,Mailed check,No,3.61,Low Risk
9402-ROUMJ,67,One year,Fiber optic,100.25,6689.0,Bank transfer (automatic),No,6.93,Low Risk
2507-QZPQS,15,Month-to-month,Fiber optic,95.7,1451.1,Electronic check,No,51.2,Medium Risk
7159-NOKYQ,67,Two year,Fiber optic,93.15,6368.2,Electronic check,No,11.53,Low Risk
5707-ZMDJP,53,Two year,DSL,69.7,3729.6,Mailed check,No,1.28,Low Risk
8779-YIQQA,21,One year,No,19.8,350.1,Mailed check,No,3.65,Low Risk
7136-IHZJA,40,Month-to-month,DSL,71.35,2847.2,Mailed check,No,7.04,Low Risk
8966-OIQHG,22,One year,No,20.75,452.35,Bank transfer (automatic),No,3.18,Low Risk
7074-STDCN,39,Month-to-month,DSL,40.6,1494.5,Electronic check,No,24.47,Low Risk
3705-PSNGL,45,One year,No,20.4,930.45,Electronic check,Yes,2.95,Low Risk
8739-QOTTN,2,Month-to-month,No,20.35,41.85,Mailed check,No,18.54,Low Risk
1399-OUPJN,57,Two year,No,19.75,1272.05,Bank transfer (automatic),No,0.35,Low Risk
0277-BKSQP,8,Month-to-month,DSL,54.4,475.1,Electronic check,No,46.23,Medium Risk
6502-HCJTI,7,Month-to-month,Fiber optic,94.7,673.1,Credit card (automatic),Yes,59.13,Medium Risk
2606-RMDHZ,6,Month-to-month,DSL,30.5,208.7,Credit card (automatic),Yes,45.65,Medium Risk
5774-XZTQC,7,Month-to-month,No,20.45,150.75,Mailed check,No,12.62,Low Risk
2676-SSLTO,49,Two year,DSL,66.15,3199.0,Bank transfer (automatic),No,3.65,Low Risk
6266-QHOJZ,65,One year,Fiber optic,89.85,5844.65,Electronic check,No,7.88,Low Risk
7269-JISCY,55,One year,DSL,45.05,2462.6,Bank transfer (automatic),No,2.66,Low Risk
0363-SVHYR,71,Two year,DSL,86.85,6263.8,Bank transfer (automatic),No,1.0,Low Risk
8547-NSBBO,35,Month-to-month,Fiber optic,96.75,3403.4,Mailed check,No,23.87,Low Risk
8258-GSTJK,3,Month-to-month,Fiber optic,77.0,237.75,Electronic check,Yes,76.91,High Risk
6861-OKBCE,11,Month-to-month,No,20.1,221.35,Credit card (automatic),Yes,9.63,Low Risk
9940-RHLFB,1,Month-to-month,Fiber optic,75.3,75.3,Electronic check,Yes,60.75,Medium Risk
6591-QGOYB,17,Month-to-month,Fiber optic,106.65,1672.1,Bank transfer (automatic),No,37.78,Low Risk
9070-BCKQP,72,Two year,Fiber optic,110.15,7881.2,Credit card (automatic),No,5.66,Low Risk
6421-SZVEM,28,One year,Fiber optic,82.85,2320.8,Bank transfer (automatic),No,18.97,Low Risk
1328-EUZHC,18,Two year,No,20.1,370.5,Mailed check,No,2.72,Low Risk
2995-UPRYS,40,One year,Fiber optic,99.2,4062.2,Credit card (automatic),Yes,22.18,Low Risk
8878-RYUKI,52,Month-to-month,DSL,59.45,3043.7,Electronic check,No,16.0,Low Risk
9633-DENPU,47,Month-to-month,DSL,58.6,2723.4,Bank transfer (automatic),No,12.29,Low Risk
7811-JIVPF,23,Month-to-month,DSL,49.7,1081.25,Credit card (automatic),No,16.18,Low Risk
7113-HIPFI,66,Two year,DSL,65.85,4097.05,Mailed check,No,0.38,Low Risk
8541-QVFKM,8,Month-to-month,Fiber optic,73.5,632.2,Electronic check,No,71.96,High Risk
6686-YPGHK,47,Month-to-month,Fiber optic,85.5,4042.3,Mailed check,Yes,21.46,Low Risk
1383-EZRWL,7,Month-to-month,No,20.05,164.85,Mailed check,Yes,15.16,Low Risk
9258-CNWAC,71,Two year,Fiber optic,113.65,8166.8,Credit card (automatic),No,3.11,Low Risk
5371-VYLSX,50,Month-to-month,Fiber optic,83.4,4113.7,Electronic check,No,30.02,Low Risk
6374-AFWOX,46,Two year,DSL,65.65,3047.15,Mailed check,No,1.02,Low Risk
4759-TRPLW,1,Month-to-month,Fiber optic,70.4,70.4,Electronic check,Yes,62.14,Medium Risk
5317-FLPJF,66,Two year,DSL,61.35,4193.4,Bank transfer (automatic),No,1.98,Low Risk
7621-VPNET,42,Month-to-month,Fiber optic,85.9,3729.75,Credit card (automatic),No,28.43,Low Risk
6034-YMTOB,5,Month-to-month,Fiber optic,75.65,399.45,Mailed check,No,50.69,Medium Risk
8563-IIOXK,7,One year,DSL,49.75,331.3,Electronic check,Yes,18.41,Low Risk
4903-CNOZC,29,One year,DSL,70.9,1964.6,Credit card (automatic),No,10.68,Low Risk
4353-HYOJD,27,Month-to-month,DSL,49.85,1336.15,Mailed check,No,11.59,Low Risk
8020-BWHYL,15,Month-to-month,Fiber optic,75.3,1147.45,Credit card (automatic),Yes,48.43,Medium Risk
7267-FRMJW,25,Two year,No,20.1,486.05,Mailed check,No,1.58,Low Risk
2982-VPSGI,11,Month-to-month,Fiber optic,94.0,1078.9,Electronic check,Yes,79.31,High Risk
4188-FRABG,57,Month-to-month,Fiber optic,103.05,5925.75,Electronic check,No,25.53,Low Risk
8199-ZLLSA,67,One year,Fiber optic,118.35,7804.15,Bank transfer (automatic),Yes,10.6,Low Risk
4128-ETESU,47,Month-to-month,Fiber optic,99.7,4747.2,Electronic check,No,52.07,Medium Risk
0620-DLSLK,13,Month-to-month,Fiber optic,81.9,1028.9,Mailed check,No,58.33,Medium Risk
4625-EWPTF,8,Month-to-month,DSL,30.45,226.45,Electronic check,Yes,47.37,Medium Risk
5980-NOPLP,44,Month-to-month,Fiber optic,96.1,4364.1,Electronic check,Yes,59.53,Medium Risk
3850-OKINF,71,One year,DSL,66.2,4692.55,Electronic check,No,3.69,Low Risk
6892-XPFPU,24,Month-to-month,Fiber optic,104.25,2433.9,Electronic check,Yes,71.89,High Risk
8010-EZLOU,15,Month-to-month,Fiber optic,80.2,1217.25,Electronic check,Yes,66.27,Medium Risk
1156-ZFYDO,1,Month-to-month,No,19.75,19.75,Electronic check,No,24.36,Low Risk
3295-YVUSR,2,Month-to-month,Fiber optic,72.6,154.3,Mailed check,No,73.33,High Risk
8016-NCFVO,55,Month-to-month,Fiber optic,116.5,6382.55,Electronic check,No,35.8,Low Risk
4119-ZYPZY,71,Two year,Fiber optic,106.8,7623.2,Electronic check,No,11.8,Low Risk
5549-ZGHFB,50,Two year,No,24.95,1261.45,Mailed check,No,0.73,Low Risk
7577-SWIFR,1,Month-to-month,Fiber optic,89.25,89.25,Electronic check,No,79.14,High Risk
0303-WMMRN,5,Month-to-month,No,19.25,86.05,Mailed check,No,22.64,Low Risk
6408-OTUBZ,66,One year,Fiber optic,104.55,6779.05,Bank transfer (automatic),No,7.66,Low Risk
5204-HMGYF,49,One year,DSL,87.2,4345.0,Mailed check,No,3.81,Low Risk
1078-TDCRN,3,Month-to-month,DSL,30.75,82.85,Electronic check,No,62.25,Medium Risk
3727-OVPRY,66,One year,No,25.7,1714.55,Credit card (automatic),No,0.88,Low Risk
3797-FKOGQ,11,Month-to-month,Fiber optic,86.2,893.2,Electronic check,No,60.94,Medium Risk
7622-NXQZR,28,Month-to-month,DSL,30.1,810.85,Credit card (automatic),No,20.63,Low Risk
6196-HBOBZ,65,Two year,Fiber optic,99.35,6347.55,Electronic check,No,8.39,Low Risk
3970-XGJDU,62,Two year,No,19.2,1123.65,Credit card (automatic),No,0.46,Low Risk
7017-VFULY,2,Month-to-month,No,20.1,43.15,Bank transfer (automatic),No,17.52,Low Risk
5562-YJQGT,2,Month-to-month,No,20.35,35.1,Credit card (automatic),No,16.74,Low Risk
8807-OPMBM,55,Two year,No,25.65,1388.0,Credit card (automatic),No,0.73,Low Risk
5439-WIKXB,41,Month-to-month,Fiber optic,94.55,3851.45,Electronic check,No,53.75,Medium Risk
9874-QLCLH,17,Month-to-month,Fiber optic,104.2,1743.5,Electronic check,Yes,62.28,Medium Risk
8294-UIMBA,30,One year,Fiber optic,94.4,2638.1,Bank transfer (automatic),No,26.12,Low Risk
8109-YUOHE,17,One year,DSL,56.1,946.95,Mailed check,No,7.3,Low Risk
5840-NVDCG,16,Two year,DSL,68.25,1114.85,Bank transfer (automatic),No,2.92,Low Risk
8092-NLTGF,72,Two year,No,24.75,1777.6,Bank transfer (automatic),No,0.3,Low Risk
5928-QLDHB,9,Month-to-month,Fiber optic,76.25,684.85,Electronic check,No,70.5,High Risk
9840-EFJQB,1,Month-to-month,Fiber optic,74.35,74.35,Electronic check,No,57.82,Medium Risk
0696-UKTOX,23,Month-to-month,DSL,54.15,1312.45,Electronic check,No,13.2,Low Risk
4801-KFYKL,8,Month-to-month,No,19.45,159.2,Bank transfer (automatic),No,11.53,Low Risk
3472-OAOOR,19,Month-to-month,DSL,34.95,610.2,Mailed check,No,22.1,Low Risk
6135-OZQVA,7,Month-to-month,DSL,53.65,404.35,Electronic check,No,43.05,Medium Risk
8062-YBDOE,1,Month-to-month,Fiber optic,69.65,69.65,Electronic check,Yes,73.62,High Risk
2252-JHJGE,61,One year,Fiber optic,104.0,6363.45,Electronic check,No,18.07,Low Risk
4188-PCPIG,57,Two year,DSL,70.35,4124.65,Credit card (automatic),No,1.25,Low Risk
6000-APYLU,9,Month-to-month,Fiber optic,80.8,713.1,Electronic check,Yes,69.44,Medium Risk
7105-BENQF,15,One year,DSL,64.85,950.75,Mailed check,No,9.31,Low Risk
7721-DVEKZ,1,Month-to-month,No,19.65,19.65,Mailed check,No,19.14,Low Risk
3566-VVORZ,12,Month-to-month,DSL,45.9,505.95,Bank transfer (automatic),No,24.01,Low Risk
9507-HSMMZ,54,Two year,No,20.0,1149.65,Mailed check,No,0.53,Low Risk
2480-SQIOB,4,Month-to-month,DSL,44.8,169.65,Electronic check,No,35.04,Low Risk
0947-IDHRQ,7,Month-to-month,Fiber optic,80.3,526.7,Mailed check,Yes,63.57,Medium Risk
7813-TKCVO,20,One year,No,20.35,393.15,Mailed check,No,4.64,Low Risk
0128-MKWSG,26,Month-to-month,DSL,45.8,1147.0,Mailed check,No,13.03,Low Risk
3672-YITQD,36,Month-to-month,Fiber optic,84.1,3021.6,Electronic check,Yes,61.45,Medium Risk
4350-ZTLPI,53,One year,Fiber optic,108.95,5718.2,Bank transfer (automatic),No,19.84,Low Risk
9048-JVYVF,3,Month-to-month,DSL,69.35,191.35,Electronic check,Yes,52.13,Medium Risk
0361-HJRDX,68,Two year,DSL,64.35,4539.6,Credit card (automatic),No,1.14,Low Risk
5727-MYATE,72,Two year,DSL,90.8,6397.6,Credit card (automatic),No,1.28,Low Risk
3823-KYNQY,12,One year,No,24.95,280.4,Credit card (automatic),No,7.97,Low Risk
8988-ECPJR,34,Month-to-month,Fiber optic,79.6,2718.3,Mailed check,Yes,38.55,Low Risk
7570-WELNY,68,Two year,Fiber optic,84.7,5711.05,Bank transfer (automatic),No,3.61,Low Risk
3021-VLNRJ,50,One year,DSL,70.8,3478.15,Credit card (automatic),No,2.61,Low Risk
3776-EKTKM,1,Month-to-month,DSL,36.45,36.45,Electronic check,Yes,72.23,High Risk
2080-CAZNM,41,Month-to-month,Fiber optic,104.4,4133.95,Electronic check,No,60.44,Medium Risk
1028-FFNJK,30,Month-to-month,Fiber optic,101.5,2917.65,Electronic check,No,63.3,Medium Risk
6907-FLBER,1,Month-to-month,DSL,54.3,54.3,Electronic check,No,45.7,Medium Risk
3001-UNBTL,29,Month-to-month,Fiber optic,103.95,2964.8,Electronic check,No,66.21,Medium Risk
5982-PSMKW,23,Two year,DSL,91.1,2198.3,Credit card (automatic),No,5.44,Low Risk
3507-GASNP,60,Two year,No,19.95,1189.9,Mailed check,No,0.32,Low Risk
7096-ZNBZI,72,Two year,No,26.45,1914.5,Credit card (automatic),No,0.3,Low Risk
1902-XBTFB,22,Month-to-month,Fiber optic,89.4,2001.5,Electronic check,Yes,51.09,Medium Risk
1676-MQAOA,72,Two year,DSL,75.1,5336.35,Bank transfer (automatic),No,0.77,Low Risk
0786-IVLAW,66,One year,Fiber optic,108.1,7238.6,Bank transfer (automatic),No,16.01,Low Risk
7566-DSRLQ,72,Two year,Fiber optic,110.15,7998.8,Electronic check,No,10.64,Low Risk
0643-OKLRP,47,Month-to-month,Fiber optic,80.35,3825.85,Electronic check,Yes,27.47,Low Risk
7245-JMTTQ,51,One year,Fiber optic,111.5,5703.25,Electronic check,No,27.21,Low Risk
6050-IJRHS,70,One year,Fiber optic,106.5,7397.0,Electronic check,No,20.03,Low Risk
6202-JVYEU,9,One year,No,19.9,164.6,Electronic check,No,13.93,Low Risk
8591-TKMZH,59,Two year,Fiber optic,111.1,6555.2,Mailed check,No,6.2,Low Risk
0734-OXWBT,3,Month-to-month,DSL,70.7,225.65,Mailed check,No,30.21,Low Risk
4282-ACRXS,38,Month-to-month,DSL,24.85,955.75,Electronic check,No,29.58,Low Risk
0365-TRTPY,37,Month-to-month,Fiber optic,91.2,3382.3,Bank transfer (automatic),No,20.61,Low Risk
7349-ALMUX,37,Two year,DSL,65.6,2313.8,Bank transfer (automatic),No,1.24,Low Risk
9381-NDKME,24,Month-to-month,DSL,40.65,933.3,Credit card (automatic),Yes,39.52,Low Risk
6502-KUGLL,14,Month-to-month,DSL,59.45,780.85,Bank transfer (automatic),No,8.59,Low Risk
1841-YSJGV,72,Two year,Fiber optic,109.95,7852.4,Credit card (automatic),No,5.05,Low Risk
2794-XIMMO,53,One year,DSL,60.45,3184.25,Electronic check,Yes,10.65,Low Risk
8382-SHQEH,8,Month-to-month,Fiber optic,84.9,764.95,Electronic check,Yes,76.61,High Risk
3511-BFTJW,72,Two year,DSL,38.5,2763.0,Credit card (automatic),No,0.49,Low Risk
7668-XCFYV,17,Month-to-month,Fiber optic,92.55,1614.7,Electronic check,No,79.17,High Risk
2983-ZANRP,2,Month-to-month,Fiber optic,73.55,145.4,Bank transfer (automatic),Yes,52.06,Medium Risk
7845-URHJN,8,Month-to-month,No,20.15,156.25,Bank transfer (automatic),Yes,13.81,Low Risk
3034-ZBEQN,48,One year,DSL,34.7,1604.5,Mailed check,Yes,4.77,Low Risk
5018-HEKFO,10,Month-to-month,No,24.5,270.15,Mailed check,No,23.47,Low Risk
2923-ARZLG,0,One year,No,19.7,0.0,Mailed check,No,12.93,Low Risk
3976-NLDEZ,1,Month-to-month,No,20.6,20.6,Mailed check,No,19.19,Low Risk
2282-YGNOR,29,One year,DSL,58.0,1734.5,Credit card (automatic),No,3.66,Low Risk
5336-UFNZP,65,One year,Fiber optic,107.45,7047.5,Electronic check,No,25.26,Low Risk
6854-EXGSF,8,Month-to-month,DSL,65.5,573.15,Bank transfer (automatic),No,28.27,Low Risk
1241-EZFMJ,61,Two year,No,25.45,1538.6,Bank transfer (automatic),No,0.51,Low Risk
9233-PSYHO,45,One year,Fiber optic,100.15,4459.8,Bank transfer (automatic),No,34.81,Low Risk
5376-PCKNB,72,One year,Fiber optic,104.45,7459.0,Credit card (automatic),No,13.91,Low Risk
8044-BGWPI,12,Month-to-month,No,21.15,306.05,Electronic check,No,18.78,Low Risk
4060-LDNLU,7,Month-to-month,Fiber optic,96.2,639.7,Electronic check,No,73.71,High Risk
3589-PPVKW,9,Month-to-month,DSL,44.4,348.15,Mailed check,No,36.38,Low Risk
8327-LZKAS,43,One year,Fiber optic,107.55,4533.9,Electronic check,Yes,37.15,Low Risk
5887-IKKYO,58,Two year,Fiber optic,94.35,5563.65,Bank transfer (automatic),No,4.91,Low Risk
1075-BGWOH,16,Month-to-month,Fiber optic,98.75,1587.55,Electronic check,Yes,79.23,High Risk
1755-RMCXH,2,Month-to-month,No,20.3,40.25,Mailed check,No,15.7,Low Risk
0302-JOIVN,8,Month-to-month,Fiber optic,101.15,842.9,Electronic check,Yes,62.77,Medium Risk
3858-XHYJO,40,One year,Fiber optic,105.75,4228.55,Bank transfer (automatic),No,20.44,Low Risk
4299-SIMNS,9,Month-to-month,Fiber optic,81.15,784.45,Electronic check,No,61.58,Medium Risk
7025-IWFHT,41,One year,Fiber optic,89.55,3729.75,Electronic check,No,20.71,Low Risk
6261-LHRTG,26,Month-to-month,DSL,54.75,1406.9,Credit card (automatic),No,17.8,Low Risk
7841-FCRQD,33,One year,DSL,53.75,1857.3,Credit card (automatic),No,5.83,Low Risk
2056-EVGZL,68,One year,Fiber optic,105.75,7322.5,Credit card (automatic),No,6.25,Low Risk
8777-MBMTS,65,Two year,Fiber optic,105.85,6725.5,Credit card (automatic),No,6.68,Low Risk
7753-USQYQ,55,One year,DSL,64.2,3627.3,Electronic check,No,5.38,Low Risk
5366-IJEQJ,20,Month-to-month,Fiber optic,88.7,1761.45,Electronic check,Yes,68.8,Medium Risk
7661-CPURM,19,One year,Fiber optic,87.7,1725.95,Credit card (automatic),No,27.26,Low Risk
6233-HXJMX,45,Month-to-month,Fiber optic,89.3,4192.15,Credit card (automatic),No,41.06,Medium Risk
5902-WBLSE,70,Two year,No,20.15,1411.2,Credit card (automatic),No,0.26,Low Risk
1981-INRFU,2,Month-to-month,Fiber optic,79.75,164.5,Electronic check,Yes,74.04,High Risk
4971-PUYQO,27,Month-to-month,Fiber optic,94.55,2724.6,Mailed check,Yes,63.89,Medium Risk
3239-TPHPZ,12,Two year,No,20.05,264.55,Electronic check,No,6.84,Low Risk
5115-GZDEL,72,Two year,DSL,67.2,4671.7,Credit card (automatic),No,0.75,Low Risk
3338-CVVEH,12,Month-to-month,Fiber optic,94.55,1173.55,Electronic check,No,71.77,High Risk
8485-GJCDN,5,Month-to-month,Fiber optic,69.05,318.5,Mailed check,Yes,63.65,Medium Risk
2615-YVMYX,71,Month-to-month,Fiber optic,107.5,7713.55,Electronic check,No,35.08,Low Risk
2851-STERV,35,One year,DSL,73.0,2471.25,Electronic check,No,16.96,Low Risk
4393-GEADV,70,Two year,Fiber optic,114.75,7842.3,Credit card (automatic),No,3.03,Low Risk
8486-AYEQH,31,Month-to-month,Fiber optic,76.05,2227.8,Electronic check,No,52.26,Medium Risk
1527-SXDPN,52,Two year,Fiber optic,96.25,4990.25,Bank transfer (automatic),Yes,7.89,Low Risk
6029-WTIPC,37,Month-to-month,Fiber optic,101.1,3744.05,Electronic check,Yes,66.92,Medium Risk
8634-CILSZ,69,One year,Fiber optic,104.7,7220.35,Bank transfer (automatic),Yes,13.76,Low Risk
5419-JKZNQ,30,Month-to-month,Fiber optic,77.9,2351.45,Mailed check,No,41.08,Medium Risk
2495-KZNFB,33,Month-to-month,Fiber optic,90.65,2989.6,Electronic check,No,49.25,Medium Risk
1409-PHXTF,54,Two year,Fiber optic,110.45,6077.75,Electronic check,No,18.27,Low Risk
4560-WQAQW,59,One year,DSL,68.7,4070.95,Bank transfer (automatic),No,2.42,Low Risk
9591-YVTEB,55,Month-to-month,DSL,44.85,2479.05,Electronic check,No,14.37,Low Risk
9309-BZGNT,69,One year,DSL,29.8,2134.3,Credit card (automatic),No,3.45,Low Risk
4274-DRSQT,66,One year,Fiber optic,88.9,6000.1,Bank transfer (automatic),No,13.95,Low Risk
2027-DNKIV,37,One year,DSL,58.75,2203.1,Mailed check,No,3.59,Low Risk
8075-GXIUB,9,One year,No,19.85,183.15,Credit card (automatic),No,8.05,Low Risk
2885-HIJDH,69,Two year,DSL,86.9,6194.1,Bank transfer (automatic),No,1.18,Low Risk
5424-RLQLC,10,Month-to-month,DSL,59.65,638.95,Mailed check,No,37.58,Low Risk
6682-QJDGB,40,Month-to-month,DSL,55.25,2139.2,Mailed check,Yes,7.12,Low Risk
6507-DTJZV,13,Month-to-month,DSL,66.4,831.75,Credit card (automatic),No,27.95,Low Risk
8780-IXSTS,6,Month-to-month,Fiber optic,90.1,521.3,Electronic check,Yes,73.63,High Risk
7673-BQGKU,69,Two year,No,20.15,1337.5,Bank transfer (automatic),No,0.19,Low Risk
6723-WSNTY,66,One year,Fiber optic,108.1,7181.95,Credit card (automatic),No,17.02,Low Risk
9530-EHPOH,11,Month-to-month,DSL,53.75,608.0,Electronic check,Yes,40.05,Medium Risk
2725-IWWBA,46,One year,DSL,56.9,2560.1,Mailed check,No,1.8,Low Risk
0345-HKJVM,6,Month-to-month,Fiber optic,89.3,577.6,Electronic check,Yes,68.94,Medium Risk
1061-PNTHC,56,Month-to-month,Fiber optic,109.6,5953.0,Mailed check,No,23.18,Low Risk
0394-YONDK,70,Two year,No,25.15,1790.15,Credit card (automatic),No,0.27,Low Risk
6574-MCOEH,33,One year,DSL,79.15,2531.4,Electronic check,No,17.12,Low Risk
7399-QHBJS,72,Two year,DSL,66.75,4760.3,Credit card (automatic),No,0.39,Low Risk
3049-SOLAY,3,Month-to-month,Fiber optic,95.2,292.85,Electronic check,Yes,82.41,High Risk
0997-YTLNY,19,Month-to-month,DSL,48.8,953.65,Mailed check,No,12.92,Low Risk
3317-HRTNN,5,Month-to-month,DSL,45.7,198.0,Electronic check,Yes,65.75,Medium Risk
9479-HYNYL,71,Two year,DSL,80.7,5705.05,Credit card (automatic),No,1.6,Low Risk
3235-ETOOB,8,Month-to-month,Fiber optic,74.5,609.9,Electronic check,Yes,56.18,Medium Risk
9708-KFDBY,1,Month-to-month,No,20.55,20.55,Credit card (automatic),No,17.67,Low Risk
8058-INTPH,1,Month-to-month,Fiber optic,79.65,79.65,Electronic check,Yes,74.68,High Risk
3642-GKTCT,61,One year,Fiber optic,115.1,6993.65,Mailed check,No,13.01,Low Risk
0774-RMNUW,71,Two year,DSL,59.7,4122.65,Bank transfer (automatic),No,0.77,Low Risk
1334-PDUKM,68,One year,Fiber optic,86.45,5762.95,Credit card (automatic),No,6.5,Low Risk
0756-MPZRL,46,One year,DSL,33.7,1537.85,Credit card (automatic),No,3.97,Low Risk
2242-MFOTG,33,One year,Fiber optic,80.1,2603.3,Bank transfer (automatic),No,14.58,Low Risk
2927-CVULT,53,Two year,Fiber optic,104.05,5566.4,Bank transfer (automatic),No,4.94,Low Risk
2144-BFDSO,50,Month-to-month,Fiber optic,108.75,5431.9,Bank transfer (automatic),No,29.33,Low Risk
8745-PVESG,57,One year,DSL,41.1,2258.25,Credit card (automatic),No,2.41,Low Risk
7647-GYYKX,54,Two year,No,20.35,1092.35,Bank transfer (automatic),No,0.56,Low Risk
5647-FXOTP,60,Month-to-month,Fiber optic,105.9,6401.25,Electronic check,No,49.39,Medium Risk
5569-OUICF,28,Month-to-month,Fiber optic,101.3,2812.2,Credit card (automatic),Yes,54.8,Medium Risk
8821-XNHVZ,1,Month-to-month,Fiber optic,80.05,80.05,Mailed check,Yes,63.68,Medium Risk
2082-OJVTK,29,Month-to-month,Fiber optic,89.2,2698.35,Electronic check,Yes,58.41,Medium Risk
9700-ISPUP,10,Month-to-month,DSL,65.5,616.9,Electronic check,No,30.62,Low Risk
9839-ETQOE,43,Month-to-month,DSL,40.45,1912.85,Electronic check,No,12.55,Low Risk
6078-VESFR,13,Month-to-month,Fiber optic,70.45,849.1,Bank transfer (automatic),No,46.11,Medium Risk
9027-TMATR,43,Two year,DSL,78.8,3460.3,Electronic check,No,4.71,Low Risk
5940-NFXKV,19,Month-to-month,Fiber optic,83.65,1465.75,Electronic check,Yes,64.84,Medium Risk
1941-HOSAM,1,Month-to-month,Fiber optic,90.1,90.1,Electronic check,No,75.3,High Risk
9110-HSGTV,69,Two year,DSL,82.45,5555.3,Credit card (automatic),No,1.27,Low Risk
0704-VCUMB,61,Two year,No,20.25,1278.8,Credit card (automatic),No,0.34,Low Risk
6171-ZTVYB,43,Month-to-month,DSL,66.25,2907.35,Bank transfer (automatic),No,5.45,Low Risk
8053-WWDRO,6,Month-to-month,No,19.5,146.3,Bank transfer (automatic),Yes,15.21,Low Risk
9564-KCLHR,1,Month-to-month,DSL,51.25,51.25,Mailed check,Yes,26.83,Low Risk
1935-IMVBB,56,Month-to-month,Fiber optic,89.7,4952.95,Mailed check,No,26.73,Low Risk
2535-PBCGC,70,Two year,DSL,64.55,4504.9,Bank transfer (automatic),No,1.07,Low Risk
2082-CEFLT,1,Month-to-month,DSL,45.6,45.6,Electronic check,Yes,51.64,Medium Risk
1470-PSXNM,49,One year,Fiber optic,93.65,4520.15,Electronic check,No,24.44,Low Risk
1213-NGCUN,6,Month-to-month,DSL,49.65,267.35,Bank transfer (automatic),Yes,28.89,Low Risk
2498-XLDZR,32,Two year,DSL,73.6,2316.85,Mailed check,No,1.78,Low Risk
9866-OCCKE,72,Two year,Fiber optic,109.75,8075.35,Mailed check,No,7.5,Low Risk
5338-YHWYT,37,Two year,DSL,61.45,2302.35,Credit card (automatic),No,0.99,Low Risk
7718-UPSKJ,69,One year,Fiber optic,106.4,7251.9,Credit card (automatic),No,6.9,Low Risk
8731-WBBMB,26,Month-to-month,DSL,81.9,2078.55,Bank transfer (automatic),No,15.78,Low Risk
1448-CYWKC,58,One year,Fiber optic,105.2,6225.4,Credit card (automatic),No,19.27,Low Risk
7901-IIDQV,24,One year,DSL,54.6,1242.25,Bank transfer (automatic),No,8.63,Low Risk
2690-DVRVK,5,One year,No,20.55,99.45,Electronic check,No,9.81,Low Risk
5688-KZTSN,15,Month-to-month,No,20.0,288.05,Electronic check,Yes,16.8,Low Risk
1270-XKUCC,30,Two year,No,19.7,599.25,Mailed check,No,1.27,Low Risk
0334-ZFJSR,55,One year,DSL,66.05,3462.1,Credit card (automatic),No,2.38,Low Risk
2894-QOJRX,25,Month-to-month,DSL,34.0,853.0,Bank transfer (automatic),Yes,36.8,Low Risk
5747-PMBSQ,10,Month-to-month,Fiber optic,92.5,934.1,Mailed check,Yes,53.64,Medium Risk
5583-EJXRD,44,Two year,DSL,54.05,2375.2,Credit card (automatic),No,2.27,Low Risk
4565-EVZMJ,47,One year,DSL,58.9,2813.05,Mailed check,No,2.61,Low Risk
3143-JQEGI,13,Month-to-month,Fiber optic,88.35,1222.8,Electronic check,Yes,60.05,Medium Risk
6386-SZZKH,49,Two year,Fiber optic,107.95,5293.2,Bank transfer (automatic),Yes,10.43,Low Risk
3327-YBAKM,64,One year,Fiber optic,96.9,6314.35,Mailed check,No,10.0,Low Risk
9441-QHEVC,1,Month-to-month,No,19.1,19.1,Mailed check,No,19.65,Low Risk
6705-LNMDD,20,Month-to-month,DSL,50.0,1003.05,Mailed check,No,15.09,Low Risk
2580-ASVVY,37,Two year,DSL,45.4,1593.1,Electronic check,No,4.08,Low Risk
3370-GQEAL,30,Month-to-month,Fiber optic,85.45,2509.95,Electronic check,No,47.17,Medium Risk
5032-USPKF,38,One year,DSL,84.1,3187.65,Bank transfer (automatic),No,7.87,Low Risk
2982-IHMFT,1,Month-to-month,Fiber optic,74.45,74.45,Mailed check,Yes,72.82,High Risk
3521-SYVOR,37,Month-to-month,DSL,64.75,2345.2,Electronic check,Yes,30.96,Low Risk
4254-QPEDE,52,Two year,DSL,66.25,3330.1,Credit card (automatic),No,1.9,Low Risk
6283-GITPX,71,Two year,DSL,76.9,5522.7,Credit card (automatic),No,0.64,Low Risk
9526-JAWYF,26,Month-to-month,Fiber optic,89.8,2335.3,Electronic check,Yes,44.03,Medium Risk
0771-CHWSK,66,Two year,DSL,74.6,4798.4,Credit card (automatic),No,1.74,Low Risk
9788-HNGUT,72,Two year,Fiber optic,116.95,8594.4,Credit card (automatic),No,5.53,Low Risk
9495-REDIY,25,One year,DSL,40.65,970.55,Credit card (automatic),No,12.75,Low Risk
5375-XLDOF,69,Two year,Fiber optic,114.35,7665.8,Bank transfer (automatic),No,4.54,Low Risk
1172-VIYBP,53,Two year,DSL,69.7,3686.05,Bank transfer (automatic),No,1.57,Low Risk
5649-VUKMC,12,One year,Fiber optic,95.5,1115.15,Mailed check,Yes,38.7,Low Risk
6559-PDZLR,26,Month-to-month,Fiber optic,98.65,2537.0,Electronic check,No,55.62,Medium Risk
8992-OBVDG,21,Month-to-month,DSL,61.65,1393.6,Mailed check,No,23.81,Low Risk
4273-MBHYA,1,Month-to-month,Fiber optic,89.35,89.35,Electronic check,No,74.78,High Risk
4724-WXVWF,48,Month-to-month,Fiber optic,95.4,4445.3,Electronic check,No,30.91,Low Risk
5701-GUXDC,26,One year,DSL,35.4,978.6,Credit card (automatic),No,8.49,Low Risk
1460-UZPRJ,60,Two year,No,19.95,1258.15,Mailed check,No,0.41,Low Risk
6082-GLJIX,18,Month-to-month,No,19.25,331.35,Mailed check,No,9.9,Low Risk
5143-EGQFK,10,Month-to-month,DSL,29.65,291.4,Electronic check,Yes,49.9,Medium Risk
4919-IKATY,5,Month-to-month,Fiber optic,84.5,453.75,Electronic check,Yes,59.61,Medium Risk
2495-TTHBQ,4,One year,No,20.4,84.75,Mailed check,No,10.45,Low Risk
0485-ZBSLN,65,Two year,No,24.75,1715.1,Credit card (automatic),No,0.34,Low Risk
3810-PJUHR,70,Two year,No,25.35,1715.15,Mailed check,No,0.29,Low Risk
9050-QLROH,18,Month-to-month,Fiber optic,90.7,1597.25,Credit card (automatic),Yes,59.97,Medium Risk
0847-HGRML,62,Two year,No,20.0,1250.1,Bank transfer (automatic),No,0.27,Low Risk
8232-CTLKO,66,Two year,DSL,59.75,3996.8,Electronic check,No,1.62,Low Risk
9227-YBAXE,65,Two year,DSL,82.5,5215.1,Bank transfer (automatic),No,1.54,Low Risk
6168-WFVVF,3,Month-to-month,Fiber optic,70.3,235.5,Electronic check,Yes,71.68,High Risk
9860-LISIZ,34,Month-to-month,No,20.35,673.2,Mailed check,No,4.79,Low Risk
0112-QAWRZ,16,Month-to-month,Fiber optic,90.8,1442.2,Bank transfer (automatic),No,57.28,Medium Risk
0877-SDMBN,54,One year,Fiber optic,103.95,5639.05,Bank transfer (automatic),Yes,20.48,Low Risk
2786-GCDPI,50,Month-to-month,Fiber optic,104.95,5222.35,Electronic check,No,50.31,Medium Risk
4043-MKDTV,71,Two year,Fiber optic,105.25,7291.75,Electronic check,No,7.52,Low Risk
8065-YKXKD,10,Month-to-month,Fiber optic,74.75,799.65,Electronic check,Yes,70.16,High Risk
9637-EIHEQ,1,Month-to-month,DSL,50.8,50.8,Electronic check,Yes,41.72,Medium Risk
9229-RQABD,18,One year,No,23.75,424.5,Mailed check,No,6.95,Low Risk
8313-KTIHG,4,Month-to-month,DSL,61.3,249.4,Electronic check,No,44.76,Medium Risk
5320-BRKGK,58,Two year,DSL,75.8,4415.75,Mailed check,No,1.18,Low Risk
6284-KMNUF,56,One year,Fiber optic,98.0,5270.6,Electronic check,No,25.29,Low Risk
9689-PTNPG,2,Month-to-month,Fiber optic,80.25,144.55,Electronic check,Yes,74.18,High Risk
9465-RWMXL,32,Month-to-month,Fiber optic,78.9,2447.95,Electronic check,Yes,53.38,Medium Risk
6229-UOLQL,56,One year,DSL,52.0,2884.9,Mailed check,No,2.88,Low Risk
2362-IBOOY,36,Month-to-month,Fiber optic,84.75,3050.15,Electronic check,Yes,57.33,Medium Risk
3137-LUPIX,4,Month-to-month,DSL,64.4,253.0,Mailed check,No,44.57,Medium Risk
0843-WTBXE,53,Month-to-month,Fiber optic,85.45,4517.25,Bank transfer (automatic),Yes,26.89,Low Risk
6143-JQKEA,10,Month-to-month,DSL,45.8,436.2,Credit card (automatic),No,32.76,Low Risk
8676-OOQEJ,4,Month-to-month,DSL,30.5,118.4,Electronic check,No,43.8,Medium Risk
5515-IDEJJ,1,Month-to-month,No,19.9,19.9,Mailed check,Yes,16.44,Low Risk
9701-CDXHR,51,Month-to-month,Fiber optic,69.15,3649.6,Mailed check,No,18.11,Low Risk
7450-NWRTR,12,Month-to-month,Fiber optic,99.45,1200.15,Electronic check,Yes,80.51,High Risk
8124-NZVGJ,6,One year,DSL,49.25,255.6,Mailed check,No,37.3,Low Risk
2162-FRZAA,63,Two year,DSL,39.35,2395.05,Bank transfer (automatic),No,0.76,Low Risk
5376-DEQCP,1,Month-to-month,Fiber optic,70.6,70.6,Electronic check,Yes,69.88,Medium Risk
5118-MUEYH,48,Month-to-month,Fiber optic,105.1,5083.55,Credit card (automatic),No,35.5,Low Risk
9095-HFAFX,5,Month-to-month,Fiber optic,81.0,389.6,Credit card (automatic),Yes,62.5,Medium Risk
5627-TVBPP,35,One year,No,20.1,644.5,Credit card (automatic),No,2.41,Low Risk
2379-ENZGV,6,Month-to-month,Fiber optic,84.85,523.5,Electronic check,Yes,68.31,Medium Risk
3936-QQFLL,2,Month-to-month,No,19.75,39.3,Mailed check,No,18.73,Low Risk
2589-AYCRP,50,One year,No,19.75,989.05,Bank transfer (automatic),No,1.1,Low Risk
4067-HLYQI,33,Month-to-month,Fiber optic,70.4,2406.1,Bank transfer (automatic),No,34.82,Low Risk
5124-EOGYE,31,Two year,No,20.45,638.55,Mailed check,No,1.5,Low Risk
5057-RKGLH,9,Two year,No,20.35,191.1,Mailed check,No,3.28,Low Risk
0292-WEGCH,54,Month-to-month,DSL,86.2,4524.05,Electronic check,No,15.45,Low Risk
8910-ICHIU,46,One year,Fiber optic,95.65,4664.2,Credit card (automatic),No,12.75,Low Risk
4097-YODCF,34,One year,Fiber optic,103.8,3470.8,Electronic check,No,31.07,Low Risk
9715-WZCLW,71,Two year,Fiber optic,97.2,6910.3,Electronic check,No,9.06,Low Risk
9786-YWNHU,63,Two year,DSL,63.55,4014.2,Mailed check,No,0.44,Low Risk
6407-GSJNL,51,Two year,No,24.95,1288.0,Bank transfer (automatic),No,0.77,Low Risk
6005-OBZPH,26,Month-to-month,Fiber optic,89.15,2277.65,Electronic check,Yes,64.1,Medium Risk
4049-ZPALD,64,Two year,Fiber optic,99.0,6375.8,Bank transfer (automatic),No,6.8,Low Risk
7932-WPTDS,1,Month-to-month,DSL,24.8,24.8,Electronic check,Yes,68.72,Medium Risk
3733-UOCWF,61,One year,Fiber optic,85.55,5251.75,Bank transfer (automatic),No,10.15,Low Risk
6833-JMZYP,15,Month-to-month,Fiber optic,94.0,1505.45,Credit card (automatic),No,61.8,Medium Risk
2722-VOJQL,64,One year,Fiber optic,105.65,6903.1,Credit card (automatic),Yes,15.43,Low Risk
1310-QRITU,18,Month-to-month,DSL,50.3,913.3,Electronic check,No,41.81,Medium Risk
8961-QDZZJ,57,One year,Fiber optic,95.0,5535.8,Electronic check,No,20.2,Low Risk
9715-SBVSU,14,Two year,DSL,61.4,815.55,Bank transfer (automatic),No,6.5,Low Risk
8490-BXHEO,18,Month-to-month,Fiber optic,80.55,1411.65,Credit card (automatic),No,53.7,Medium Risk
7173-TETGO,72,Two year,Fiber optic,78.5,5602.25,Bank transfer (automatic),No,2.82,Low Risk
7929-SKFGK,70,Two year,Fiber optic,114.3,8244.3,Credit card (automatic),No,4.15,Low Risk
2300-RQGOI,38,Two year,No,20.05,741.5,Mailed check,No,1.06,Low Risk
3563-SVYLG,68,Two year,DSL,62.65,4375.8,Credit card (automatic),No,0.35,Low Risk
5228-EXCET,13,Month-to-month,Fiber optic,80.85,1008.7,Electronic check,Yes,66.48,Medium Risk
6435-VWCCY,65,Two year,Fiber optic,92.7,5968.4,Credit card (automatic),No,6.45,Low Risk
4998-IKFSE,30,Month-to-month,Fiber optic,100.45,3096.9,Electronic check,No,59.51,Medium Risk
8630-QSGXK,51,Two year,DSL,75.2,3901.25,Bank transfer (automatic),No,4.96,Low Risk
2455-USLMV,31,Month-to-month,Fiber optic,84.75,2613.4,Credit card (automatic),No,33.84,Low Risk
7394-FKDNK,9,Month-to-month,Fiber optic,89.45,853.1,Electronic check,Yes,67.4,Medium Risk
9488-FVZCC,72,Two year,DSL,79.5,5661.7,Bank transfer (automatic),No,0.89,Low Risk
6331-LWDTQ,10,Month-to-month,DSL,72.15,794.25,Credit card (automatic),Yes,51.58,Medium Risk
5995-WWKKG,37,One year,No,19.8,695.05,Electronic check,No,4.11,Low Risk
1597-FZREH,2,Month-to-month,DSL,76.4,160.8,Electronic check,Yes,41.48,Medium Risk
7879-CGSFV,55,One year,Fiber optic,100.9,5552.05,Mailed check,No,14.23,Low Risk
9921-EZKBY,33,Month-to-month,Fiber optic,95.3,3275.15,Bank transfer (automatic),No,35.88,Low Risk
7432-FFVAR,46,One year,Fiber optic,90.95,4236.6,Bank transfer (automatic),No,8.74,Low Risk
7246-ZGQDF,1,Month-to-month,DSL,54.5,54.5,Electronic check,No,20.96,Low Risk
7000-WCEVQ,20,Month-to-month,DSL,61.6,1174.35,Mailed check,Yes,41.53,Medium Risk
0727-IWKVK,9,Month-to-month,Fiber optic,79.9,741.7,Electronic check,Yes,60.5,Medium Risk
5959-BELXA,32,Month-to-month,Fiber optic,96.15,3019.25,Credit card (automatic),Yes,60.27,Medium Risk
4456-RHSNB,19,Month-to-month,DSL,49.6,962.9,Bank transfer (automatic),No,21.96,Low Risk
3512-IZIKN,70,Two year,DSL,65.3,4759.75,Credit card (automatic),Yes,0.64,Low Risk
2481-SBOYW,61,Two year,No,25.0,1498.35,Credit card (automatic),No,0.55,Low Risk
7109-MFBYV,26,Month-to-month,DSL,45.45,1233.15,Electronic check,No,21.36,Low Risk
1833-TCXKK,45,Month-to-month,Fiber optic,107.75,4882.8,Bank transfer (automatic),No,46.08,Medium Risk
1832-PEUTS,62,Two year,Fiber optic,89.1,5411.65,Credit card (automatic),No,7.72,Low Risk
6141-OOXUQ,1,Month-to-month,No,19.65,19.65,Mailed check,Yes,19.48,Low Risk
8660-BUETV,3,Month-to-month,DSL,44.75,148.05,Mailed check,No,33.19,Low Risk
0580-PIQHM,41,One year,Fiber optic,101.6,3930.55,Bank transfer (automatic),No,14.86,Low Risk
5696-CEIQJ,67,Two year,Fiber optic,103.15,6895.5,Bank transfer (automatic),No,3.44,Low Risk
7503-ZGUZJ,1,Month-to-month,Fiber optic,84.65,84.65,Mailed check,Yes,74.65,High Risk
1696-HXOWK,71,One year,Fiber optic,95.65,6856.95,Mailed check,No,6.84,Low Risk
3026-ATZYV,37,One year,DSL,75.1,2658.8,Bank transfer (automatic),No,4.73,Low Risk
4012-YCFAI,60,Two year,DSL,61.35,3766.2,Mailed check,No,0.88,Low Risk
2506-TNFCO,1,Month-to-month,Fiber optic,69.55,69.55,Electronic check,Yes,73.63,High Risk
9970-QBCDA,6,Month-to-month,No,19.7,129.55,Credit card (automatic),No,14.5,Low Risk
8718-PTMEZ,13,Month-to-month,DSL,31.05,347.25,Electronic check,Yes,46.99,Medium Risk
9496-IVVRP,11,Month-to-month,DSL,51.0,581.7,Bank transfer (automatic),No,15.02,Low Risk
2207-OBZNX,7,Month-to-month,DSL,51.0,354.05,Mailed check,Yes,28.66,Low Risk
2657-VPXTA,10,Month-to-month,Fiber optic,88.85,929.45,Electronic check,No,70.14,High Risk
6551-VLJMV,34,Two year,No,20.05,679.0,Credit card (automatic),No,1.21,Low Risk
1221-GHZEP,62,Two year,DSL,65.1,3846.75,Mailed check,No,1.18,Low Risk
9289-LBQVU,64,One year,DSL,70.15,4480.7,Mailed check,No,4.11,Low Risk
6142-VSJQO,1,Month-to-month,DSL,44.35,44.35,Bank transfer (automatic),Yes,37.33,Low Risk
3458-IDMFK,25,Two year,No,20.75,499.4,Mailed check,No,2.81,Low Risk
6933-FHBZC,26,One year,DSL,56.05,1553.2,Mailed check,No,10.69,Low Risk
0221-NAUXK,10,One year,No,19.95,219.5,Bank transfer (automatic),No,7.82,Low Risk
9770-KXGQU,53,One year,Fiber optic,98.6,5311.85,Mailed check,No,11.18,Low Risk
6437-UKHMV,7,Month-to-month,Fiber optic,79.7,586.05,Electronic check,Yes,70.94,High Risk
6538-POCHL,33,Month-to-month,Fiber optic,79.0,2576.8,Credit card (automatic),No,31.32,Low Risk
6726-NNFWD,71,Two year,Fiber optic,89.45,6435.25,Credit card (automatic),No,3.92,Low Risk
3002-WQZWT,29,Month-to-month,Fiber optic,74.2,1993.25,Electronic check,No,54.34,Medium Risk
4277-UDIEF,24,Month-to-month,DSL,81.0,1923.85,Bank transfer (automatic),No,15.29,Low Risk
1208-NBVFH,20,Month-to-month,DSL,49.6,939.8,Electronic check,No,28.52,Low Risk
4912-PIGUY,1,Month-to-month,Fiber optic,84.6,84.6,Electronic check,No,79.73,High Risk
1114-CENIM,54,Month-to-month,DSL,55.0,3092.65,Credit card (automatic),Yes,7.97,Low Risk
6060-DRTNL,5,Month-to-month,Fiber optic,84.85,415.55,Mailed check,Yes,67.85,Medium Risk
2725-TTRIQ,72,Two year,DSL,84.2,5986.55,Bank transfer (automatic),No,1.44,Low Risk
3374-TTZTK,52,Two year,Fiber optic,106.3,5487.0,Electronic check,No,9.04,Low Risk
8990-ZXLSU,9,Month-to-month,Fiber optic,69.05,651.5,Electronic check,No,55.66,Medium Risk
2275-RBYQS,1,Month-to-month,DSL,45.4,45.4,Mailed check,No,43.48,Medium Risk
8473-VUVJN,1,Month-to-month,Fiber optic,73.65,73.65,Electronic check,Yes,79.13,High Risk
6289-CPNLD,33,One year,DSL,73.9,2405.05,Mailed check,Yes,10.19,Low Risk
5536-SLHPM,55,Month-to-month,Fiber optic,77.75,4458.15,Electronic check,Yes,36.17,Low Risk
4419-UJMUS,69,Two year,Fiber optic,99.35,6856.45,Electronic check,No,9.9,Low Risk
7794-JASDG,1,Month-to-month,DSL,50.75,50.75,Mailed check,No,33.82,Low Risk
7609-YBPXG,54,Two year,DSL,87.1,4735.2,Bank transfer (automatic),No,2.18,Low Risk
5519-TEEUH,33,One year,No,20.15,682.15,Mailed check,No,3.03,Low Risk
7856-GANIL,45,One year,Fiber optic,98.7,4525.8,Bank transfer (automatic),No,21.14,Low Risk
0804-XBFBV,11,Month-to-month,DSL,25.2,321.05,Electronic check,No,39.6,Low Risk
2676-OXPPQ,6,Month-to-month,DSL,55.7,335.65,Bank transfer (automatic),No,24.73,Low Risk
3703-TTEPD,21,Month-to-month,DSL,65.35,1424.4,Bank transfer (automatic),No,16.37,Low Risk
2799-TSLAG,65,Two year,No,25.3,1748.55,Bank transfer (automatic),No,0.5,Low Risk
0196-VULGZ,6,Month-to-month,Fiber optic,84.35,474.9,Electronic check,Yes,79.83,High Risk
8837-VVWLQ,8,Month-to-month,Fiber optic,84.95,668.4,Electronic check,Yes,51.46,Medium Risk
2696-NARTR,11,Month-to-month,Fiber optic,73.85,926.25,Electronic check,Yes,55.27,Medium Risk
2208-NKVVH,43,Two year,No,24.25,1077.95,Mailed check,No,1.01,Low Risk
7614-QVWQL,49,One year,DSL,51.8,2541.25,Bank transfer (automatic),Yes,9.19,Low Risk
1976-CFOCS,1,Month-to-month,DSL,46.0,46.0,Electronic check,Yes,45.74,Medium Risk
4631-OACRM,15,Month-to-month,Fiber optic,79.4,1156.1,Electronic check,Yes,68.79,Medium Risk
7139-JZFVG,60,Two year,DSL,60.5,3694.45,Bank transfer (automatic),No,0.63,Low Risk
4987-GQWPO,17,Month-to-month,DSL,25.1,382.8,Credit card (automatic),No,29.3,Low Risk
3755-JBMNH,16,Month-to-month,Fiber optic,71.8,1167.8,Bank transfer (automatic),Yes,52.77,Medium Risk
1757-TCATG,35,One year,No,20.05,746.75,Bank transfer (automatic),No,1.84,Low Risk
6345-ULYRW,44,One year,Fiber optic,88.4,3912.9,Mailed check,Yes,21.67,Low Risk
4776-XSKYQ,12,One year,DSL,30.25,368.85,Credit card (automatic),No,12.63,Low Risk
8048-DSDFQ,1,Month-to-month,No,20.2,20.2,Mailed check,No,19.31,Low Risk
5753-QQWPW,28,One year,DSL,59.9,1654.7,Electronic check,No,6.72,Low Risk
6010-DDPPW,70,Two year,No,25.15,1940.85,Bank transfer (automatic),No,0.36,Low Risk
1809-DMJHQ,5,Month-to-month,DSL,46.0,221.7,Mailed check,Yes,26.28,Low Risk
6693-FRIRW,18,Month-to-month,Fiber optic,101.3,1794.65,Credit card (automatic),No,45.53,Medium Risk
6586-MYGKD,70,Two year,DSL,76.95,5289.8,Credit card (automatic),No,1.82,Low Risk
3173-NVMPX,9,Month-to-month,DSL,55.3,501.2,Mailed check,No,34.11,Low Risk
0248-PGHBZ,67,Two year,Fiber optic,92.45,6140.85,Bank transfer (automatic),No,3.21,Low Risk
0623-GDISB,1,Month-to-month,DSL,48.45,48.45,Bank transfer (automatic),No,32.69,Low Risk
2892-GESUL,18,Two year,No,19.35,309.25,Mailed check,No,2.19,Low Risk
6923-EFPNL,4,Month-to-month,DSL,51.75,201.1,Credit card (automatic),Yes,36.07,Low Risk
7472-EQOAV,71,One year,Fiber optic,86.7,6179.35,Bank transfer (automatic),No,4.34,Low Risk
9574-RKJIF,30,Month-to-month,Fiber optic,94.4,2838.7,Electronic check,Yes,43.82,Medium Risk
2043-WVTQJ,1,Month-to-month,DSL,55.7,55.7,Mailed check,No,25.72,Low Risk
8034-RYTVV,55,One year,Fiber optic,84.25,4589.85,Credit card (automatic),No,10.64,Low Risk
3863-QSTYI,59,Month-to-month,DSL,64.65,3735.45,Electronic check,No,9.86,Low Risk
2619-WFQWU,1,Month-to-month,Fiber optic,70.15,70.15,Mailed check,Yes,63.19,Medium Risk
5044-LRQAQ,7,Month-to-month,Fiber optic,69.2,477.55,Bank transfer (automatic),No,57.3,Medium Risk
1716-LSAMB,45,Two year,DSL,54.65,2553.7,Bank transfer (automatic),No,0.9,Low Risk
1333-PBMXB,54,One year,No,24.75,1342.15,Bank transfer (automatic),No,1.53,Low Risk
6546-OPBBH,51,One year,No,23.95,1216.35,Mailed check,No,1.92,Low Risk
5985-BEHZK,72,One year,Fiber optic,105.0,7578.05,Credit card (automatic),No,13.8,Low Risk
9127-QRZMH,44,One year,DSL,59.85,2603.95,Bank transfer (automatic),No,2.75,Low Risk
5919-VCZYM,2,Month-to-month,No,20.05,42.7,Mailed check,No,18.65,Low Risk
9644-KVCNC,66,One year,Fiber optic,92.15,6056.9,Bank transfer (automatic),No,15.06,Low Risk
2137-DQMEV,68,One year,DSL,44.8,2983.65,Mailed check,No,1.69,Low Risk
8174-LNWMW,31,Two year,No,20.9,689.35,Credit card (automatic),No,1.33,Low Risk
9279-CJEOJ,21,Month-to-month,Fiber optic,95.4,2025.1,Bank transfer (automatic),No,68.29,Medium Risk
7964-VEXDG,21,Month-to-month,Fiber optic,80.35,1747.2,Electronic check,No,37.88,Low Risk
2404-JIBFC,55,Two year,DSL,85.1,4657.95,Bank transfer (automatic),No,2.44,Low Risk
0778-NELLA,9,Month-to-month,DSL,34.7,296.1,Credit card (automatic),Yes,52.67,Medium Risk
8029-XYPWT,71,Two year,Fiber optic,115.05,8016.6,Bank transfer (automatic),No,6.22,Low Risk
4614-NUVZD,1,Month-to-month,Fiber optic,81.1,81.1,Electronic check,Yes,74.16,High Risk
4632-PAOYU,22,One year,No,19.95,433.5,Mailed check,No,3.53,Low Risk
3803-KMQFW,1,Month-to-month,No,20.55,20.55,Mailed check,Yes,15.97,Low Risk
6804-GDMOI,61,Two year,Fiber optic,106.6,6428.4,Electronic check,Yes,14.14,Low Risk
2990-OGYTD,67,Two year,DSL,86.15,5883.85,Bank transfer (automatic),No,1.91,Low Risk
6646-JPPHA,14,Month-to-month,Fiber optic,78.85,1043.8,Electronic check,No,40.31,Medium Risk
9572-MTILT,59,Month-to-month,Fiber optic,106.75,6252.9,Electronic check,Yes,23.71,Low Risk
7658-UYUQS,21,Month-to-month,Fiber optic,86.55,1857.25,Bank transfer (automatic),No,45.75,Medium Risk
7880-XSOJX,4,Month-to-month,DSL,42.4,146.4,Mailed check,No,23.25,Low Risk
9611-CTWIH,3,Month-to-month,Fiber optic,89.45,240.45,Electronic check,Yes,77.57,High Risk
4589-IUAJB,70,Two year,No,24.25,1724.15,Bank transfer (automatic),No,0.34,Low Risk
0329-GTIAJ,3,Month-to-month,Fiber optic,97.9,315.3,Electronic check,Yes,67.56,Medium Risk
8746-BFOAJ,21,One year,No,20.5,429.55,Bank transfer (automatic),No,4.76,Low Risk
8457-XIGKN,20,Month-to-month,No,19.6,356.15,Credit card (automatic),No,11.49,Low Risk
6072-NUQCB,22,One year,No,20.25,488.25,Bank transfer (automatic),No,3.31,Low Risk
6629-CZTTH,1,Month-to-month,DSL,55.7,55.7,Mailed check,Yes,49.4,Medium Risk
8838-GPHZP,63,Two year,No,20.6,1298.7,Mailed check,No,0.49,Low Risk
8750-QWZAJ,70,Two year,No,19.8,1378.75,Bank transfer (automatic),No,0.18,Low Risk
5364-EVNIB,13,Month-to-month,Fiber optic,79.8,973.45,Electronic check,Yes,56.41,Medium Risk
6918-UMQCG,5,Month-to-month,Fiber optic,80.2,384.25,Electronic check,No,63.78,Medium Risk
0675-NCDYU,72,Two year,Fiber optic,116.4,8543.25,Credit card (automatic),No,4.38,Low Risk
6339-DKLMK,13,Month-to-month,DSL,31.65,389.95,Electronic check,No,46.95,Medium Risk
1346-PJWTK,61,Month-to-month,Fiber optic,94.15,5731.85,Credit card (automatic),No,12.07,Low Risk
5088-QZLRL,1,Month-to-month,No,20.65,20.65,Electronic check,No,24.44,Low Risk
8023-QHAIO,56,Month-to-month,Fiber optic,76.85,4275.75,Bank transfer (automatic),No,22.8,Low Risk
4397-FRLTA,4,Month-to-month,No,20.15,84.5,Mailed check,No,16.95,Low Risk
3057-VJJQE,35,Two year,DSL,55.25,1924.1,Mailed check,No,3.21,Low Risk
5087-SUURX,18,Month-to-month,DSL,39.05,669.85,Electronic check,Yes,52.94,Medium Risk
2302-OUZXB,72,Two year,DSL,82.15,5784.3,Bank transfer (automatic),No,2.11,Low Risk
8133-ANHHJ,49,One year,Fiber optic,103.0,5166.2,Bank transfer (automatic),No,10.02,Low Risk
2270-CHBFN,44,Month-to-month,Fiber optic,95.1,4060.55,Credit card (automatic),No,17.7,Low Risk
0013-EXCHZ,3,Month-to-month,Fiber optic,83.9,267.4,Mailed check,Yes,62.65,Medium Risk
5982-FPVQN,37,Month-to-month,Fiber optic,95.15,3532.85,Electronic check,No,47.67,Medium Risk
9107-UKCKY,61,One year,DSL,79.8,4914.8,Electronic check,No,11.69,Low Risk
4654-ULTTN,70,Two year,DSL,74.8,5315.8,Credit card (automatic),No,1.34,Low Risk
5550-VFRLC,1,Month-to-month,Fiber optic,69.85,69.85,Electronic check,Yes,73.12,High Risk
5546-BYZSM,41,Month-to-month,No,20.45,775.6,Electronic check,No,4.67,Low Risk
1492-KGETH,70,One year,DSL,78.35,5445.95,Bank transfer (automatic),No,1.3,Low Risk
4929-BSTRX,1,Month-to-month,DSL,53.55,53.55,Mailed check,Yes,49.88,Medium Risk
4163-HFTUK,51,One year,No,19.1,1007.8,Electronic check,No,1.58,Low Risk
8215-NGSPE,42,Two year,No,20.0,833.55,Mailed check,No,0.73,Low Risk
2225-ZRGSG,70,Two year,Fiber optic,93.9,6579.05,Bank transfer (automatic),Yes,1.51,Low Risk
8859-YSTWS,48,One year,No,19.95,1004.5,Bank transfer (automatic),No,1.24,Low Risk
5271-YNWVR,68,Two year,Fiber optic,113.15,7856.0,Electronic check,Yes,7.29,Low Risk
7601-DHFWZ,48,Two year,No,24.0,1183.05,Credit card (automatic),No,0.87,Low Risk
2657-ALMWY,26,Month-to-month,Fiber optic,84.95,2169.75,Electronic check,Yes,47.55,Medium Risk
6330-JKLPC,11,Month-to-month,Fiber optic,80.5,896.9,Bank transfer (automatic),Yes,57.21,Medium Risk
4667-OHGKG,1,Month-to-month,No,19.3,19.3,Mailed check,Yes,26.1,Low Risk
1998-VHJHK,27,One year,No,19.15,501.35,Mailed check,No,3.38,Low Risk
1707-HABPF,46,One year,Fiber optic,91.3,4126.35,Bank transfer (automatic),No,18.77,Low Risk
1660-HSOOQ,1,Month-to-month,DSL,49.65,49.65,Mailed check,Yes,43.43,Medium Risk
7253-UVNDW,46,Two year,DSL,54.35,2460.15,Credit card (automatic),Yes,1.44,Low Risk
0487-VVUVK,25,Month-to-month,No,19.15,477.6,Mailed check,No,8.62,Low Risk
7228-OMTPN,4,Month-to-month,Fiber optic,88.45,370.65,Electronic check,Yes,77.93,High Risk
5063-IUOKK,13,Two year,No,19.75,265.75,Mailed check,No,3.43,Low Risk
4508-OEBEY,31,One year,DSL,75.5,2424.45,Credit card (automatic),No,5.71,Low Risk
0027-KWYKW,23,Month-to-month,Fiber optic,83.75,1849.95,Electronic check,No,61.61,Medium Risk
2308-STERM,2,Month-to-month,No,19.4,61.05,Mailed check,No,18.58,Low Risk
5982-XMDEX,65,Two year,No,26.5,1698.55,Bank transfer (automatic),No,0.4,Low Risk
6284-AHOOQ,22,Month-to-month,Fiber optic,90.5,1910.6,Bank transfer (automatic),Yes,52.82,Medium Risk
6051-PTVNS,55,One year,No,19.15,998.1,Credit card (automatic),No,0.69,Low Risk
2344-JMOGN,9,Month-to-month,Fiber optic,94.85,890.6,Mailed check,Yes,49.9,Medium Risk
3799-ISUZQ,7,Month-to-month,Fiber optic,69.95,529.5,Bank transfer (automatic),Yes,52.27,Medium Risk
2877-VDUER,35,One year,DSL,40.9,1383.6,Mailed check,No,7.15,Low Risk
9152-AMKAK,6,Two year,DSL,80.25,493.4,Mailed check,No,10.44,Low Risk
1794-HBQTJ,1,Month-to-month,DSL,48.6,48.6,Credit card (automatic),Yes,32.01,Low Risk
9432-VOFYX,17,Month-to-month,Fiber optic,70.8,1207.0,Electronic check,No,57.63,Medium Risk
8049-WJCLQ,10,Month-to-month,DSL,60.2,563.5,Mailed check,No,27.49,Low Risk
6586-PSJOX,15,One year,DSL,55.2,864.55,Credit card (automatic),No,7.07,Low Risk
2460-FPSYH,40,Month-to-month,DSL,55.8,2109.35,Electronic check,Yes,28.4,Low Risk
9705-ZJBCG,13,One year,DSL,54.15,701.05,Bank transfer (automatic),No,5.47,Low Risk
4818-DRBQT,29,Month-to-month,Fiber optic,80.15,2265.25,Bank transfer (automatic),Yes,42.5,Medium Risk
1320-HTRDR,3,Month-to-month,Fiber optic,75.5,220.6,Electronic check,Yes,74.31,High Risk
6847-KJLTS,58,Month-to-month,Fiber optic,100.4,5749.8,Bank transfer (automatic),No,35.3,Low Risk
9670-BPNXF,45,One year,DSL,62.55,2796.45,Credit card (automatic),No,2.42,Low Risk
3913-FCUUW,72,Two year,DSL,70.45,5165.7,Bank transfer (automatic),No,0.63,Low Risk
3301-VKTGC,68,One year,Fiber optic,85.5,5696.6,Bank transfer (automatic),No,5.47,Low Risk
1493-AMTIE,1,Month-to-month,No,20.2,20.2,Bank transfer (automatic),Yes,24.38,Low Risk
9555-SAHUZ,38,Month-to-month,DSL,54.5,2076.05,Electronic check,No,7.38,Low Risk
0816-TSPHQ,2,Month-to-month,No,20.75,44.2,Mailed check,No,18.45,Low Risk
9932-WBWIK,11,Month-to-month,No,20.35,215.25,Mailed check,No,13.02,Low Risk
4619-EVPHY,20,One year,Fiber optic,91.0,1859.5,Bank transfer (automatic),No,44.97,Medium Risk
5286-YHCVC,72,Two year,Fiber optic,104.8,7470.1,Bank transfer (automatic),No,9.69,Low Risk
6424-ELEYH,3,Month-to-month,Fiber optic,74.75,229.5,Credit card (automatic),Yes,66.54,Medium Risk
4391-RESHN,23,Month-to-month,Fiber optic,104.05,2470.1,Mailed check,Yes,58.22,Medium Risk
9115-YQHGA,40,Month-to-month,DSL,51.1,2092.9,Electronic check,No,13.77,Low Risk
4462-CYWMH,62,Month-to-month,Fiber optic,89.8,5629.55,Bank transfer (automatic),No,30.4,Low Risk
8963-MQVYN,22,Month-to-month,No,20.55,469.85,Electronic check,No,12.26,Low Risk
2458-EOMRE,11,Month-to-month,DSL,64.05,733.95,Bank transfer (automatic),No,21.81,Low Risk
9334-GWGOW,7,Month-to-month,Fiber optic,74.85,485.25,Electronic check,No,75.38,High Risk
6821-BUXUX,13,Month-to-month,Fiber optic,96.65,1244.5,Electronic check,Yes,59.46,Medium Risk
5028-HTLJB,1,Month-to-month,No,20.05,20.05,Mailed check,Yes,21.71,Low Risk
9801-GDWGV,39,Month-to-month,Fiber optic,103.45,3994.45,Electronic check,Yes,59.08,Medium Risk
6542-LWGXJ,3,Month-to-month,DSL,25.0,78.25,Mailed check,No,47.22,Medium Risk
5567-GZKQY,58,Two year,No,20.3,1131.5,Credit card (automatic),No,0.39,Low Risk
1222-LRYKO,6,Month-to-month,No,26.35,184.05,Mailed check,No,16.71,Low Risk
2320-JRSDE,1,Month-to-month,No,19.9,19.9,Electronic check,Yes,27.57,Low Risk
2087-QAREY,22,Month-to-month,DSL,54.7,1178.75,Mailed check,No,22.17,Low Risk
0601-WZHJF,14,Month-to-month,DSL,46.35,667.7,Electronic check,Yes,54.65,Medium Risk
4423-JWZJN,64,One year,Fiber optic,90.25,5629.15,Credit card (automatic),No,9.36,Low Risk
5143-WMWOG,1,Month-to-month,No,19.95,19.95,Electronic check,Yes,24.69,Low Risk
6490-FGZAT,6,Month-to-month,No,20.65,109.3,Mailed check,No,15.79,Low Risk
5393-RXQSZ,1,Month-to-month,Fiber optic,79.6,79.6,Electronic check,Yes,67.55,Medium Risk
7452-FOLON,39,One year,No,25.45,958.45,Bank transfer (automatic),No,2.04,Low Risk
2320-TZRRH,20,One year,No,19.5,403.15,Mailed check,No,4.64,Low Risk
0231-LXVAP,1,Month-to-month,Fiber optic,75.9,75.9,Electronic check,Yes,61.85,Medium Risk
9444-JTXHZ,1,Month-to-month,Fiber optic,76.2,76.2,Electronic check,Yes,61.34,Medium Risk
4942-VZZOM,64,One year,DSL,66.15,4392.5,Credit card (automatic),No,4.06,Low Risk
5510-BOIUJ,1,Month-to-month,No,19.25,19.25,Mailed check,Yes,16.33,Low Risk
7502-BNYGS,46,Month-to-month,DSL,69.1,3168.0,Credit card (automatic),No,16.41,Low Risk
4291-HYEBC,28,One year,DSL,39.1,1096.6,Electronic check,No,22.88,Low Risk
6147-CBCRA,33,Month-to-month,No,20.05,669.45,Mailed check,No,5.15,Low Risk
6047-SUHPR,39,One year,DSL,59.8,2343.85,Electronic check,No,3.75,Low Risk
4471-KXAUH,42,Month-to-month,Fiber optic,84.3,3588.4,Electronic check,Yes,37.44,Low Risk
9752-ZNQUT,1,Month-to-month,DSL,48.6,48.6,Electronic check,No,47.61,Medium Risk
7638-QVMVY,7,Month-to-month,Fiber optic,79.0,522.95,Electronic check,Yes,70.92,High Risk
1576-PFZIW,70,Two year,Fiber optic,105.35,7511.9,Credit card (automatic),No,4.32,Low Risk
5666-MBJPT,65,Two year,No,25.1,1725.0,Bank transfer (automatic),No,0.62,Low Risk
7312-XSBAT,1,Month-to-month,DSL,49.75,49.75,Electronic check,No,32.87,Low Risk
3096-GKWEB,18,Month-to-month,Fiber optic,94.75,1691.9,Electronic check,No,75.7,High Risk
2371-JQHZZ,24,Month-to-month,Fiber optic,93.0,2248.05,Electronic check,No,73.0,High Risk
0674-GCDXG,63,Two year,DSL,71.9,4479.2,Bank transfer (automatic),No,1.68,Low Risk
1121-QSIVB,44,One year,DSL,77.55,3471.1,Mailed check,No,11.1,Low Risk
4396-KLSEH,4,Month-to-month,No,19.85,63.0,Electronic check,No,29.22,Low Risk
3244-DCJWY,1,Month-to-month,Fiber optic,70.25,70.25,Electronic check,Yes,70.02,High Risk
2824-MYYBN,37,Month-to-month,Fiber optic,95.25,3314.15,Electronic check,No,57.24,Medium Risk
0875-CABNR,10,Month-to-month,Fiber optic,84.6,865.55,Credit card (automatic),Yes,62.25,Medium Risk
6345-HOVES,34,Month-to-month,DSL,25.05,852.7,Bank transfer (automatic),No,22.45,Low Risk
8318-LCNBW,35,One year,DSL,53.15,1930.9,Credit card (automatic),No,10.82,Low Risk
6469-QJKZW,4,Month-to-month,No,20.15,91.4,Electronic check,No,22.14,Low Risk
0147-ESWWR,39,Month-to-month,Fiber optic,101.25,3949.15,Electronic check,No,57.7,Medium Risk
1217-VASWC,43,One year,Fiber optic,100.55,4304.0,Bank transfer (automatic),No,27.04,Low Risk
7812-FZHPE,17,Month-to-month,No,24.1,409.9,Mailed check,Yes,11.17,Low Risk
6370-ZVHDV,61,Two year,No,25.3,1554.9,Bank transfer (automatic),No,0.5,Low Risk
5915-DGNVC,49,One year,DSL,71.8,3472.05,Electronic check,No,6.14,Low Risk
6260-XLACS,4,One year,No,19.7,117.8,Mailed check,No,9.5,Low Risk
3566-CAAYU,64,Two year,DSL,49.85,3210.35,Electronic check,No,1.53,Low Risk
4983-CCWMC,3,Month-to-month,Fiber optic,69.6,207.4,Mailed check,No,62.31,Medium Risk
9103-CXVOK,1,Month-to-month,No,19.75,19.75,Electronic check,No,21.19,Low Risk
2896-TBNBE,40,One year,Fiber optic,80.8,3132.75,Electronic check,No,15.56,Low Risk
4797-AXPXK,1,Month-to-month,DSL,60.0,60.0,Electronic check,Yes,24.16,Low Risk
5229-PRWKT,8,Month-to-month,Fiber optic,86.55,649.65,Electronic check,Yes,75.55,High Risk
6982-UQZLY,1,Month-to-month,No,20.85,20.85,Mailed check,Yes,28.34,Low Risk
2522-WLNSF,34,One year,DSL,64.2,2106.3,Bank transfer (automatic),No,6.76,Low Risk
3841-CONLJ,1,Month-to-month,DSL,35.0,35.0,Electronic check,No,61.98,Medium Risk
5057-LCOUI,39,Month-to-month,DSL,50.75,2011.4,Electronic check,Yes,38.34,Low Risk
0193-ESZXP,58,One year,Fiber optic,105.5,6205.5,Credit card (automatic),Yes,10.69,Low Risk
4475-NVTLU,45,Two year,No,19.2,903.7,Electronic check,No,0.9,Low Risk
4369-HTUIF,6,Month-to-month,Fiber optic,85.15,503.6,Bank transfer (automatic),Yes,56.77,Medium Risk
9386-LDCZR,43,One year,Fiber optic,90.65,3882.3,Credit card (automatic),No,7.4,Low Risk
9585-KKMFD,41,Two year,No,20.0,879.8,Mailed check,No,1.14,Low Risk
5399-ZIMKF,5,Month-to-month,Fiber optic,74.65,383.65,Electronic check,No,63.91,Medium Risk
0336-KXKFK,72,Two year,DSL,61.2,4390.25,Credit card (automatic),No,1.53,Low Risk
5619-XZZKR,4,One year,No,19.95,68.2,Mailed check,No,9.36,Low Risk
3948-FVVRP,9,Month-to-month,DSL,54.8,452.8,Mailed check,No,15.82,Low Risk
5327-XOKKY,72,Two year,DSL,73.45,5329.0,Credit card (automatic),No,3.9,Low Risk
0983-TATYJ,33,One year,DSL,51.45,1758.9,Mailed check,No,7.07,Low Risk
1813-JYWTO,72,Two year,Fiber optic,80.45,5737.6,Bank transfer (automatic),No,2.43,Low Risk
0156-FVPTA,22,Month-to-month,DSL,54.2,1152.7,Electronic check,Yes,18.21,Low Risk
1984-FCOWB,70,One year,Fiber optic,109.5,7674.55,Electronic check,Yes,19.26,Low Risk
0654-HMSHN,21,Month-to-month,Fiber optic,104.4,2157.95,Electronic check,Yes,57.09,Medium Risk
6719-OXYBR,15,Month-to-month,Fiber optic,85.3,1219.85,Electronic check,No,55.73,Medium Risk
3312-ZWLGF,29,Month-to-month,Fiber optic,79.3,2414.55,Electronic check,No,52.05,Medium Risk
6476-YHMGA,15,Month-to-month,DSL,76.5,1155.6,Bank transfer (automatic),No,19.07,Low Risk
5287-QWLKY,71,Month-to-month,Fiber optic,105.1,7548.1,Credit card (automatic),Yes,21.41,Low Risk
0795-XCCTE,72,Two year,No,25.4,1809.35,Bank transfer (automatic),No,0.35,Low Risk
0168-XZKBB,19,Month-to-month,Fiber optic,86.85,1564.4,Electronic check,No,68.4,Medium Risk
3785-NRHYR,1,Month-to-month,No,19.65,19.65,Mailed check,No,19.48,Low Risk
5196-SGOAK,1,Month-to-month,Fiber optic,75.7,75.7,Electronic check,Yes,65.95,Medium Risk
4537-DKTAL,2,Month-to-month,DSL,45.55,84.4,Electronic check,No,40.88,Medium Risk
7072-MBHEV,11,Month-to-month,Fiber optic,78.1,864.85,Credit card (automatic),No,58.47,Medium Risk
5602-BVFMK,12,One year,No,19.3,228.75,Mailed check,No,6.59,Low Risk
6297-NOOPG,70,Two year,Fiber optic,110.5,7752.05,Electronic check,No,11.0,Low Risk
1891-UAWWU,20,Month-to-month,Fiber optic,90.8,1951.0,Electronic check,Yes,63.77,Medium Risk
8204-TIFGJ,23,Month-to-month,No,20.3,470.6,Bank transfer (automatic),No,10.19,Low Risk
8050-DVOJX,49,Two year,DSL,81.35,4060.9,Credit card (automatic),No,1.84,Low Risk
6108-OQZDQ,4,Month-to-month,Fiber optic,97.95,384.5,Electronic check,Yes,76.08,High Risk
0363-QJVFX,32,Month-to-month,Fiber optic,108.15,3432.9,Credit card (automatic),Yes,36.54,Low Risk
8903-XEBGX,2,Month-to-month,DSL,55.3,108.65,Electronic check,No,50.82,Medium Risk
8169-SAEJD,69,Two year,DSL,56.55,3952.65,Credit card (automatic),No,1.64,Low Risk
9840-DVNDC,6,Month-to-month,Fiber optic,80.5,463.05,Credit card (automatic),Yes,62.45,Medium Risk
1089-XZWHH,24,Two year,No,19.7,494.05,Mailed check,No,2.42,Low Risk
2325-WINES,32,One year,Fiber optic,104.05,3416.85,Credit card (automatic),No,36.87,Low Risk
6064-ZATLR,27,Two year,DSL,52.85,1498.65,Bank transfer (automatic),No,2.63,Low Risk
3096-JRDSO,27,Month-to-month,Fiber optic,104.3,2867.75,Bank transfer (automatic),Yes,47.48,Medium Risk
7824-PANSQ,58,Month-to-month,Fiber optic,80.65,4807.35,Bank transfer (automatic),No,14.35,Low Risk
8042-JVNFH,1,Month-to-month,Fiber optic,71.35,71.35,Mailed check,Yes,63.15,Medium Risk
9648-BCHKM,18,Two year,No,24.65,471.35,Credit card (automatic),No,3.88,Low Risk
2888-ADFAO,47,Two year,No,21.3,1041.8,Bank transfer (automatic),No,0.78,Low Risk
8707-HOEDG,70,Two year,Fiber optic,110.2,7689.8,Electronic check,No,8.93,Low Risk
3374-LXDEV,13,Month-to-month,Fiber optic,89.4,1132.35,Electronic check,Yes,45.5,Medium Risk
4072-IPYLT,36,Month-to-month,DSL,51.05,1815.0,Credit card (automatic),No,6.0,Low Risk
7167-PCEYD,67,Two year,No,19.8,1311.3,Mailed check,No,0.41,Low Risk
4936-YPJNK,10,Month-to-month,No,19.9,199.45,Mailed check,No,18.36,Low Risk
1580-BMCMR,19,Month-to-month,Fiber optic,87.3,1637.3,Electronic check,No,55.39,Medium Risk
4817-KEQSP,71,Two year,No,19.85,1326.35,Bank transfer (automatic),No,0.17,Low Risk
6408-WHTEF,72,Two year,DSL,89.4,6376.55,Mailed check,No,1.44,Low Risk
9251-AWQGT,48,Two year,No,20.0,935.9,Mailed check,No,0.55,Low Risk
8749-CLJXC,1,Month-to-month,No,20.05,20.05,Mailed check,No,19.36,Low Risk
7989-VCQOH,18,Month-to-month,DSL,83.25,1611.15,Electronic check,No,18.79,Low Risk
5049-GLYVG,1,Month-to-month,No,20.6,20.6,Mailed check,Yes,19.19,Low Risk
4199-QHJNM,67,Two year,Fiber optic,102.9,6989.7,Bank transfer (automatic),No,6.82,Low Risk
8882-TLVRW,69,Two year,DSL,39.1,2779.5,Mailed check,No,0.52,Low Risk
5883-GTGVD,19,Month-to-month,Fiber optic,99.95,1931.75,Electronic check,Yes,71.87,High Risk
5135-GRQJV,72,Two year,Fiber optic,114.5,8331.95,Mailed check,No,6.88,Low Risk
2384-OVPSA,38,Two year,No,20.2,735.9,Mailed check,No,1.22,Low Risk
1371-WEPDS,40,One year,DSL,55.8,2283.3,Electronic check,No,10.92,Low Risk
3580-GICBM,61,Two year,No,24.2,1445.2,Mailed check,No,0.62,Low Risk
4817-QRJSX,10,Month-to-month,Fiber optic,81.0,818.05,Credit card (automatic),Yes,56.05,Medium Risk
9730-DRTMJ,32,One year,DSL,72.8,2333.05,Credit card (automatic),No,8.18,Low Risk
4686-UXDML,21,Month-to-month,Fiber optic,99.85,1992.55,Credit card (automatic),No,60.3,Medium Risk
3349-ANQNH,59,One year,Fiber optic,99.5,5890.0,Electronic check,No,35.19,Low Risk
2398-YPMUR,13,Month-to-month,Fiber optic,70.15,916.75,Electronic check,Yes,64.57,Medium Risk
0932-YIXYU,47,Two year,No,20.25,1029.8,Credit card (automatic),No,0.65,Low Risk
7480-SPLEF,69,Two year,No,26.0,1796.55,Bank transfer (automatic),No,0.41,Low Risk
7636-XUHWW,2,Month-to-month,No,19.9,33.7,Credit card (automatic),No,23.11,Low Risk
1431-CYWMH,22,Month-to-month,No,19.05,454.05,Bank transfer (automatic),No,6.43,Low Risk
5937-EORGB,15,Month-to-month,Fiber optic,96.5,1392.25,Electronic check,No,65.58,Medium Risk
6349-JDHQP,53,Two year,No,19.85,1049.6,Credit card (automatic),No,0.48,Low Risk
5539-HIVAK,28,Month-to-month,No,25.7,734.6,Mailed check,No,9.76,Low Risk
5847-MXBEO,22,One year,No,20.3,475.1,Mailed check,No,4.3,Low Risk
9985-MWVIX,1,Month-to-month,Fiber optic,70.15,70.15,Mailed check,Yes,63.19,Medium Risk
4583-PARNH,16,Month-to-month,Fiber optic,91.55,1540.05,Electronic check,No,59.68,Medium Risk
1116-FRYVH,48,Two year,DSL,39.4,1978.65,Mailed check,No,1.06,Low Risk
1421-HCERK,30,Month-to-month,Fiber optic,105.7,3181.8,Bank transfer (automatic),No,34.85,Low Risk
9633-XQABV,3,Month-to-month,Fiber optic,70.25,229.7,Electronic check,No,68.64,Medium Risk
0716-BQNDX,57,Two year,Fiber optic,93.75,5625.55,Electronic check,No,7.3,Low Risk
1265-XTECC,68,One year,Fiber optic,96.55,6581.9,Credit card (automatic),Yes,10.67,Low Risk
1183-CANVH,23,One year,DSL,60.0,1347.15,Bank transfer (automatic),No,8.63,Low Risk
1972-XMUWV,65,Two year,DSL,59.8,3808.2,Credit card (automatic),No,1.42,Low Risk
8679-LZBMD,44,One year,Fiber optic,90.65,3974.15,Bank transfer (automatic),No,25.95,Low Risk
3407-JMJQQ,71,Two year,Fiber optic,109.0,7661.8,Bank transfer (automatic),No,5.79,Low Risk
6252-DFGTK,37,One year,DSL,68.1,2479.25,Credit card (automatic),No,3.57,Low Risk
1539-LNKHM,12,Month-to-month,No,20.4,266.6,Mailed check,No,12.34,Low Risk
8645-KOMJQ,69,Two year,DSL,81.95,5601.4,Bank transfer (automatic),No,2.08,Low Risk
0289-IVARM,35,Month-to-month,DSL,60.55,1982.6,Electronic check,No,9.48,Low Risk
9761-XUJWD,5,Month-to-month,DSL,65.6,339.9,Bank transfer (automatic),No,31.23,Low Risk
4057-FKCZK,58,Two year,Fiber optic,82.5,4828.05,Bank transfer (automatic),No,6.38,Low Risk
4291-TPNFG,72,Two year,DSL,82.3,5980.55,Bank transfer (automatic),No,1.16,Low Risk
6087-YPWHO,72,Two year,DSL,68.15,4808.7,Mailed check,No,0.57,Low Risk
3090-QFUVD,1,Month-to-month,No,20.3,20.3,Credit card (automatic),No,17.43,Low Risk
2237-ZFSMY,39,One year,Fiber optic,95.55,3692.85,Electronic check,Yes,17.14,Low Risk
1722-LDZJS,53,One year,No,20.2,1068.15,Credit card (automatic),No,0.77,Low Risk
1818-ESQMW,27,Month-to-month,Fiber optic,89.2,2383.6,Electronic check,No,47.18,Medium Risk
4871-JTKJF,1,Month-to-month,Fiber optic,69.65,69.65,Electronic check,Yes,73.2,High Risk
1415-YFWLT,1,Month-to-month,Fiber optic,89.3,89.3,Electronic check,Yes,81.08,High Risk
7401-RUBNK,18,Month-to-month,Fiber optic,74.8,1438.05,Electronic check,No,38.51,Low Risk
0506-YLVKJ,46,Two year,No,20.2,917.45,Mailed check,No,0.89,Low Risk
8661-BOYNW,72,Two year,DSL,84.4,6096.45,Credit card (automatic),No,1.78,Low Risk
6711-VTNRE,36,Month-to-month,Fiber optic,87.55,3078.1,Electronic check,Yes,40.66,Medium Risk
4815-GBTCD,4,Month-to-month,DSL,25.15,99.95,Electronic check,No,62.24,Medium Risk
2805-AUFQN,25,Two year,No,19.8,475.2,Credit card (automatic),No,1.75,Low Risk
0980-PVMRC,40,Month-to-month,DSL,50.85,2036.55,Electronic check,No,29.64,Low Risk
7233-DRTRF,63,Month-to-month,Fiber optic,102.4,6444.05,Electronic check,No,44.47,Medium Risk
3500-RMZLT,15,Month-to-month,Fiber optic,96.3,1426.75,Mailed check,Yes,41.2,Medium Risk
3873-NFTGI,14,Month-to-month,DSL,55.5,767.55,Credit card (automatic),No,32.43,Low Risk
1162-ECVII,72,Two year,Fiber optic,109.75,7932.5,Bank transfer (automatic),No,8.68,Low Risk
7048-GXDAY,39,Month-to-month,Fiber optic,106.4,4040.65,Electronic check,No,48.91,Medium Risk
8571-ZCMCX,47,Two year,DSL,60.0,2768.65,Credit card (automatic),No,3.66,Low Risk
1169-WCVAK,19,Month-to-month,Fiber optic,88.8,1672.35,Credit card (automatic),No,32.47,Low Risk
4548-SDBKE,5,Month-to-month,Fiber optic,85.2,474.8,Electronic check,Yes,77.64,High Risk
8066-POXGX,13,Month-to-month,DSL,35.1,446.1,Electronic check,Yes,57.95,Medium Risk
7129-CAKJW,17,Month-to-month,Fiber optic,80.05,1345.65,Bank transfer (automatic),No,45.6,Medium Risk
8695-ARGXZ,34,Month-to-month,Fiber optic,75.55,2425.4,Electronic check,No,54.48,Medium Risk
3570-YUEKJ,42,Month-to-month,DSL,49.55,2077.95,Electronic check,No,14.99,Low Risk
4143-OOBWZ,5,Month-to-month,Fiber optic,81.3,416.3,Electronic check,Yes,70.11,High Risk
1555-HAPSU,71,Two year,No,23.9,1663.5,Credit card (automatic),No,0.25,Low Risk
1697-NVVGY,19,Month-to-month,DSL,66.4,1286.05,Bank transfer (automatic),No,19.52,Low Risk
7854-EKTJL,2,Month-to-month,No,19.6,35.85,Electronic check,Yes,26.35,Low Risk
8464-EETCQ,57,Two year,No,18.8,1094.35,Credit card (automatic),No,0.42,Low Risk
2419-FSORS,72,Two year,Fiber optic,108.4,7719.5,Electronic check,No,10.55,Low Risk
8132-YPVBX,6,Month-to-month,Fiber optic,85.95,514.6,Mailed check,No,60.2,Medium Risk
9102-IAYHT,17,Month-to-month,Fiber optic,85.45,1451.6,Electronic check,Yes,65.79,Medium Risk
6754-LZUKA,61,Two year,DSL,80.9,4932.5,Bank transfer (automatic),No,3.07,Low Risk
3422-LYEPQ,1,Month-to-month,Fiber optic,71.0,71.0,Electronic check,Yes,65.78,Medium Risk
8099-MZPUJ,48,Two year,Fiber optic,111.8,5443.65,Credit card (automatic),No,5.5,Low Risk
0787-LHDYT,16,Month-to-month,No,20.6,330.25,Credit card (automatic),No,13.44,Low Risk
2642-DTVCO,9,Month-to-month,Fiber optic,85.05,746.5,Electronic check,Yes,78.14,High Risk
0374-IOEGQ,3,Month-to-month,DSL,44.6,122.7,Electronic check,No,40.31,Medium Risk
4361-JEIVL,1,Month-to-month,DSL,44.4,44.4,Electronic check,Yes,46.67,Medium Risk
3197-NNYNB,65,Two year,Fiber optic,105.1,6631.85,Credit card (automatic),No,7.61,Low Risk
3396-DKDEL,70,Two year,Fiber optic,115.15,8250.0,Credit card (automatic),No,4.63,Low Risk
1752-OZXFY,60,One year,DSL,59.8,3561.15,Mailed check,No,3.52,Low Risk
9066-QRSDU,69,One year,No,26.3,1763.55,Electronic check,No,1.39,Low Risk
9112-WSNPU,35,Month-to-month,Fiber optic,70.55,2419.0,Electronic check,No,36.06,Low Risk
9867-NNXLC,22,Month-to-month,No,20.05,470.2,Mailed check,No,11.45,Low Risk
5321-NTRKC,66,Two year,DSL,79.85,5234.95,Bank transfer (automatic),No,2.11,Low Risk
1363-TXLSL,1,Month-to-month,Fiber optic,70.3,70.3,Electronic check,Yes,73.77,High Risk
9507-EXLTT,1,Month-to-month,Fiber optic,79.35,79.35,Bank transfer (automatic),Yes,67.34,Medium Risk
3161-GETRM,34,Month-to-month,Fiber optic,90.05,3097.0,Credit card (automatic),No,43.75,Medium Risk
0402-OAMEN,72,Two year,No,24.45,1709.1,Bank transfer (automatic),No,0.24,Low Risk
6933-VLYFX,31,One year,DSL,59.95,1848.8,Electronic check,No,10.48,Low Risk
6754-WKSHP,30,One year,No,25.35,723.3,Bank transfer (automatic),No,3.03,Low Risk
9846-GKXAS,9,Month-to-month,Fiber optic,90.8,809.75,Bank transfer (automatic),Yes,65.86,Medium Risk
6017-PPLPX,20,Month-to-month,Fiber optic,70.45,1470.95,Electronic check,Yes,50.53,Medium Risk
4976-LNFVV,19,Month-to-month,DSL,34.3,577.15,Credit card (automatic),No,35.33,Low Risk
5055-MGMGF,65,Month-to-month,Fiber optic,105.05,6914.95,Electronic check,No,36.98,Low Risk
4641-FROLU,30,Two year,No,19.3,602.9,Mailed check,No,1.28,Low Risk
2862-JVEOY,6,One year,No,19.15,124.4,Mailed check,No,8.75,Low Risk
2969-QWUBZ,2,Month-to-month,DSL,51.4,96.8,Electronic check,No,60.92,Medium Risk
9822-BIIGN,53,Month-to-month,DSL,71.85,3827.9,Electronic check,No,6.91,Low Risk
2077-MPJQO,7,Month-to-month,Fiber optic,75.4,533.05,Electronic check,No,75.39,High Risk
1534-OULXE,61,One year,DSL,49.7,2961.4,Bank transfer (automatic),No,1.73,Low Risk
7136-RVDTZ,70,One year,DSL,45.25,3264.45,Electronic check,Yes,9.49,Low Risk
2971-SGAFL,13,Month-to-month,DSL,78.75,995.35,Electronic check,No,48.73,Medium Risk
1480-IVEVR,35,One year,Fiber optic,81.6,2815.25,Bank transfer (automatic),No,28.34,Low Risk
2905-KFQUV,2,Month-to-month,Fiber optic,70.4,154.8,Credit card (automatic),No,60.4,Medium Risk
4581-SSPWD,3,Month-to-month,Fiber optic,75.8,246.3,Electronic check,Yes,74.32,High Risk
3370-HXOPH,3,Month-to-month,Fiber optic,76.1,257.6,Electronic check,No,66.54,Medium Risk
9391-YZEJW,62,One year,Fiber optic,94.0,5757.2,Bank transfer (automatic),No,21.85,Low Risk
9958-MEKUC,72,Two year,Fiber optic,103.95,7517.7,Credit card (automatic),No,2.09,Low Risk
0281-CNTZX,63,Two year,No,19.95,1234.8,Bank transfer (automatic),No,0.47,Low Risk
6927-WTFIV,20,Month-to-month,Fiber optic,71.3,1389.2,Credit card (automatic),Yes,38.88,Low Risk
4118-CEVPF,35,One year,Fiber optic,110.8,3836.3,Bank transfer (automatic),No,23.92,Low Risk
3398-ZOUAA,21,Month-to-month,Fiber optic,69.1,1474.75,Electronic check,Yes,59.01,Medium Risk
9114-VEPUF,62,One year,Fiber optic,96.1,6001.45,Electronic check,No,11.63,Low Risk
7876-BEUTG,15,Month-to-month,DSL,48.8,720.1,Mailed check,No,37.69,Low Risk
2338-BQEZT,55,Month-to-month,DSL,50.55,2832.75,Credit card (automatic),No,5.21,Low Risk
9873-MNDKV,11,Month-to-month,DSL,44.65,472.25,Mailed check,No,34.1,Low Risk
0378-NHQXU,17,Month-to-month,Fiber optic,88.25,1460.65,Electronic check,Yes,57.12,Medium Risk
8241-JUIQO,61,One year,No,19.45,1336.35,Bank transfer (automatic),No,0.69,Low Risk
2194-IIQOF,71,Two year,DSL,89.3,6388.65,Credit card (automatic),No,1.17,Low Risk
4512-ZUIYL,2,Month-to-month,Fiber optic,70.0,153.05,Bank transfer (automatic),Yes,51.64,Medium Risk
9631-RXVJM,35,Two year,No,19.25,677.9,Mailed check,No,1.27,Low Risk
9584-EXCDZ,17,Month-to-month,Fiber optic,70.5,1165.6,Bank transfer (automatic),No,38.37,Low Risk
7969-AULMZ,21,Month-to-month,Fiber optic,97.35,2119.5,Electronic check,Yes,72.92,High Risk
5093-FEGLU,47,Two year,No,19.65,921.55,Bank transfer (automatic),No,0.67,Low Risk
2621-UDNLU,3,Month-to-month,No,20.85,72.0,Mailed check,No,17.74,Low Risk
7526-IVLYU,3,Month-to-month,No,19.65,68.35,Mailed check,No,24.26,Low Risk
2428-HYUNX,44,Two year,No,19.35,847.25,Credit card (automatic),No,1.28,Low Risk
9214-EKVXR,1,Month-to-month,DSL,44.0,44.0,Mailed check,No,44.15,Medium Risk
3410-MHHUM,44,One year,Fiber optic,94.4,4295.35,Electronic check,No,20.86,Low Risk
0568-ONFPC,5,Month-to-month,No,25.9,135.0,Bank transfer (automatic),Yes,22.45,Low Risk
0733-VUNUW,24,Month-to-month,DSL,55.65,1400.55,Bank transfer (automatic),Yes,21.13,Low Risk
4550-EVXNY,1,Month-to-month,Fiber optic,69.65,69.65,Electronic check,Yes,65.42,Medium Risk
2122-YWVYA,18,Month-to-month,Fiber optic,75.4,1380.4,Electronic check,No,46.46,Medium Risk
2968-SSGAA,10,Month-to-month,Fiber optic,100.6,1060.2,Electronic check,Yes,78.56,High Risk
2296-DKZFP,65,Two year,DSL,71.0,4386.2,Bank transfer (automatic),No,0.87,Low Risk
4844-JJWUY,1,Month-to-month,Fiber optic,86.0,86.0,Electronic check,Yes,73.54,High Risk
6777-TGHTM,53,One year,Fiber optic,106.95,5785.5,Credit card (automatic),Yes,20.46,Low Risk
8909-BOLNL,3,One year,No,21.2,52.05,Mailed check,No,9.55,Low Risk
6603-YRDCJ,33,Two year,DSL,61.05,2018.4,Mailed check,No,2.31,Low Risk
3538-WZPHD,3,Month-to-month,DSL,29.6,79.45,Electronic check,Yes,59.35,Medium Risk
3229-USWAR,34,One year,DSL,79.95,2727.3,Bank transfer (automatic),No,7.65,Low Risk
2138-VFAPZ,14,Two year,No,19.7,263.65,Mailed check,No,3.77,Low Risk
6131-JLWZM,13,Month-to-month,No,20.3,275.4,Mailed check,No,16.3,Low Risk
4785-QRJHC,46,One year,DSL,59.9,2816.65,Bank transfer (automatic),Yes,11.07,Low Risk
0269-XFESX,23,One year,No,24.35,538.5,Mailed check,No,4.58,Low Risk
1709-EJDOX,47,Two year,No,19.75,948.9,Mailed check,No,0.58,Low Risk
4316-XCSLJ,17,Month-to-month,DSL,50.3,846.8,Mailed check,No,18.0,Low Risk
8610-WFCJF,49,Month-to-month,Fiber optic,95.6,4783.5,Electronic check,Yes,50.4,Medium Risk
9693-XMUOB,59,Month-to-month,DSL,50.25,2997.45,Electronic check,No,22.96,Low Risk
0383-CLDDA,69,Two year,DSL,85.35,5897.4,Credit card (automatic),No,1.9,Low Risk
4905-JEFDW,11,One year,DSL,41.6,470.6,Electronic check,Yes,41.99,Medium Risk
2709-UQGNP,10,Month-to-month,DSL,51.65,524.5,Mailed check,No,26.15,Low Risk
3549-ZTMNH,12,Two year,No,24.0,269.65,Bank transfer (automatic),No,5.27,Low Risk
7881-INRLC,45,Month-to-month,Fiber optic,100.85,4740.0,Credit card (automatic),Yes,45.96,Medium Risk
8033-ATFAS,39,Month-to-month,DSL,59.85,2341.5,Mailed check,No,15.72,Low Risk
1635-NZATJ,71,Two year,No,25.45,1789.65,Credit card (automatic),No,0.36,Low Risk
0562-HKHML,71,Two year,No,23.9,1626.4,Credit card (automatic),No,0.25,Low Risk
8277-RVRSV,33,One year,No,24.15,800.3,Credit card (automatic),No,2.64,Low Risk
9943-VSZUV,67,Month-to-month,Fiber optic,75.7,5060.85,Mailed check,No,22.75,Low Risk
0117-LFRMW,37,Month-to-month,DSL,40.2,1448.8,Bank transfer (automatic),Yes,7.77,Low Risk
6172-FECYY,49,Month-to-month,Fiber optic,84.5,4254.85,Electronic check,Yes,34.15,Low Risk
7054-ENNGU,9,Month-to-month,DSL,50.85,466.6,Mailed check,No,24.74,Low Risk
1455-HFBXA,52,Two year,Fiber optic,91.6,4627.8,Credit card (automatic),No,4.74,Low Risk
9402-CXWPL,70,One year,Fiber optic,98.9,6838.6,Electronic check,No,16.87,Low Risk
1628-BIZYP,1,Month-to-month,Fiber optic,85.0,85.0,Electronic check,No,71.48,High Risk
1965-AKTSX,14,Month-to-month,Fiber optic,78.95,1101.85,Electronic check,Yes,66.87,Medium Risk
0082-LDZUE,1,Month-to-month,DSL,44.3,44.3,Mailed check,No,44.54,Medium Risk
4786-UKSNZ,1,Month-to-month,No,20.2,20.2,Mailed check,Yes,19.31,Low Risk
5343-SGUBI,52,One year,Fiber optic,80.2,4297.6,Mailed check,No,15.79,Low Risk
0856-NAOES,6,Month-to-month,DSL,60.9,414.1,Mailed check,No,35.16,Low Risk
1976-AZZPJ,7,Month-to-month,DSL,34.2,256.6,Mailed check,No,29.66,Low Risk
7248-VZQLC,47,Month-to-month,Fiber optic,85.2,3969.35,Bank transfer (automatic),Yes,31.85,Low Risk
6156-UZDLF,26,One year,Fiber optic,87.15,2274.1,Credit card (automatic),No,12.94,Low Risk
3099-OONVS,25,Month-to-month,DSL,54.3,1296.8,Electronic check,No,9.82,Low Risk
9500-WBGRP,69,Two year,No,19.1,1268.85,Mailed check,No,0.37,Low Risk
5183-KLYEM,72,Two year,Fiber optic,112.75,8192.6,Credit card (automatic),No,5.25,Low Risk
5144-PQCDZ,4,Month-to-month,No,19.95,59.25,Mailed check,No,23.19,Low Risk
8514-VZHEB,59,Two year,No,19.5,1147.85,Mailed check,No,0.34,Low Risk
6625-IUTTT,67,Two year,DSL,65.55,4361.55,Bank transfer (automatic),No,0.94,Low Risk
9355-NPPFS,26,Month-to-month,Fiber optic,78.8,2006.1,Electronic check,No,60.28,Medium Risk
0068-FIGTF,27,One year,DSL,78.2,2078.95,Mailed check,No,9.09,Low Risk
5965-GGPRW,72,Two year,Fiber optic,105.25,7609.75,Bank transfer (automatic),No,4.53,Low Risk
8035-PWSEV,6,Month-to-month,Fiber optic,89.25,487.05,Electronic check,No,62.59,Medium Risk
2236-HILPA,62,Two year,No,20.65,1218.45,Credit card (automatic),No,0.26,Low Risk
1840-BIUOG,20,One year,DSL,68.7,1416.2,Electronic check,No,21.4,Low Risk
1356-MKYSK,6,Month-to-month,DSL,78.65,483.3,Credit card (automatic),No,22.53,Low Risk
6080-LNESI,51,Two year,No,24.75,1234.6,Mailed check,No,0.84,Low Risk
1830-IPXVJ,61,Two year,No,19.75,1311.6,Credit card (automatic),No,0.28,Low Risk
5828-DWPIL,62,Month-to-month,Fiber optic,89.1,5618.3,Electronic check,No,24.63,Low Risk
8398-TBIYD,72,Two year,Fiber optic,84.7,6185.15,Bank transfer (automatic),No,2.67,Low Risk
0011-IGKFF,13,Month-to-month,Fiber optic,98.0,1237.85,Electronic check,Yes,72.3,High Risk
4192-GORJT,5,Month-to-month,Fiber optic,94.45,498.1,Electronic check,Yes,76.87,High Risk
6496-SLWHQ,3,Month-to-month,Fiber optic,105.0,294.45,Electronic check,Yes,81.39,High Risk
9912-GVSEQ,26,Month-to-month,Fiber optic,93.85,2381.55,Electronic check,Yes,64.37,Medium Risk
2931-FSOHN,13,Month-to-month,DSL,59.9,788.35,Electronic check,No,45.61,Medium Risk
9418-RUKPH,38,Two year,No,19.95,756.4,Mailed check,No,1.27,Low Risk
5383-MMTWC,8,Month-to-month,Fiber optic,84.0,613.4,Electronic check,Yes,78.8,High Risk
9971-ZWPBF,34,Month-to-month,Fiber optic,108.9,3625.2,Electronic check,No,52.9,Medium Risk
4712-AUQZO,18,Month-to-month,DSL,33.6,550.35,Mailed check,No,22.69,Low Risk
9711-FJTBX,56,One year,Fiber optic,85.85,4793.8,Mailed check,No,6.56,Low Risk
2908-ZTPNF,36,Month-to-month,DSL,34.85,1267.2,Bank transfer (automatic),No,13.97,Low Risk
7240-ETPTR,9,Month-to-month,DSL,48.75,442.2,Electronic check,Yes,67.94,Medium Risk
2202-CUYXZ,1,Month-to-month,Fiber optic,84.85,84.85,Electronic check,Yes,74.28,High Risk
5995-OIGLP,12,Month-to-month,DSL,56.65,654.85,Mailed check,Yes,13.5,Low Risk
8421-WZOOW,57,Month-to-month,Fiber optic,95.3,5567.45,Credit card (automatic),No,17.2,Low Risk
6261-RCVNS,42,One year,DSL,73.9,3160.55,Credit card (automatic),Yes,2.72,Low Risk
7951-QKZPL,33,Two year,No,24.5,740.3,Mailed check,Yes,2.17,Low Risk
1414-YADCW,70,Two year,Fiber optic,84.6,5706.2,Bank transfer (automatic),No,1.21,Low Risk
8756-RDDLT,68,Month-to-month,DSL,44.95,3085.35,Electronic check,No,5.75,Low Risk
2862-PFNIK,1,Month-to-month,DSL,24.7,24.7,Electronic check,No,60.43,Medium Risk
5816-QVHRX,37,Month-to-month,Fiber optic,100.3,3541.4,Credit card (automatic),No,35.13,Low Risk
4430-YHXGG,4,Month-to-month,No,25.45,84.2,Mailed check,No,23.87,Low Risk
6888-SBYAI,1,Month-to-month,DSL,50.7,50.7,Mailed check,No,33.84,Low Risk
7395-XWZOY,20,Month-to-month,DSL,55.0,1165.55,Credit card (automatic),No,21.79,Low Risk
7169-YWAMK,72,Two year,DSL,68.4,4855.35,Bank transfer (automatic),No,0.42,Low Risk
3640-PHQXK,31,Month-to-month,Fiber optic,89.9,2806.9,Electronic check,Yes,60.58,Medium Risk
6877-LGWXO,18,Month-to-month,Fiber optic,78.55,1422.65,Electronic check,Yes,59.01,Medium Risk
6859-RKMZJ,11,Month-to-month,DSL,55.05,608.15,Bank transfer (automatic),No,38.99,Low Risk
2729-VNVAP,33,Two year,No,19.8,641.35,Credit card (automatic),No,1.0,Low Risk
2957-JIRMN,62,One year,Fiber optic,84.45,4959.15,Electronic check,No,17.74,Low Risk
2049-BAFNW,1,Month-to-month,DSL,35.9,35.9,Mailed check,No,37.89,Low Risk
3842-QTGDL,16,Month-to-month,Fiber optic,80.75,1321.3,Bank transfer (automatic),No,27.82,Low Risk
7163-OCEQI,22,One year,DSL,78.65,1663.75,Mailed check,No,18.29,Low Risk
9782-LGXMC,49,Month-to-month,DSL,61.75,3024.15,Bank transfer (automatic),No,2.84,Low Risk
5975-BAICR,36,One year,DSL,63.7,2188.5,Credit card (automatic),No,6.02,Low Risk
8019-ENHXU,42,Month-to-month,Fiber optic,99.45,4138.05,Electronic check,Yes,41.95,Medium Risk
5167-GBFRE,4,Month-to-month,DSL,25.2,102.5,Bank transfer (automatic),Yes,56.49,Medium Risk
9033-EOXWV,12,One year,DSL,74.05,872.65,Mailed check,Yes,20.91,Low Risk
4673-KKSLS,31,Month-to-month,Fiber optic,87.6,2724.25,Electronic check,No,21.06,Low Risk
4853-OITSN,5,Month-to-month,Fiber optic,89.15,413.25,Electronic check,No,70.44,High Risk
9800-OUIGR,66,Two year,No,20.0,1374.2,Credit card (automatic),No,0.22,Low Risk
1324-NLTJE,15,Month-to-month,DSL,55.0,757.1,Credit card (automatic),Yes,22.74,Low Risk
2324-EFHVG,64,Two year,Fiber optic,104.4,6692.65,Bank transfer (automatic),No,11.73,Low Risk
7094-MSZAO,10,Month-to-month,No,20.05,218.5,Credit card (automatic),No,14.51,Low Risk
1522-VVDMG,7,Month-to-month,Fiber optic,89.75,608.8,Electronic check,Yes,54.02,Medium Risk
6907-CQGPN,29,Month-to-month,DSL,34.3,1004.75,Electronic check,No,18.6,Low Risk
0780-XNZFN,57,Two year,No,20.65,1125.6,Bank transfer (automatic),No,0.42,Low Risk
0239-OXEXL,46,Month-to-month,Fiber optic,84.25,3847.6,Mailed check,No,17.55,Low Risk
2675-IJRGJ,53,Two year,No,19.65,978.0,Bank transfer (automatic),No,0.5,Low Risk
7049-GKVZY,17,One year,DSL,79.85,1387.35,Credit card (automatic),No,7.77,Low Risk
8577-QSOCG,38,Two year,No,20.2,746.05,Mailed check,No,1.26,Low Risk
3721-CNZHX,15,One year,No,19.8,304.6,Mailed check,No,5.87,Low Risk
0212-ISBBF,22,Month-to-month,DSL,50.35,1098.85,Electronic check,No,51.21,Medium Risk
9185-TQCVP,14,Month-to-month,Fiber optic,85.15,1139.2,Electronic check,Yes,72.79,High Risk
3585-YNADK,57,One year,DSL,74.6,4368.95,Bank transfer (automatic),No,3.51,Low Risk
5271-DBYSJ,11,Month-to-month,Fiber optic,79.15,827.7,Credit card (automatic),No,62.49,Medium Risk
1099-GODLO,1,Two year,No,20.35,20.35,Mailed check,No,4.67,Low Risk
6828-HMKWP,12,Two year,No,21.05,262.05,Bank transfer (automatic),No,2.69,Low Risk
5567-WSELE,3,Month-to-month,Fiber optic,94.6,279.55,Electronic check,Yes,84.81,High Risk
1472-TNCWL,36,Month-to-month,Fiber optic,94.7,3512.5,Electronic check,No,48.41,Medium Risk
8063-RJYNF,16,Month-to-month,Fiber optic,94.25,1483.25,Electronic check,Yes,61.49,Medium Risk
0687-ZVTHB,65,One year,DSL,72.45,4653.85,Credit card (automatic),Yes,2.0,Low Risk
2080-GKCWQ,2,Month-to-month,Fiber optic,74.95,151.75,Electronic check,No,57.26,Medium Risk
9661-ACXBS,42,Month-to-month,Fiber optic,105.2,4400.75,Electronic check,Yes,50.73,Medium Risk
2193-SFWQW,72,Two year,Fiber optic,111.95,8033.1,Bank transfer (automatic),No,2.14,Low Risk
5656-JAMLX,62,Two year,No,19.85,1253.65,Bank transfer (automatic),No,0.34,Low Risk
3462-BJQQA,6,Month-to-month,Fiber optic,89.75,552.65,Electronic check,No,73.91,High Risk
0442-TDYUO,48,Two year,No,20.05,1036.0,Mailed check,No,1.03,Low Risk
6733-LRIZX,35,Two year,Fiber optic,108.95,4025.5,Electronic check,No,19.95,Low Risk
9503-XJUME,52,One year,No,19.65,928.4,Credit card (automatic),No,0.78,Low Risk
4367-NHWMM,1,Month-to-month,DSL,24.9,24.9,Mailed check,No,57.69,Medium Risk
3727-RJMEO,6,Month-to-month,Fiber optic,82.85,460.25,Electronic check,Yes,78.21,High Risk
3779-OSWCF,71,Two year,DSL,93.2,6506.15,Credit card (automatic),No,1.11,Low Risk
6736-DHUQI,67,One year,Fiber optic,84.8,5598.3,Bank transfer (automatic),No,2.86,Low Risk
3915-ODIYG,60,One year,DSL,71.75,4374.55,Electronic check,No,6.81,Low Risk
1360-RCYRT,23,Month-to-month,DSL,30.35,678.75,Bank transfer (automatic),No,21.4,Low Risk
2724-FJDYW,39,One year,DSL,54.85,2191.7,Bank transfer (automatic),No,7.94,Low Risk
4451-RWASJ,15,One year,No,19.5,239.75,Mailed check,No,6.82,Low Risk
6646-VRFOL,53,Month-to-month,Fiber optic,103.85,5485.5,Electronic check,Yes,54.5,Medium Risk
3460-TJBWI,24,Two year,No,24.2,609.05,Mailed check,No,2.35,Low Risk
5917-HBSDW,37,Month-to-month,No,19.35,683.75,Electronic check,No,4.68,Low Risk
5685-IIXLY,5,Month-to-month,Fiber optic,83.6,404.2,Electronic check,Yes,64.4,Medium Risk
5671-UUNXD,50,One year,Fiber optic,100.65,5189.75,Electronic check,No,34.24,Low Risk
0956-ACVZC,54,One year,Fiber optic,94.1,5060.9,Credit card (automatic),No,20.03,Low Risk
2325-NBPZG,3,Month-to-month,Fiber optic,74.55,233.65,Electronic check,No,59.22,Medium Risk
4250-ZBWLV,68,One year,Fiber optic,108.45,7176.55,Electronic check,Yes,14.21,Low Risk
4482-FTFFX,5,Month-to-month,DSL,56.15,291.45,Electronic check,No,29.33,Low Risk
8859-DZTGQ,33,Two year,No,20.35,689.75,Mailed check,No,1.38,Low Risk
0440-MOGPM,41,One year,DSL,80.55,3263.9,Electronic check,No,19.1,Low Risk
0020-JDNXP,34,One year,DSL,61.25,1993.2,Mailed check,No,6.77,Low Risk
3752-CQSJI,13,Month-to-month,No,20.45,254.5,Mailed check,No,13.64,Low Risk
5025-GOOKI,20,Month-to-month,No,18.9,347.65,Credit card (automatic),No,11.39,Low Risk
4698-KVLLG,51,Two year,No,19.6,967.9,Credit card (automatic),No,0.61,Low Risk
5095-AESKG,3,Month-to-month,Fiber optic,91.5,242.95,Credit card (automatic),Yes,66.74,Medium Risk
2887-JPYLU,41,Month-to-month,DSL,45.2,1841.9,Bank transfer (automatic),No,7.23,Low Risk
4770-QAZXN,13,Month-to-month,No,19.45,232.1,Credit card (automatic),No,10.88,Low Risk
4896-CPRPF,35,Two year,No,25.45,809.25,Bank transfer (automatic),No,1.29,Low Risk
1871-MOWRM,12,Month-to-month,Fiber optic,80.85,866.45,Bank transfer (automatic),Yes,25.85,Low Risk
9714-EDSUC,4,Month-to-month,Fiber optic,94.9,360.55,Mailed check,No,43.08,Medium Risk
2027-OAQQC,43,Month-to-month,DSL,49.05,2076.2,Bank transfer (automatic),Yes,26.59,Low Risk
0282-NVSJS,12,Month-to-month,DSL,29.3,355.9,Mailed check,No,35.52,Low Risk
9090-SGQXL,68,Month-to-month,Fiber optic,105.3,7299.65,Electronic check,Yes,45.29,Medium Risk
6595-YGXIT,25,Month-to-month,Fiber optic,88.95,2291.2,Electronic check,Yes,65.92,Medium Risk
7353-YOWFP,7,One year,No,20.25,129.15,Mailed check,No,8.03,Low Risk
9835-ZIITK,66,One year,Fiber optic,110.85,7491.75,Electronic check,Yes,24.38,Low Risk
8008-ESFLK,53,One year,Fiber optic,110.5,5835.5,Electronic check,No,10.93,Low Risk
7537-CBQUZ,63,Month-to-month,Fiber optic,109.4,7031.45,Bank transfer (automatic),No,30.83,Low Risk
1555-DJEQW,70,Two year,Fiber optic,114.2,7723.9,Bank transfer (automatic),Yes,4.3,Low Risk
5649-TJHOV,27,Month-to-month,DSL,36.5,1032.0,Bank transfer (automatic),Yes,29.85,Low Risk
0519-XUZJU,1,Month-to-month,Fiber optic,70.75,70.75,Mailed check,Yes,53.91,Medium Risk
3363-EWLGO,5,Month-to-month,No,19.95,109.6,Mailed check,No,16.38,Low Risk
4750-UKWJK,37,One year,No,19.6,727.8,Mailed check,No,2.52,Low Risk
6338-AVWCY,3,Month-to-month,DSL,40.15,130.75,Mailed check,Yes,60.56,Medium Risk
1689-YQBYY,12,Month-to-month,Fiber optic,76.6,893.0,Electronic check,No,62.62,Medium Risk
4487-ZYJZK,38,One year,No,19.6,763.1,Credit card (automatic),No,1.53,Low Risk
2959-FENLU,9,Month-to-month,Fiber optic,85.3,781.4,Credit card (automatic),No,59.22,Medium Risk
0708-LGSMF,13,Month-to-month,DSL,65.85,902.25,Electronic check,No,43.75,Medium Risk
9253-QXKBE,29,Month-to-month,Fiber optic,94.45,2653.65,Electronic check,Yes,72.11,High Risk
7634-HLQJR,47,Two year,No,20.05,1016.7,Credit card (automatic),No,0.53,Low Risk
0487-RPVUM,61,Month-to-month,Fiber optic,99.4,5943.65,Bank transfer (automatic),No,13.31,Low Risk
4079-ULGFR,16,Month-to-month,No,20.0,275.7,Mailed check,No,10.59,Low Risk
2516-XSJKX,41,Two year,DSL,78.45,3126.45,Electronic check,No,2.39,Low Risk
0057-QBUQH,43,Two year,No,25.1,1070.15,Electronic check,No,1.86,Low Risk
9445-SZLCH,36,Month-to-month,Fiber optic,97.35,3457.9,Bank transfer (automatic),Yes,38.04,Low Risk
6599-SFQVE,6,Month-to-month,DSL,55.0,340.4,Electronic check,No,52.22,Medium Risk
8331-ZXFOE,58,One year,DSL,71.1,4299.2,Credit card (automatic),No,2.34,Low Risk
4003-FUSHP,19,Month-to-month,DSL,61.55,1093.2,Credit card (automatic),No,23.21,Low Risk
0356-ERHVT,11,Month-to-month,DSL,45.9,521.9,Bank transfer (automatic),No,33.1,Low Risk
7325-ENZFI,39,One year,DSL,40.3,1630.4,Bank transfer (automatic),No,4.64,Low Risk
4884-ZTHVF,8,Month-to-month,Fiber optic,87.1,713.6,Electronic check,No,68.77,Medium Risk
3920-HIHMQ,26,Month-to-month,DSL,49.5,1265.65,Mailed check,No,23.62,Low Risk
3055-OYMSE,53,Month-to-month,Fiber optic,73.8,4003.85,Credit card (automatic),No,21.31,Low Risk
0613-WUXUM,70,Two year,No,19.2,1401.4,Mailed check,No,0.29,Low Risk
7568-PODML,1,Month-to-month,DSL,45.3,45.3,Mailed check,Yes,68.3,Medium Risk
4458-KVRBJ,59,Two year,No,25.0,1510.5,Mailed check,No,0.6,Low Risk
5349-IECLD,2,Month-to-month,Fiber optic,94.95,178.1,Electronic check,Yes,70.63,High Risk
1397-XKKWR,7,One year,DSL,35.3,264.8,Mailed check,No,18.74,Low Risk
3945-GFWQL,12,Month-to-month,DSL,44.55,480.6,Electronic check,Yes,35.01,Low Risk
8097-OMULG,59,One year,DSL,76.75,4541.9,Credit card (automatic),No,2.62,Low Risk
6013-BHCAW,61,Two year,DSL,81.0,4976.15,Bank transfer (automatic),No,2.96,Low Risk
0401-WDBXM,72,Two year,Fiber optic,105.55,7542.25,Bank transfer (automatic),No,6.31,Low Risk
3387-PLKUI,13,Month-to-month,No,18.8,251.25,Mailed check,No,10.1,Low Risk
6096-EGVTU,64,One year,No,24.9,1595.5,Mailed check,No,0.72,Low Risk
3797-VTIDR,1,Month-to-month,DSL,23.45,23.45,Electronic check,Yes,66.6,Medium Risk
5081-NWSUP,10,One year,DSL,64.9,685.55,Mailed check,No,12.2,Low Risk
2580-ATZSQ,65,One year,DSL,61.35,3874.1,Bank transfer (automatic),No,0.94,Low Risk
8085-MSNLK,62,Two year,Fiber optic,113.95,6891.4,Mailed check,No,4.93,Low Risk
9691-HKOVS,55,One year,DSL,90.15,4916.95,Electronic check,No,7.28,Low Risk
9881-VCZEP,25,Month-to-month,DSL,54.1,1373.0,Electronic check,No,25.2,Low Risk
9526-BIHHD,1,Month-to-month,DSL,29.7,29.7,Mailed check,Yes,38.69,Low Risk
8757-TFHHJ,1,Month-to-month,DSL,49.8,49.8,Credit card (automatic),No,31.97,Low Risk
4523-WXCEF,59,Month-to-month,Fiber optic,101.1,6039.9,Electronic check,Yes,36.84,Low Risk
1468-DEFNC,64,Two year,No,24.4,1548.65,Bank transfer (automatic),No,0.6,Low Risk
5119-KEPFY,36,Month-to-month,Fiber optic,95.0,3440.25,Bank transfer (automatic),No,55.91,Medium Risk
8364-TRMMK,3,Month-to-month,DSL,50.65,151.3,Mailed check,Yes,48.53,Medium Risk
0916-KNFAJ,61,Two year,DSL,69.9,4226.7,Mailed check,No,2.62,Low Risk
8319-QBEHW,26,One year,DSL,39.95,1023.75,Bank transfer (automatic),No,15.78,Low Risk
3063-QFSZL,1,Month-to-month,DSL,55.4,55.4,Electronic check,Yes,56.71,Medium Risk
8775-LHDJH,1,Month-to-month,Fiber optic,90.6,90.6,Electronic check,Yes,79.19,High Risk
9625-QNLUX,68,Two year,Fiber optic,103.25,7074.4,Credit card (automatic),No,4.52,Low Risk
3097-NQYSN,2,Month-to-month,Fiber optic,86.85,156.35,Mailed check,Yes,76.27,High Risk
4024-CSNBY,72,Two year,Fiber optic,94.25,6849.75,Bank transfer (automatic),No,2.59,Low Risk
7110-BDTWG,71,Two year,DSL,47.05,3263.6,Electronic check,No,2.24,Low Risk
7493-GVFIO,57,Two year,No,20.55,1252.85,Credit card (automatic),No,0.42,Low Risk
0690-SRQID,4,Month-to-month,No,19.65,67.55,Mailed check,No,23.33,Low Risk
9605-WGJVW,1,Month-to-month,Fiber optic,70.2,70.2,Electronic check,No,72.99,High Risk
9114-DPSIA,72,Two year,DSL,81.0,5750.0,Credit card (automatic),No,0.61,Low Risk
4700-UBQMV,21,One year,DSL,75.9,1549.75,Bank transfer (automatic),No,16.79,Low Risk
7711-GQBZC,71,Two year,No,24.7,1810.55,Bank transfer (automatic),No,0.26,Low Risk
3565-UNOCC,29,Month-to-month,Fiber optic,99.05,2952.85,Bank transfer (automatic),Yes,64.17,Medium Risk
4627-MIHJH,69,Two year,Fiber optic,110.25,7467.55,Credit card (automatic),No,4.71,Low Risk
9795-NREXC,64,Two year,DSL,85.0,5484.4,Credit card (automatic),No,2.28,Low Risk
8573-CGOCC,16,Month-to-month,No,19.75,294.9,Credit card (automatic),No,9.74,Low Risk
7356-AYNJP,4,One year,No,23.9,97.5,Electronic check,No,15.85,Low Risk
9249-FXSCK,52,One year,Fiber optic,111.25,5916.45,Credit card (automatic),Yes,14.46,Low Risk
5493-SDRDQ,2,Month-to-month,DSL,55.1,113.35,Mailed check,Yes,32.42,Low Risk
6286-SUUWT,1,Month-to-month,No,19.95,19.95,Mailed check,No,19.39,Low Risk
4819-HJPIW,18,Month-to-month,DSL,25.15,476.8,Mailed check,No,30.81,Low Risk
8654-DHAOW,2,Month-to-month,DSL,54.15,101.65,Mailed check,No,36.79,Low Risk
5438-QMDDL,19,Month-to-month,DSL,59.8,1130.85,Mailed check,No,29.82,Low Risk
9812-GHVRI,40,Month-to-month,Fiber optic,83.85,3532.25,Bank transfer (automatic),No,36.45,Low Risk
5553-AOINX,66,One year,Fiber optic,104.9,6891.45,Electronic check,No,24.55,Low Risk
1228-ZLNBX,21,Month-to-month,Fiber optic,75.3,1570.7,Mailed check,No,45.08,Medium Risk
4226-KKDON,8,Month-to-month,DSL,66.65,520.95,Electronic check,No,36.87,Low Risk
3831-YCPUO,72,Two year,Fiber optic,109.5,7854.9,Credit card (automatic),No,2.95,Low Risk
7445-WMRBW,48,One year,DSL,73.85,3581.4,Bank transfer (automatic),No,6.46,Low Risk
3308-DGHKL,69,Two year,No,19.3,1447.9,Bank transfer (automatic),No,0.36,Low Risk
9924-JPRMC,72,Two year,Fiber optic,118.2,8547.15,Electronic check,No,7.71,Low Risk
0080-EMYVY,14,One year,DSL,51.45,727.85,Credit card (automatic),No,10.48,Low Risk
6218-KNUBD,6,Month-to-month,DSL,59.45,357.6,Electronic check,No,39.49,Low Risk
7337-CINUD,8,Two year,No,19.5,159.35,Bank transfer (automatic),No,3.23,Low Risk
7609-NRNCA,17,One year,No,19.55,280.85,Mailed check,No,5.21,Low Risk
0623-EJQEG,65,One year,Fiber optic,93.55,6069.25,Electronic check,No,8.85,Low Risk
7153-CHRBV,57,One year,DSL,59.3,3274.35,Mailed check,No,1.64,Low Risk
0871-URUWO,13,Month-to-month,Fiber optic,102.25,1359.0,Credit card (automatic),Yes,69.27,Medium Risk
9190-MFJLN,19,Month-to-month,Fiber optic,95.9,1777.9,Credit card (automatic),Yes,61.52,Medium Risk
6198-PNNSZ,56,One year,Fiber optic,109.8,6109.65,Bank transfer (automatic),No,13.05,Low Risk
3317-VLGQT,14,Month-to-month,Fiber optic,78.1,1122.4,Electronic check,No,67.11,Medium Risk
4132-POCZS,52,Month-to-month,DSL,39.9,2020.9,Electronic check,No,15.65,Low Risk
5614-DNZCE,58,Two year,DSL,64.9,3795.45,Credit card (automatic),No,0.84,Low Risk
1095-JUDTC,47,Month-to-month,Fiber optic,95.05,4504.55,Electronic check,Yes,40.98,Medium Risk
3896-RCYYE,67,Month-to-month,DSL,53.4,3579.15,Credit card (automatic),No,9.27,Low Risk
9638-JIQYA,2,Month-to-month,DSL,24.9,49.7,Credit card (automatic),No,54.6,Medium Risk
3258-SANFR,6,Month-to-month,DSL,44.7,276.5,Credit card (automatic),No,31.91,Low Risk
3726-TBHQT,71,Two year,Fiber optic,114.0,8175.9,Bank transfer (automatic),No,4.64,Low Risk
3190-ITQXP,46,Two year,No,20.25,890.35,Bank transfer (automatic),No,0.56,Low Risk
0870-VEMYL,5,Month-to-month,DSL,53.85,259.8,Credit card (automatic),Yes,15.96,Low Risk
4833-QTJNO,67,Month-to-month,Fiber optic,83.85,5588.8,Bank transfer (automatic),No,10.98,Low Risk
3039-MJSLN,3,Month-to-month,No,20.2,50.6,Bank transfer (automatic),No,13.92,Low Risk
0178-CIIKR,3,Month-to-month,No,19.95,58.0,Mailed check,No,17.65,Low Risk
5385-SUIRI,52,Month-to-month,Fiber optic,104.2,5568.35,Electronic check,Yes,49.96,Medium Risk
3982-XWFZQ,42,Month-to-month,DSL,50.25,2203.65,Electronic check,Yes,22.55,Low Risk
5774-QPLTF,50,One year,No,20.35,938.95,Mailed check,No,1.39,Low Risk
2322-VCZHZ,23,Month-to-month,Fiber optic,90.0,2024.1,Electronic check,No,49.72,Medium Risk
5010-IPEAQ,67,Two year,DSL,54.2,3623.95,Credit card (automatic),No,0.64,Low Risk
4009-ALQFH,25,Month-to-month,Fiber optic,99.5,2369.05,Electronic check,Yes,59.75,Medium Risk
6383-ZTSIW,39,One year,Fiber optic,99.1,3877.95,Mailed check,No,17.3,Low Risk
8990-YOZLV,69,Two year,DSL,66.9,4577.9,Mailed check,No,0.85,Low Risk
3069-SSVSN,1,One year,DSL,25.85,25.85,Mailed check,No,31.35,Low Risk
5222-IMUKT,32,Month-to-month,Fiber optic,91.05,2871.5,Electronic check,No,49.84,Medium Risk
3627-FCRDW,9,Month-to-month,Fiber optic,71.0,672.55,Electronic check,Yes,54.83,Medium Risk
7562-GSUHK,16,Month-to-month,Fiber optic,93.2,1573.7,Credit card (automatic),Yes,49.12,Medium Risk
6685-XSHHU,60,Two year,No,20.95,1270.55,Bank transfer (automatic),No,0.43,Low Risk
8901-UPRHR,72,Two year,Fiber optic,109.2,7711.45,Bank transfer (automatic),No,5.82,Low Risk
4903-UYAVB,5,Month-to-month,No,19.35,126.05,Mailed check,Yes,17.18,Low Risk
0118-JPNOY,26,Month-to-month,Fiber optic,85.8,2193.65,Credit card (automatic),No,39.74,Low Risk
6776-TLWOI,3,Month-to-month,No,19.85,64.55,Mailed check,Yes,18.02,Low Risk
3845-FXCYS,2,Month-to-month,No,19.65,31.2,Electronic check,No,31.31,Low Risk
5857-XRECV,2,One year,No,20.5,38.25,Bank transfer (automatic),No,7.55,Low Risk
0725-CXOTM,36,One year,DSL,89.65,3348.1,Credit card (automatic),No,9.26,Low Risk
4343-EJVQB,7,Month-to-month,Fiber optic,74.35,533.6,Mailed check,No,39.72,Low Risk
9000-PLFUZ,60,Two year,DSL,49.45,2907.55,Credit card (automatic),No,4.48,Low Risk
3427-GGZZI,19,Month-to-month,Fiber optic,89.1,1620.8,Electronic check,No,65.95,Medium Risk
7779-ORAEL,45,Two year,DSL,75.15,3480.35,Credit card (automatic),No,2.45,Low Risk
0644-OQMDK,4,Month-to-month,Fiber optic,70.65,293.85,Electronic check,No,71.22,High Risk
4077-CROMM,31,Month-to-month,Fiber optic,104.2,3243.45,Electronic check,Yes,54.67,Medium Risk
3154-CFSZG,47,Month-to-month,Fiber optic,90.05,4137.2,Electronic check,No,20.71,Low Risk
2868-MZAGQ,1,Month-to-month,Fiber optic,79.25,79.25,Electronic check,Yes,75.25,High Risk
4847-QNOKA,1,Month-to-month,DSL,44.9,44.9,Bank transfer (automatic),Yes,41.91,Medium Risk
2220-IAHLS,1,Month-to-month,No,19.4,19.4,Credit card (automatic),No,17.68,Low Risk
1658-XUHBX,59,Month-to-month,Fiber optic,88.75,5348.65,Credit card (automatic),No,29.89,Low Risk
6379-RXJRQ,10,Month-to-month,Fiber optic,70.1,659.65,Electronic check,Yes,63.91,Medium Risk
2378-HTWFW,35,Month-to-month,Fiber optic,91.0,3180.5,Credit card (automatic),No,32.91,Low Risk
8650-RHRKE,4,Month-to-month,DSL,29.65,118.5,Electronic check,Yes,61.67,Medium Risk
4377-VDHYI,32,One year,Fiber optic,90.8,3023.85,Electronic check,No,21.03,Low Risk
0475-RIJEP,43,Month-to-month,Fiber optic,77.85,3365.85,Electronic check,Yes,41.32,Medium Risk
1260-TTRXI,4,Month-to-month,DSL,54.3,195.3,Electronic check,Yes,45.53,Medium Risk
3719-TDVQB,54,Two year,No,18.95,1031.1,Mailed check,No,0.88,Low Risk
6328-ZPBGN,11,Month-to-month,Fiber optic,95.15,997.65,Bank transfer (automatic),Yes,73.92,High Risk
0201-MIBOL,66,Two year,Fiber optic,102.4,6471.85,Bank transfer (automatic),No,9.0,Low Risk
4937-QPZPO,61,One year,Fiber optic,99.9,6241.35,Electronic check,No,27.62,Low Risk
2925-VDZHY,72,Two year,DSL,88.7,6501.35,Credit card (automatic),No,0.94,Low Risk
6981-TDRFT,44,One year,DSL,54.3,2317.1,Electronic check,No,13.12,Low Risk
3413-CSSTH,41,Month-to-month,DSL,55.7,2237.55,Bank transfer (automatic),No,16.71,Low Risk
8033-VCZGH,50,One year,Fiber optic,103.95,5231.3,Electronic check,No,30.54,Low Risk
4789-KWMXN,47,One year,Fiber optic,110.85,5275.8,Credit card (automatic),Yes,18.5,Low Risk
0224-NIJLP,8,Two year,No,20.15,165.5,Mailed check,No,3.51,Low Risk
7542-CYDDM,18,Month-to-month,No,20.05,358.5,Mailed check,No,9.82,Low Risk
4718-WXBGI,72,Two year,DSL,91.95,6614.9,Credit card (automatic),No,1.31,Low Risk
2867-UIMSS,1,Month-to-month,Fiber optic,80.5,80.5,Electronic check,Yes,67.16,Medium Risk
8495-PRWFH,42,Month-to-month,DSL,55.65,2421.75,Electronic check,No,18.57,Low Risk
0439-IFYUN,18,Month-to-month,Fiber optic,74.7,1294.6,Electronic check,No,56.02,Medium Risk
5716-LIBJC,13,One year,Fiber optic,104.15,1299.1,Credit card (automatic),No,42.85,Medium Risk
2868-LLSKM,68,One year,Fiber optic,83.65,5733.4,Bank transfer (automatic),No,5.86,Low Risk
8111-RKSPX,4,Month-to-month,Fiber optic,72.2,305.55,Bank transfer (automatic),Yes,67.56,Medium Risk
2988-QRAJY,69,Two year,Fiber optic,110.05,7430.75,Credit card (automatic),No,7.13,Low Risk
1585-MQSSU,17,Month-to-month,DSL,51.5,900.5,Mailed check,Yes,16.42,Low Risk
0071-NDAFP,25,Two year,No,25.5,630.6,Credit card (automatic),No,1.99,Low Risk
2856-NNASM,43,Month-to-month,Fiber optic,89.55,3856.75,Mailed check,Yes,47.47,Medium Risk
7328-ZJAJO,59,Two year,No,19.5,1222.65,Credit card (automatic),No,0.31,Low Risk
6458-CYIDZ,5,Month-to-month,Fiber optic,80.7,374.8,Electronic check,No,46.86,Medium Risk
8559-CIZFV,21,One year,DSL,77.5,1625.0,Mailed check,Yes,6.37,Low Risk
1090-PYKCI,69,One year,Fiber optic,105.1,7234.8,Credit card (automatic),No,5.86,Low Risk
3058-WQDRE,13,Month-to-month,DSL,25.15,331.85,Bank transfer (automatic),No,42.82,Medium Risk
7547-EKNFS,42,Month-to-month,Fiber optic,95.25,3959.35,Bank transfer (automatic),Yes,40.33,Medium Risk
2279-AXJJK,52,Month-to-month,Fiber optic,95.65,5088.4,Credit card (automatic),No,26.72,Low Risk
6769-DYBQN,46,Month-to-month,Fiber optic,85.0,3969.4,Electronic check,Yes,28.02,Low Risk
0909-SELIE,61,Two year,DSL,80.8,4860.85,Bank transfer (automatic),No,1.61,Low Risk
3417-TSCIC,29,One year,DSL,24.85,788.05,Mailed check,No,16.46,Low Risk
1042-HFUCW,25,One year,DSL,54.75,1266.35,Credit card (automatic),No,5.87,Low Risk
4439-JMPMT,5,Month-to-month,Fiber optic,85.75,470.95,Electronic check,Yes,59.13,Medium Risk
6537-OTKMY,15,One year,DSL,50.75,688.2,Electronic check,No,35.16,Low Risk
8999-EXMNO,19,Two year,No,20.15,387.7,Mailed check,No,2.09,Low Risk
6725-TPKJO,44,Two year,No,20.05,845.25,Mailed check,No,0.82,Low Risk
2446-BEGGB,6,Month-to-month,Fiber optic,98.25,560.6,Electronic check,Yes,80.8,High Risk
7162-WPHPM,58,Two year,DSL,71.6,4230.25,Credit card (automatic),No,0.69,Low Risk
1599-MMYRQ,62,One year,Fiber optic,81.45,4983.05,Credit card (automatic),No,4.55,Low Risk
8821-KVZKQ,70,One year,DSL,58.4,4113.15,Bank transfer (automatic),No,3.34,Low Risk
1496-GGSUK,1,Month-to-month,DSL,25.7,25.7,Mailed check,Yes,60.81,Medium Risk
6434-TTGJP,10,Two year,DSL,53.7,521.0,Credit card (automatic),No,5.6,Low Risk
0042-JVWOJ,26,One year,No,19.6,471.85,Bank transfer (automatic),No,4.75,Low Risk
0130-SXOUN,66,Month-to-month,Fiber optic,89.4,5976.9,Credit card (automatic),No,18.12,Low Risk
2575-GFSOE,7,Month-to-month,Fiber optic,69.0,506.9,Electronic check,Yes,61.45,Medium Risk
2330-PQGDQ,51,One year,Fiber optic,84.2,4299.75,Bank transfer (automatic),No,6.88,Low Risk
1452-UZOSF,72,Two year,Fiber optic,106.1,7548.6,Credit card (automatic),No,2.9,Low Risk
2097-YVPKN,65,Two year,No,25.75,1654.75,Mailed check,No,0.45,Low Risk
2842-JTCCU,2,Month-to-month,DSL,46.05,80.35,Bank transfer (automatic),Yes,32.25,Low Risk
8597-CTXVJ,70,One year,DSL,64.95,4551.5,Bank transfer (automatic),No,0.84,Low Risk
6631-HMANX,72,Two year,DSL,85.45,6227.5,Credit card (automatic),No,2.34,Low Risk
9962-BFPDU,1,Month-to-month,No,20.05,20.05,Mailed check,No,16.1,Low Risk
3296-SILRA,1,Month-to-month,Fiber optic,76.4,76.4,Mailed check,Yes,62.31,Medium Risk
9681-OXGVC,5,Month-to-month,Fiber optic,100.5,514.0,Electronic check,Yes,80.66,High Risk
6394-HHHZM,3,Month-to-month,No,20.7,57.5,Mailed check,No,17.75,Low Risk
5995-LFTLE,58,Two year,No,25.3,1474.35,Credit card (automatic),No,0.81,Low Risk
5180-UCIIQ,22,Month-to-month,DSL,40.05,880.2,Mailed check,Yes,23.51,Low Risk
1932-UEDCX,33,Month-to-month,Fiber optic,100.6,3270.25,Bank transfer (automatic),No,57.55,Medium Risk
7153-OANIO,1,Month-to-month,Fiber optic,69.95,69.95,Electronic check,Yes,62.34,Medium Risk
5188-HGMLP,54,Month-to-month,Fiber optic,74.0,3919.15,Bank transfer (automatic),No,22.83,Low Risk
0665-XHDJU,72,Two year,Fiber optic,99.4,7285.7,Electronic check,No,13.66,Low Risk
6521-YYTYI,1,Month-to-month,Fiber optic,93.3,93.3,Electronic check,Yes,80.47,High Risk
8878-HMWBV,3,Month-to-month,DSL,49.15,169.05,Electronic check,Yes,49.52,Medium Risk
8265-HKSOW,72,Two year,Fiber optic,107.45,7658.3,Credit card (automatic),No,1.98,Low Risk
3544-FBCAS,72,Two year,DSL,83.6,5959.3,Credit card (automatic),No,1.71,Low Risk
5331-RGMTT,54,Month-to-month,Fiber optic,99.05,5295.7,Credit card (automatic),No,46.21,Medium Risk
4759-PXTAN,59,One year,DSL,80.1,4693.2,Electronic check,No,8.82,Low Risk
7054-DMVAS,54,Two year,DSL,65.3,3512.9,Bank transfer (automatic),No,1.88,Low Risk
3428-MMGUB,60,Two year,Fiber optic,89.55,5231.2,Electronic check,No,13.99,Low Risk
6549-BTYPG,60,Two year,DSL,60.8,3603.45,Credit card (automatic),No,2.07,Low Risk
7823-JSOAG,3,Month-to-month,Fiber optic,74.5,217.45,Electronic check,No,67.5,Medium Risk
3705-RHRFR,69,Two year,Fiber optic,99.15,6875.35,Bank transfer (automatic),No,5.7,Low Risk
9374-YOLBJ,1,Month-to-month,No,19.25,19.25,Electronic check,No,20.99,Low Risk
9074-KGVOX,50,Month-to-month,DSL,39.45,2021.35,Credit card (automatic),No,9.9,Low Risk
6128-DAFVY,56,Month-to-month,DSL,44.85,2564.95,Credit card (automatic),No,17.22,Low Risk
9933-QRGTX,60,Two year,Fiber optic,97.2,5611.75,Electronic check,No,7.52,Low Risk
4476-OSWTN,69,One year,Fiber optic,110.55,7610.1,Mailed check,No,14.1,Low Risk
3751-KTZEL,1,Month-to-month,DSL,35.05,35.05,Mailed check,Yes,53.93,Medium Risk
1977-STDKI,1,Month-to-month,Fiber optic,73.0,73.0,Electronic check,Yes,70.23,High Risk
5066-GFJMM,3,Month-to-month,No,19.9,45.75,Mailed check,No,24.05,Low Risk
2661-GKBTK,60,Two year,DSL,76.95,4543.95,Bank transfer (automatic),No,1.27,Low Risk
0458-HEUZG,13,Two year,DSL,35.4,450.4,Mailed check,No,8.62,Low Risk
7268-WNTCP,62,Two year,No,20.45,1297.35,Bank transfer (automatic),No,0.28,Low Risk
0824-VWDPO,45,One year,Fiber optic,96.75,4442.75,Bank transfer (automatic),No,12.31,Low Risk
8409-WQJUX,25,One year,DSL,54.2,1423.15,Electronic check,No,21.12,Low Risk
2578-JQPHZ,44,Two year,Fiber optic,100.1,4378.35,Bank transfer (automatic),No,8.27,Low Risk
3278-FSIXX,2,Month-to-month,DSL,45.25,74.2,Mailed check,No,42.47,Medium Risk
5813-UECBU,33,Month-to-month,Fiber optic,83.85,2716.3,Credit card (automatic),Yes,42.1,Medium Risk
0328-GRPMV,1,Month-to-month,Fiber optic,70.1,70.1,Electronic check,Yes,70.08,High Risk
9746-UGFAC,22,One year,No,20.85,450.65,Bank transfer (automatic),No,3.86,Low Risk
2946-KIQSP,35,Month-to-month,DSL,33.45,1175.85,Mailed check,No,17.56,Low Risk
0625-AFOHS,29,Two year,No,20.2,558.8,Mailed check,No,1.31,Low Risk
6726-WEXXK,27,One year,Fiber optic,85.9,2220.1,Electronic check,No,33.5,Low Risk
4636-OLWOE,54,One year,DSL,61.0,3283.05,Electronic check,No,3.18,Low Risk
4342-HENTK,2,Month-to-month,Fiber optic,70.65,142.35,Electronic check,Yes,72.13,High Risk
4685-ERGHK,57,One year,Fiber optic,86.9,4939.25,Electronic check,No,25.31,Low Risk
0885-HMGPY,62,Two year,DSL,69.4,4237.5,Bank transfer (automatic),No,0.74,Low Risk
5003-OKNNK,15,One year,No,20.35,335.95,Credit card (automatic),No,4.29,Low Risk
4195-SMMNX,2,Month-to-month,No,20.35,33.2,Mailed check,Yes,18.53,Low Risk
7208-PSIHR,70,Two year,Fiber optic,104.3,7188.5,Bank transfer (automatic),No,8.29,Low Risk
4012-ZTHBR,21,Month-to-month,DSL,44.95,926.25,Electronic check,No,27.65,Low Risk
0489-WMEMG,23,One year,DSL,49.45,1119.35,Electronic check,No,10.82,Low Risk
7435-ZNUYY,6,One year,No,20.6,116.6,Mailed check,No,8.51,Low Risk
1354-YZFNB,4,Two year,No,19.55,68.8,Credit card (automatic),No,3.83,Low Risk
6956-SMUCM,3,Month-to-month,Fiber optic,99.0,287.4,Credit card (automatic),Yes,59.47,Medium Risk
2985-FMWYF,23,Month-to-month,Fiber optic,93.5,2341.55,Electronic check,No,73.42,High Risk
2812-ENYMO,26,One year,DSL,54.55,1362.85,Credit card (automatic),No,10.29,Low Risk
2717-HVIZY,8,Month-to-month,No,20.05,163.6,Mailed check,No,11.97,Low Risk
3223-WZWJM,26,Month-to-month,Fiber optic,83.95,2254.2,Electronic check,Yes,65.38,Medium Risk
3422-GALYP,2,Month-to-month,Fiber optic,79.45,145.15,Electronic check,No,72.28,High Risk
9053-JZFKV,67,Two year,Fiber optic,116.2,7752.3,Credit card (automatic),Yes,4.08,Low Risk
2530-ENDWQ,71,Two year,Fiber optic,93.7,6585.35,Bank transfer (automatic),Yes,10.25,Low Risk
2890-WFBHU,59,One year,DSL,79.85,4786.1,Credit card (automatic),No,2.19,Low Risk
0327-WFZSY,39,One year,Fiber optic,100.0,3835.55,Electronic check,No,31.5,Low Risk
7977-HXJKU,21,Two year,No,19.6,397.0,Mailed check,No,1.92,Low Risk
6615-ZGEDR,1,Month-to-month,No,19.7,19.7,Mailed check,Yes,19.46,Low Risk
7033-CLAMM,48,Two year,No,20.2,1027.25,Bank transfer (automatic),No,0.52,Low Risk
4023-RTIQM,31,One year,DSL,50.4,1580.1,Credit card (automatic),No,12.62,Low Risk
0864-FVJNJ,64,One year,Fiber optic,113.35,7222.75,Electronic check,No,9.71,Low Risk
7356-IWLFW,46,Month-to-month,Fiber optic,80.0,3769.7,Bank transfer (automatic),No,26.16,Low Risk
9541-PWTWO,52,Two year,DSL,80.95,4233.95,Bank transfer (automatic),No,4.64,Low Risk
3967-VQOGC,67,Two year,No,24.9,1680.25,Mailed check,No,0.48,Low Risk
7872-RDDLZ,67,Month-to-month,DSL,54.9,3725.5,Electronic check,No,7.07,Low Risk
9250-WYPLL,5,Month-to-month,Fiber optic,75.55,413.65,Electronic check,Yes,65.31,Medium Risk
6308-CQRBU,71,Two year,Fiber optic,109.25,7707.7,Electronic check,No,7.59,Low Risk
2754-XBHTB,9,Month-to-month,Fiber optic,77.65,714.15,Bank transfer (automatic),Yes,61.69,Medium Risk
1597-LHYNC,26,Month-to-month,Fiber optic,95.0,2497.2,Electronic check,Yes,54.74,Medium Risk
0186-CAERR,71,One year,Fiber optic,116.3,8309.55,Bank transfer (automatic),No,10.17,Low Risk
3043-SUDUA,32,Month-to-month,No,19.9,601.55,Bank transfer (automatic),No,4.88,Low Risk
5442-BHQNG,2,Month-to-month,Fiber optic,70.35,139.25,Electronic check,No,60.82,Medium Risk
2169-RRLFW,71,Two year,No,25.6,1888.25,Credit card (automatic),No,0.31,Low Risk
5872-OEQNH,60,One year,DSL,44.45,2773.9,Electronic check,No,6.34,Low Risk
3162-KKZXO,55,One year,Fiber optic,100.15,5409.75,Electronic check,No,37.01,Low Risk
7055-VKGDA,54,One year,Fiber optic,105.4,5643.4,Credit card (automatic),Yes,10.05,Low Risk
0754-UKWQP,2,Month-to-month,Fiber optic,95.85,197.7,Electronic check,Yes,77.49,High Risk
8873-GLDMH,6,Month-to-month,Fiber optic,73.85,401.3,Mailed check,No,66.23,Medium Risk
5696-JVVQY,48,Two year,DSL,70.1,3238.4,Credit card (automatic),No,1.8,Low Risk
8946-BFWSG,63,Two year,No,25.25,1573.05,Mailed check,No,0.4,Low Risk
7493-TPUWZ,1,Month-to-month,Fiber optic,79.15,79.15,Electronic check,Yes,73.11,High Risk
0547-HURJB,12,Month-to-month,No,21.05,235.8,Credit card (automatic),No,9.25,Low Risk
8904-OPDCK,54,Month-to-month,DSL,24.95,1364.75,Bank transfer (automatic),No,12.17,Low Risk
8845-LWKGE,30,One year,DSL,64.5,1985.15,Electronic check,No,11.26,Low Risk
1577-HKTFG,30,Month-to-month,No,19.65,655.85,Bank transfer (automatic),Yes,5.57,Low Risk
8752-STIVR,4,Month-to-month,Fiber optic,79.0,303.15,Electronic check,Yes,72.97,High Risk
0691-NIKRI,40,One year,Fiber optic,105.95,4335.2,Credit card (automatic),No,27.59,Low Risk
5022-JNQEQ,9,Month-to-month,Fiber optic,75.85,647.5,Electronic check,No,49.63,Medium Risk
4558-FANTW,17,Month-to-month,Fiber optic,91.85,1574.45,Electronic check,Yes,30.92,Low Risk
3249-VHRIP,62,Two year,DSL,43.6,2748.7,Credit card (automatic),No,2.64,Low Risk
3736-BLEPA,28,One year,Fiber optic,91.25,2483.65,Bank transfer (automatic),No,19.98,Low Risk
4701-LKOZD,70,Two year,DSL,89.75,6367.2,Credit card (automatic),No,1.19,Low Risk
6603-QWSPR,46,Two year,Fiber optic,104.4,4904.2,Bank transfer (automatic),No,9.97,Low Risk
9921-QFQUL,23,Month-to-month,Fiber optic,90.15,2044.95,Mailed check,No,49.83,Medium Risk
1929-ZCBHE,47,One year,DSL,40.3,1794.8,Electronic check,No,3.16,Low Risk
4378-MYPGO,68,Two year,Fiber optic,105.25,7173.15,Bank transfer (automatic),No,4.57,Low Risk
8651-ENBZX,60,One year,Fiber optic,106.0,6441.4,Electronic check,Yes,28.15,Low Risk
4129-LYCOI,67,Two year,Fiber optic,104.0,7039.05,Electronic check,No,9.3,Low Risk
7798-JVXYM,14,Month-to-month,DSL,69.65,921.4,Electronic check,No,41.74,Medium Risk
8647-SDTWQ,57,Month-to-month,Fiber optic,74.3,4018.35,Electronic check,No,27.59,Low Risk
2696-ECXKC,55,One year,Fiber optic,100.9,5448.6,Mailed check,No,12.44,Low Risk
2081-KJSQF,1,Month-to-month,No,20.25,20.25,Mailed check,No,25.75,Low Risk
7623-TRNQN,1,Month-to-month,DSL,49.9,49.9,Mailed check,Yes,30.41,Low Risk
3323-CPBWR,23,Month-to-month,Fiber optic,96.9,2085.45,Credit card (automatic),No,46.58,Medium Risk
9330-IJWIO,13,Month-to-month,Fiber optic,100.35,1358.85,Electronic check,Yes,69.74,Medium Risk
3384-CTMSF,47,Month-to-month,Fiber optic,104.1,5135.15,Electronic check,No,56.35,Medium Risk
0902-RFHOF,38,One year,No,20.1,730.1,Mailed check,No,2.07,Low Risk
9286-DOJGF,38,Month-to-month,Fiber optic,74.95,2869.85,Bank transfer (automatic),Yes,42.21,Medium Risk
6048-QBXKL,2,Month-to-month,DSL,56.55,118.25,Credit card (automatic),No,45.76,Medium Risk
9661-MHUMO,1,Month-to-month,DSL,49.25,49.25,Credit card (automatic),Yes,32.03,Low Risk
7718-RXDGG,15,Month-to-month,Fiber optic,68.6,1108.6,Bank transfer (automatic),No,51.66,Medium Risk
1025-FALIX,26,Month-to-month,Fiber optic,69.05,1815.65,Credit card (automatic),No,39.91,Low Risk
3451-VAWLI,35,Two year,No,19.7,730.4,Credit card (automatic),No,0.92,Low Risk
3407-QGWLG,3,Month-to-month,No,20.05,75.45,Mailed check,No,20.31,Low Risk
1842-EZJMK,50,Month-to-month,Fiber optic,103.7,5071.05,Electronic check,Yes,30.25,Low Risk
2347-WKKAE,42,Month-to-month,Fiber optic,94.4,4014.6,Electronic check,No,44.45,Medium Risk
8735-DCXNF,10,Month-to-month,DSL,54.95,568.85,Credit card (automatic),No,18.97,Low Risk
3214-IYUUQ,61,One year,Fiber optic,93.7,5860.7,Bank transfer (automatic),No,4.61,Low Risk
1936-UAFEH,68,Two year,Fiber optic,110.25,7279.35,Credit card (automatic),No,3.61,Low Risk
3587-PMCOY,10,One year,Fiber optic,98.9,1064.95,Electronic check,No,48.51,Medium Risk
8079-XRJRS,65,One year,Fiber optic,89.75,5769.6,Electronic check,Yes,7.8,Low Risk
1027-LKKQQ,72,Two year,DSL,80.45,5886.85,Bank transfer (automatic),No,1.03,Low Risk
7148-XZPHA,55,Month-to-month,Fiber optic,79.4,4238.45,Electronic check,No,11.65,Low Risk
8073-IJDCM,1,Month-to-month,No,20.3,20.3,Mailed check,Yes,25.32,Low Risk
5309-TAIKL,7,Month-to-month,DSL,62.8,418.3,Bank transfer (automatic),No,25.5,Low Risk
6856-RAURS,2,Month-to-month,Fiber optic,74.9,136.05,Mailed check,No,68.9,Medium Risk
8778-LMWTJ,9,Month-to-month,Fiber optic,74.85,708.2,Electronic check,No,54.28,Medium Risk
9717-IOAAF,27,Two year,No,25.85,788.55,Credit card (automatic),No,2.61,Low Risk
8884-ADFVN,7,Month-to-month,Fiber optic,101.95,700.85,Electronic check,Yes,82.17,High Risk
2845-KDHVX,64,Two year,DSL,68.3,4378.8,Mailed check,No,1.57,Low Risk
0848-SOMKO,70,Two year,DSL,48.4,3442.8,Bank transfer (automatic),No,0.82,Low Risk
2720-WGKHP,2,Month-to-month,Fiber optic,94.0,181.7,Electronic check,Yes,85.06,High Risk
6734-FQAJX,67,Two year,Fiber optic,105.05,7171.7,Electronic check,No,6.98,Low Risk
2869-ADAWR,45,Month-to-month,Fiber optic,89.3,4016.85,Credit card (automatic),Yes,36.74,Low Risk
1535-VTJOQ,24,Two year,No,25.15,553.0,Credit card (automatic),No,2.46,Low Risk
6368-TZZDT,4,Two year,No,19.5,96.85,Credit card (automatic),No,3.86,Low Risk
0943-ZQPXH,44,Month-to-month,Fiber optic,92.95,4122.9,Bank transfer (automatic),No,37.3,Low Risk
1293-BSEUN,72,Two year,No,20.7,1482.3,Mailed check,No,0.26,Low Risk
9894-EZEWG,1,Month-to-month,Fiber optic,74.3,74.3,Credit card (automatic),Yes,56.86,Medium Risk
1302-TPUBN,66,Two year,No,19.35,1240.8,Bank transfer (automatic),No,0.28,Low Risk
7851-FLGGQ,1,Month-to-month,DSL,44.65,44.65,Mailed check,Yes,50.15,Medium Risk
0637-UBJRP,13,Month-to-month,Fiber optic,84.05,1095.3,Electronic check,Yes,43.57,Medium Risk
0940-OUQEC,10,Month-to-month,Fiber optic,80.7,788.8,Bank transfer (automatic),Yes,57.25,Medium Risk
2378-VTKDH,65,Month-to-month,Fiber optic,104.35,6578.55,Electronic check,No,45.35,Medium Risk
0927-CNGRH,1,Month-to-month,No,19.55,19.55,Mailed check,No,16.25,Low Risk
8608-OZTLB,38,One year,DSL,74.05,2802.3,Electronic check,No,3.81,Low Risk
2335-GSODA,23,Two year,DSL,40.1,857.75,Mailed check,No,3.24,Low Risk
1952-DVVSW,10,One year,No,20.1,184.4,Mailed check,No,7.21,Low Risk
0702-PGIBZ,4,Month-to-month,Fiber optic,101.7,364.55,Electronic check,Yes,74.65,High Risk
6656-GULJQ,72,Two year,DSL,83.55,6093.3,Credit card (automatic),No,1.48,Low Risk
9853-JFZDU,35,Month-to-month,DSL,56.85,1861.1,Electronic check,No,9.97,Low Risk
1963-VAUKV,1,Month-to-month,No,20.4,20.4,Mailed check,Yes,18.92,Low Risk
3777-XROBG,58,Two year,No,19.55,1079.65,Credit card (automatic),No,0.31,Low Risk
6994-FGRHH,70,One year,Fiber optic,106.15,7475.1,Electronic check,No,11.93,Low Risk
4000-VGMQP,38,One year,DSL,78.95,2862.55,Credit card (automatic),No,8.97,Low Risk
3999-WRNGR,60,Month-to-month,DSL,49.75,3069.45,Electronic check,No,16.47,Low Risk
3466-RITXD,26,Month-to-month,Fiber optic,92.4,2349.8,Credit card (automatic),No,41.84,Medium Risk
2680-XKKNJ,8,One year,DSL,58.2,469.25,Bank transfer (automatic),No,6.86,Low Risk
3058-HJCUY,41,One year,Fiber optic,102.6,4213.35,Electronic check,Yes,32.15,Low Risk
2974-GGUXS,36,Month-to-month,Fiber optic,91.95,3301.05,Credit card (automatic),No,46.55,Medium Risk
7994-XIRTR,54,One year,DSL,65.25,3529.95,Bank transfer (automatic),No,3.45,Low Risk
3259-FDWOY,71,Two year,Fiber optic,106.0,7723.7,Bank transfer (automatic),Yes,8.57,Low Risk
2101-RANCD,55,Month-to-month,Fiber optic,73.1,4144.9,Electronic check,No,34.77,Low Risk
7921-BEPCI,72,Two year,DSL,59.75,4265.0,Bank transfer (automatic),No,0.66,Low Risk
0807-ZABDG,3,Month-to-month,DSL,55.1,154.65,Mailed check,Yes,20.49,Low Risk
8510-TMWYB,54,Two year,DSL,59.8,3246.45,Bank transfer (automatic),No,2.23,Low Risk
3258-ZKPAI,72,Two year,Fiber optic,116.6,8337.45,Bank transfer (automatic),No,4.37,Low Risk
1428-IEDPR,52,Two year,Fiber optic,109.3,5731.4,Electronic check,No,13.41,Low Risk
5298-GSTLM,60,One year,Fiber optic,101.4,6176.6,Bank transfer (automatic),No,19.76,Low Risk
4450-YOOHP,39,Month-to-month,DSL,50.65,1905.4,Credit card (automatic),No,28.69,Low Risk
6728-CZFEI,15,One year,DSL,56.15,931.9,Mailed check,No,16.23,Low Risk
5748-RNCJT,69,Two year,Fiber optic,106.5,7348.8,Bank transfer (automatic),Yes,8.65,Low Risk
3653-NCRDJ,43,One year,No,19.2,776.25,Mailed check,No,1.95,Low Risk
6121-TNHBO,63,One year,DSL,83.0,5243.05,Bank transfer (automatic),No,2.22,Low Risk
5119-NZPTV,2,Month-to-month,Fiber optic,70.1,141.65,Electronic check,No,65.29,Medium Risk
6519-ZHPXP,72,Two year,Fiber optic,108.3,7679.65,Bank transfer (automatic),No,2.98,Low Risk
7739-LAXOG,32,Month-to-month,Fiber optic,91.05,2954.5,Bank transfer (automatic),Yes,45.12,Medium Risk
3472-QPRCH,40,Two year,No,25.25,1006.9,Credit card (automatic),No,1.02,Low Risk
8224-UAXBZ,58,One year,DSL,45.35,2540.1,Electronic check,No,5.82,Low Risk
9610-WCESF,67,Two year,DSL,43.9,3097.2,Electronic check,No,1.33,Low Risk
9776-CLUJA,51,Month-to-month,Fiber optic,77.5,3807.35,Electronic check,Yes,32.03,Low Risk
2486-WYVVE,31,One year,DSL,79.3,2484.0,Mailed check,No,17.44,Low Risk
3865-ZYKAD,69,Month-to-month,Fiber optic,84.9,5785.65,Credit card (automatic),No,13.88,Low Risk
1422-DGUBX,32,One year,Fiber optic,79.25,2619.15,Electronic check,No,29.51,Low Risk
2999-AANRQ,21,Two year,DSL,71.05,1524.85,Credit card (automatic),No,2.8,Low Risk
8668-KNZTI,52,One year,DSL,53.75,2790.65,Electronic check,No,3.22,Low Risk
0480-KYJVA,72,Two year,No,24.25,1784.5,Credit card (automatic),No,0.24,Low Risk
6034-ZRYCV,72,Two year,DSL,54.2,3937.45,Electronic check,Yes,3.92,Low Risk
9746-YKGXB,52,One year,DSL,44.25,2276.1,Bank transfer (automatic),No,3.44,Low Risk
3926-YZVVX,41,One year,DSL,50.05,2029.05,Bank transfer (automatic),No,3.35,Low Risk
6000-UKLWI,41,Two year,No,20.15,802.35,Mailed check,No,0.95,Low Risk
2079-FBMZK,6,Month-to-month,Fiber optic,69.25,418.4,Mailed check,Yes,59.49,Medium Risk
6332-FBZRI,67,One year,DSL,69.35,4653.25,Credit card (automatic),No,1.4,Low Risk
2096-XOTMO,16,Month-to-month,No,19.35,275.9,Mailed check,No,8.75,Low Risk
3266-FTKHB,17,Two year,No,19.15,343.45,Mailed check,No,2.9,Low Risk
8221-EQDGL,35,Month-to-month,DSL,61.0,2130.45,Mailed check,No,7.6,Low Risk
2346-LOCWC,58,Two year,No,20.5,1191.4,Credit card (automatic),No,0.31,Low Risk
6608-QQLVK,1,Month-to-month,DSL,50.5,50.5,Electronic check,Yes,50.72,Medium Risk
0298-XACET,52,Two year,DSL,50.2,2554.0,Mailed check,No,1.8,Low Risk
7560-QJAVJ,70,Two year,DSL,79.6,5589.45,Bank transfer (automatic),No,0.92,Low Risk
2995-YWTCD,19,Two year,No,24.9,467.7,Bank transfer (automatic),No,3.77,Low Risk
3551-HUAZH,1,Month-to-month,Fiber optic,74.4,74.4,Electronic check,Yes,78.89,High Risk
9137-UIYPG,35,Month-to-month,Fiber optic,106.9,3756.45,Electronic check,No,34.05,Low Risk
2809-ZMYOQ,32,Month-to-month,Fiber optic,101.35,3334.9,Electronic check,No,66.67,Medium Risk
5084-OOVCJ,17,Month-to-month,DSL,55.35,920.5,Credit card (automatic),No,12.14,Low Risk
0254-WWRKD,67,One year,DSL,50.55,3431.75,Credit card (automatic),No,1.21,Low Risk
7727-SHVZV,9,Month-to-month,No,19.5,150.35,Bank transfer (automatic),No,13.11,Low Risk
6302-JGYRJ,31,One year,DSL,79.45,2587.7,Mailed check,Yes,12.83,Low Risk
5339-PXDVH,4,Month-to-month,Fiber optic,90.65,367.95,Electronic check,No,61.93,Medium Risk
2205-LPVGL,58,One year,Fiber optic,89.85,5125.75,Bank transfer (automatic),No,6.36,Low Risk
8782-NUUOL,60,One year,DSL,79.0,4801.1,Mailed check,No,2.68,Low Risk
3685-YLCMQ,58,One year,Fiber optic,104.65,6219.6,Electronic check,Yes,27.22,Low Risk
7601-WFVZV,1,Month-to-month,No,19.55,19.55,Mailed check,No,19.51,Low Risk
4609-KNNWG,27,Two year,No,19.9,550.1,Mailed check,No,1.46,Low Risk
4868-AADLV,66,One year,Fiber optic,116.25,7862.25,Electronic check,No,15.45,Low Risk
9529-OFXHY,15,Month-to-month,Fiber optic,87.75,1242.2,Bank transfer (automatic),No,54.34,Medium Risk
8634-MPHTR,47,Month-to-month,Fiber optic,100.05,4871.05,Electronic check,Yes,62.22,Medium Risk
2669-QVCRG,41,Month-to-month,Fiber optic,81.3,3190.65,Credit card (automatic),No,26.17,Low Risk
2478-EEWWM,59,Month-to-month,DSL,44.3,2666.75,Electronic check,No,22.54,Low Risk
9174-IHETN,50,Two year,Fiber optic,70.35,3533.6,Credit card (automatic),No,3.87,Low Risk
2233-TXSIU,17,One year,DSL,44.45,792.15,Credit card (automatic),No,12.74,Low Risk
9644-UMGQA,6,Month-to-month,DSL,49.15,295.65,Electronic check,No,32.51,Low Risk
3256-EZDBI,51,Month-to-month,DSL,29.45,1459.35,Credit card (automatic),No,11.94,Low Risk
8761-NSOBC,44,Month-to-month,Fiber optic,100.55,4398.15,Electronic check,Yes,30.86,Low Risk
0419-YAAPX,49,Month-to-month,Fiber optic,85.3,4297.95,Credit card (automatic),No,27.98,Low Risk
8413-VONUO,2,Month-to-month,Fiber optic,95.65,167.3,Electronic check,Yes,67.29,Medium Risk
0872-CASZJ,59,One year,DSL,69.1,4096.9,Mailed check,No,3.88,Low Risk
4726-DLWQN,50,Month-to-month,DSL,70.35,3454.6,Bank transfer (automatic),No,12.19,Low Risk
8164-OCKUJ,59,Two year,No,20.6,1286.0,Mailed check,No,0.34,Low Risk
3094-JOJAI,18,Month-to-month,Fiber optic,74.15,1387.0,Mailed check,No,48.38,Medium Risk
9494-MRNYX,10,Month-to-month,Fiber optic,75.05,786.3,Electronic check,No,62.15,Medium Risk
2599-CZABP,14,One year,DSL,44.6,641.25,Electronic check,No,18.31,Low Risk
7945-PRBVF,35,Two year,No,21.45,705.45,Bank transfer (automatic),No,1.13,Low Risk
4544-RXFMG,8,One year,DSL,43.45,345.5,Mailed check,No,19.85,Low Risk
0859-YGKFW,18,One year,No,20.05,345.9,Bank transfer (automatic),No,3.91,Low Risk
1150-FTQGN,60,One year,Fiber optic,94.15,5811.8,Bank transfer (automatic),No,7.17,Low Risk
9223-UCPVT,1,Month-to-month,Fiber optic,94.4,94.4,Electronic check,Yes,71.05,High Risk
7196-LIWRH,6,Two year,No,19.55,124.45,Mailed check,No,4.61,Low Risk
5448-VWNAM,19,Month-to-month,DSL,75.9,1375.6,Mailed check,No,17.1,Low Risk
1177-XZBJL,53,One year,DSL,64.15,3491.55,Bank transfer (automatic),No,1.61,Low Risk
3518-FSTWG,72,Two year,Fiber optic,109.55,7920.7,Bank transfer (automatic),No,8.3,Low Risk
9330-VOFSZ,60,Two year,Fiber optic,110.8,6640.7,Credit card (automatic),No,9.47,Low Risk
4351-QLCSU,1,Month-to-month,DSL,55.0,55.0,Credit card (automatic),Yes,46.62,Medium Risk
0939-EREMR,13,Month-to-month,DSL,53.45,718.1,Mailed check,No,15.58,Low Risk
9389-ACWBI,5,Month-to-month,Fiber optic,69.95,320.4,Credit card (automatic),No,43.1,Medium Risk
5419-JPRRN,1,Month-to-month,Fiber optic,101.45,101.45,Electronic check,Yes,82.33,High Risk
3644-QXEHN,13,Month-to-month,Fiber optic,97.0,1334.45,Electronic check,No,58.52,Medium Risk
2911-IJORQ,37,One year,DSL,90.6,3358.65,Bank transfer (automatic),No,8.46,Low Risk
5921-NGYRH,64,Month-to-month,Fiber optic,73.55,4764.0,Mailed check,No,12.66,Low Risk
2100-BDNSN,5,Month-to-month,DSL,67.95,350.3,Bank transfer (automatic),Yes,33.55,Low Risk
5998-DZLYR,61,Two year,Fiber optic,94.35,5703.0,Bank transfer (automatic),No,6.58,Low Risk
0488-GSLFR,1,Month-to-month,Fiber optic,69.5,69.5,Electronic check,Yes,70.33,High Risk
9318-NKNFC,1,Month-to-month,No,18.85,18.85,Mailed check,Yes,26.27,Low Risk
3985-HOYPM,26,One year,No,19.4,525.55,Mailed check,No,3.63,Low Risk
9728-FTTVZ,1,Month-to-month,Fiber optic,69.2,69.2,Electronic check,Yes,70.45,High Risk
9548-LERKT,24,Two year,No,19.75,483.15,Mailed check,No,2.13,Low Risk
6576-FBXOJ,17,One year,DSL,54.6,934.8,Electronic check,No,27.11,Low Risk
4310-KEDTB,26,Month-to-month,DSL,29.8,786.5,Mailed check,No,25.91,Low Risk
7254-IQWOZ,1,Month-to-month,Fiber optic,69.65,69.65,Electronic check,Yes,70.72,High Risk
2474-BRUCM,40,Month-to-month,Fiber optic,101.85,4086.3,Electronic check,Yes,47.0,Medium Risk
4062-HBMOS,52,Month-to-month,Fiber optic,103.05,5364.8,Electronic check,No,51.35,Medium Risk
0742-NXBGR,1,Month-to-month,Fiber optic,82.3,82.3,Electronic check,Yes,64.37,Medium Risk
2676-ISHSF,1,Month-to-month,No,20.3,20.3,Mailed check,No,19.28,Low Risk
9236-NDUCW,21,Two year,DSL,35.1,770.4,Mailed check,No,4.42,Low Risk
4753-PADAS,67,One year,Fiber optic,105.7,6816.95,Bank transfer (automatic),No,18.04,Low Risk
6103-QCKFX,44,Month-to-month,DSL,56.25,2419.55,Bank transfer (automatic),No,3.32,Low Risk
7781-EWARA,70,One year,DSL,60.35,4138.7,Electronic check,No,3.34,Low Risk
6110-OHIHY,3,Month-to-month,Fiber optic,79.25,267.6,Electronic check,Yes,66.39,Medium Risk
7018-FPXHH,56,Two year,DSL,59.8,3457.45,Bank transfer (automatic),No,1.08,Low Risk
5889-LFOLL,13,Month-to-month,Fiber optic,84.6,1115.2,Electronic check,Yes,73.08,High Risk
5708-EVONK,58,Month-to-month,Fiber optic,93.4,5435.6,Bank transfer (automatic),Yes,18.91,Low Risk
8708-XPXHZ,42,Month-to-month,Fiber optic,94.2,4186.3,Electronic check,Yes,56.5,Medium Risk
0616-ATFGB,1,Month-to-month,DSL,25.05,25.05,Electronic check,Yes,60.63,Medium Risk
0572-ZJKLT,46,Two year,Fiber optic,99.65,4630.2,Mailed check,No,4.98,Low Risk
5135-RDDQL,63,Two year,DSL,50.65,3221.25,Bank transfer (automatic),No,0.85,Low Risk
1353-LJWEM,11,Month-to-month,DSL,60.9,688.5,Electronic check,No,28.99,Low Risk
1794-SWWKL,15,Month-to-month,DSL,59.65,867.1,Bank transfer (automatic),No,23.96,Low Risk
6166-YIPFO,72,Two year,DSL,64.7,4746.05,Electronic check,No,2.19,Low Risk
7016-BPGEU,29,Month-to-month,DSL,25.1,712.85,Credit card (automatic),Yes,25.59,Low Risk
6876-ADESB,1,Month-to-month,DSL,48.95,48.95,Electronic check,Yes,36.93,Low Risk
9332-GYWLO,6,Month-to-month,DSL,54.85,355.1,Electronic check,No,38.24,Low Risk
1963-SVUCV,1,Month-to-month,DSL,45.3,45.3,Electronic check,Yes,42.54,Medium Risk
4184-VODJZ,63,One year,Fiber optic,91.35,5764.7,Electronic check,No,17.29,Low Risk
0220-EBGCE,2,Month-to-month,Fiber optic,85.85,167.3,Electronic check,Yes,73.3,High Risk
1092-WPIVQ,18,Two year,No,25.1,428.45,Mailed check,No,2.93,Low Risk
7233-IOQNP,43,Month-to-month,DSL,34.0,1505.35,Bank transfer (automatic),No,6.3,Low Risk
2834-JKOOW,15,One year,DSL,45.9,693.45,Mailed check,No,8.59,Low Risk
2754-VDLTR,10,Month-to-month,Fiber optic,95.2,930.4,Electronic check,Yes,67.77,Medium Risk
2400-FEQME,55,Two year,No,20.5,1177.95,Mailed check,No,0.41,Low Risk
3190-XFANI,49,One year,Fiber optic,100.6,5069.65,Bank transfer (automatic),Yes,20.12,Low Risk
7551-DACSP,6,Month-to-month,DSL,55.3,324.25,Mailed check,Yes,29.94,Low Risk
4957-SREEC,70,Two year,No,20.35,1458.1,Credit card (automatic),No,0.19,Low Risk
7235-NXZCP,2,Month-to-month,Fiber optic,74.85,156.4,Mailed check,Yes,72.46,High Risk
0230-UBYPQ,63,One year,DSL,36.1,2298.9,Bank transfer (automatic),No,1.6,Low Risk
4923-ADWXJ,25,Month-to-month,DSL,65.8,1679.65,Bank transfer (automatic),No,17.9,Low Risk
1763-KUAAW,18,One year,No,20.35,369.6,Bank transfer (automatic),No,5.34,Low Risk
1104-TNLZA,28,Month-to-month,Fiber optic,105.8,2998.0,Electronic check,No,62.26,Medium Risk
5195-KPUNQ,53,One year,Fiber optic,96.75,5206.55,Mailed check,No,9.42,Low Risk
0520-FDVVT,35,One year,Fiber optic,102.35,3626.1,Bank transfer (automatic),Yes,28.03,Low Risk
3439-GVUSX,1,Month-to-month,DSL,24.4,24.4,Mailed check,No,49.24,Medium Risk
1444-VVSGW,70,One year,Fiber optic,115.65,7968.85,Credit card (automatic),Yes,7.08,Low Risk
5712-PTIWW,2,Month-to-month,Fiber optic,79.85,152.45,Electronic check,Yes,60.6,Medium Risk
5949-HGVJL,26,Month-to-month,DSL,73.05,1959.5,Electronic check,No,30.33,Low Risk
5203-XEHAX,34,One year,DSL,64.35,2053.05,Electronic check,No,6.86,Low Risk
1635-HDGFT,19,Two year,No,20.5,398.55,Mailed check,No,2.04,Low Risk
3315-TOTBP,15,Month-to-month,Fiber optic,76.0,1130.85,Mailed check,Yes,59.01,Medium Risk
8050-XGRVL,62,One year,DSL,54.75,3425.35,Credit card (automatic),No,1.19,Low Risk
6661-HBGWL,42,Month-to-month,Fiber optic,104.75,4323.45,Bank transfer (automatic),Yes,50.66,Medium Risk
1518-VOWAV,9,Month-to-month,DSL,74.65,703.55,Electronic check,Yes,41.14,Medium Risk
9828-QHFBK,24,Month-to-month,DSL,51.15,1275.7,Electronic check,No,22.13,Low Risk
3908-MKIMJ,68,Two year,DSL,41.95,2965.75,Electronic check,No,1.84,Low Risk
5012-YSPJJ,31,Month-to-month,DSL,54.35,1647.0,Mailed check,No,8.56,Low Risk
5909-ECHUI,1,Month-to-month,DSL,56.25,56.25,Electronic check,Yes,56.3,Medium Risk
1309-BXVOQ,21,Month-to-month,Fiber optic,106.1,2249.95,Electronic check,Yes,66.2,Medium Risk
6728-VOIFY,63,One year,Fiber optic,96.0,6109.75,Electronic check,No,20.7,Low Risk
9317-WZPGV,2,Month-to-month,Fiber optic,79.75,159.4,Bank transfer (automatic),Yes,69.18,Medium Risk
4891-NLUBA,61,Two year,DSL,61.45,3751.15,Bank transfer (automatic),No,2.4,Low Risk
2856-HYAPG,1,Month-to-month,Fiber optic,68.65,68.65,Electronic check,Yes,62.42,Medium Risk
8969-PRHFK,18,One year,No,19.65,411.25,Mailed check,No,5.21,Low Risk
0661-KQHNK,6,One year,No,19.0,105.5,Credit card (automatic),No,6.46,Low Risk
8709-KRDVL,33,Month-to-month,Fiber optic,100.0,3320.6,Electronic check,No,62.84,Medium Risk
4488-PSYCG,16,Month-to-month,No,20.25,327.45,Bank transfer (automatic),Yes,9.97,Low Risk
1427-VERSM,56,Month-to-month,Fiber optic,98.7,5669.5,Electronic check,No,36.0,Low Risk
9801-NOSHQ,23,One year,No,19.8,465.45,Mailed check,No,3.33,Low Risk
6339-YPSAH,9,Month-to-month,Fiber optic,73.8,704.3,Electronic check,No,64.53,Medium Risk
3621-CEOVK,14,Month-to-month,Fiber optic,100.2,1369.8,Electronic check,Yes,76.85,High Risk
6906-ANDWJ,15,Month-to-month,Fiber optic,74.9,1107.25,Bank transfer (automatic),Yes,52.6,Medium Risk
2159-TURXX,5,Month-to-month,No,20.05,95.55,Credit card (automatic),No,15.24,Low Risk
1548-FEHVL,61,Month-to-month,Fiber optic,106.2,6375.2,Electronic check,No,35.53,Low Risk
3795-CAWEX,70,Two year,Fiber optic,116.55,8152.3,Credit card (automatic),No,4.5,Low Risk
6215-NQCPY,15,Month-to-month,Fiber optic,99.7,1566.75,Electronic check,No,69.34,Medium Risk
5647-URDKA,8,Two year,No,19.7,130.25,Mailed check,No,3.51,Low Risk
2229-DPMBI,8,Two year,No,19.5,162.15,Mailed check,No,3.47,Low Risk
9626-WEQRM,4,Month-to-month,DSL,29.15,110.05,Mailed check,No,44.18,Medium Risk
2188-SXWVT,34,One year,DSL,55.0,1885.15,Mailed check,No,3.95,Low Risk
6258-PVZWJ,68,Two year,DSL,90.8,6302.85,Credit card (automatic),No,1.9,Low Risk
1094-BKOSX,45,One year,DSL,51.0,2264.5,Bank transfer (automatic),No,4.06,Low Risk
6969-MVBAI,9,Month-to-month,Fiber optic,90.1,816.8,Electronic check,No,77.33,High Risk
2978-XXSOG,22,Month-to-month,DSL,59.05,1253.5,Mailed check,No,17.63,Low Risk
2342-CKIAO,2,Month-to-month,No,20.3,41.2,Mailed check,No,18.25,Low Risk
6953-PBDIN,70,Two year,DSL,72.95,5265.55,Bank transfer (automatic),No,1.25,Low Risk
3898-BSJYF,10,One year,DSL,73.55,693.3,Credit card (automatic),No,9.37,Low Risk
3938-YFPXD,72,Two year,DSL,84.3,5997.1,Credit card (automatic),No,1.21,Low Risk
7696-AMHOD,49,One year,DSL,78.0,3824.2,Credit card (automatic),No,4.56,Low Risk
2453-SAFNS,54,One year,DSL,72.1,3886.05,Mailed check,No,4.37,Low Risk
9558-IHEZX,71,Two year,Fiber optic,106.75,7283.25,Credit card (automatic),No,6.54,Low Risk
9617-UDPEU,22,One year,No,19.25,412.55,Mailed check,No,6.02,Low Risk
6340-DACFT,50,Two year,No,20.55,1070.25,Credit card (automatic),No,0.46,Low Risk
4955-VCWBI,43,One year,No,20.0,817.95,Mailed check,No,1.32,Low Risk
6813-GZQCG,45,Two year,No,24.65,1171.3,Credit card (automatic),No,1.18,Low Risk
7426-GSWPO,64,Month-to-month,Fiber optic,103.5,6548.65,Bank transfer (automatic),No,28.59,Low Risk
3389-KTRXV,23,Two year,No,23.85,625.65,Mailed check,No,2.45,Low Risk
3118-UHVVQ,68,Two year,No,25.8,1911.5,Credit card (automatic),No,0.37,Low Risk
1031-IIDEO,1,Month-to-month,Fiber optic,70.85,70.85,Electronic check,Yes,69.78,Medium Risk
5832-XKAES,2,Month-to-month,Fiber optic,69.8,134.7,Credit card (automatic),Yes,60.61,Medium Risk
3205-MXZRA,26,One year,DSL,59.45,1507.0,Credit card (automatic),No,7.64,Low Risk
4701-AHWMW,55,Month-to-month,DSL,54.55,2978.3,Bank transfer (automatic),Yes,14.67,Low Risk
8317-BVKSO,14,Month-to-month,No,20.05,299.3,Electronic check,No,20.67,Low Risk
5702-KVQRD,71,Two year,DSL,82.55,5832.65,Electronic check,No,1.92,Low Risk
0083-PIVIK,64,One year,DSL,81.25,5567.55,Electronic check,No,3.04,Low Risk
9210-IAHGH,7,Month-to-month,DSL,70.75,450.8,Credit card (automatic),Yes,37.29,Low Risk
6169-PGNCD,57,Two year,DSL,74.3,4166.35,Credit card (automatic),No,1.21,Low Risk
0023-XUOPT,13,Month-to-month,Fiber optic,94.1,1215.6,Electronic check,Yes,61.3,Medium Risk
4592-IWTJI,3,Month-to-month,DSL,29.7,91.7,Credit card (automatic),Yes,29.44,Low Risk
4909-JOUPP,72,Two year,Fiber optic,109.7,7898.45,Credit card (automatic),No,5.95,Low Risk
4657-FWVFY,40,Month-to-month,Fiber optic,96.35,3915.4,Credit card (automatic),No,35.58,Low Risk
2257-BOVXD,14,Month-to-month,DSL,66.6,979.5,Credit card (automatic),No,34.02,Low Risk
7729-JTEEC,2,Month-to-month,DSL,44.5,90.05,Electronic check,No,46.12,Medium Risk
7632-MNYOY,66,One year,Fiber optic,110.9,7432.05,Credit card (automatic),Yes,12.44,Low Risk
6518-LGAOV,38,Month-to-month,Fiber optic,105.0,4026.4,Electronic check,Yes,55.47,Medium Risk
7242-QZLXF,1,Month-to-month,DSL,25.3,25.3,Electronic check,Yes,60.15,Medium Risk
4576-CSAJH,22,One year,DSL,55.15,1193.05,Credit card (automatic),Yes,8.31,Low Risk
1000-AJSLD,1,Month-to-month,No,20.1,20.1,Mailed check,Yes,25.81,Low Risk
9696-RMYBA,5,Month-to-month,Fiber optic,80.1,398.55,Mailed check,No,65.81,Medium Risk
8690-UPCZI,29,One year,DSL,69.05,1958.45,Bank transfer (automatic),No,5.49,Low Risk
1062-LHZOD,1,Month-to-month,Fiber optic,69.9,69.9,Mailed check,Yes,59.02,Medium Risk
9770-LXDBK,3,Month-to-month,No,20.4,63.15,Mailed check,No,17.54,Low Risk
4086-WITJG,71,Two year,No,19.7,1301.1,Credit card (automatic),No,0.17,Low Risk
8344-WFMFH,9,Month-to-month,DSL,50.1,484.05,Electronic check,No,34.69,Low Risk
9600-NAXZN,43,Month-to-month,Fiber optic,101.4,4528.0,Electronic check,Yes,57.24,Medium Risk
8822-KNBHV,48,One year,DSL,83.45,3887.85,Credit card (automatic),No,7.93,Low Risk
8404-FYDIB,26,Month-to-month,Fiber optic,86.65,2208.75,Credit card (automatic),No,33.96,Low Risk
2791-SFVEW,9,Month-to-month,No,20.15,238.15,Bank transfer (automatic),No,13.2,Low Risk
6457-USBER,1,Month-to-month,Fiber optic,80.8,80.8,Electronic check,Yes,74.68,High Risk
6762-NSODU,46,Two year,No,19.4,958.15,Credit card (automatic),No,0.56,Low Risk
4662-EKDPQ,2,Month-to-month,DSL,62.05,118.3,Bank transfer (automatic),Yes,43.85,Medium Risk
9248-OJYKK,1,Month-to-month,Fiber optic,76.45,76.45,Electronic check,Yes,78.22,High Risk
9888-ZCUMM,64,Two year,DSL,60.05,3845.45,Bank transfer (automatic),No,1.74,Low Risk
3398-FSHON,12,Month-to-month,Fiber optic,91.3,1094.5,Electronic check,Yes,72.62,High Risk
3319-DWOEP,6,Month-to-month,Fiber optic,95.75,573.75,Electronic check,Yes,78.36,High Risk
1074-WVEVG,59,One year,No,20.35,1267.0,Mailed check,No,0.81,Low Risk
9979-RGMZT,7,One year,Fiber optic,94.05,633.45,Mailed check,No,48.58,Medium Risk
6437-UDQJM,72,Two year,DSL,84.1,6129.65,Credit card (automatic),No,2.52,Low Risk
1226-IENZN,16,Month-to-month,Fiber optic,78.75,1218.25,Electronic check,No,68.27,Medium Risk
2108-GLPQB,25,Month-to-month,DSL,55.55,1405.3,Credit card (automatic),No,20.43,Low Risk
9259-PACGQ,34,Month-to-month,DSL,62.65,2274.9,Electronic check,Yes,10.82,Low Risk
4415-IJZTP,1,Month-to-month,Fiber optic,74.5,74.5,Electronic check,Yes,75.95,High Risk
1465-VINDH,10,Month-to-month,Fiber optic,102.1,1068.85,Credit card (automatic),Yes,64.01,Medium Risk
5474-LAMUQ,24,One year,No,20.1,533.9,Mailed check,No,4.04,Low Risk
3468-DRVQJ,10,One year,DSL,70.3,676.15,Electronic check,No,16.24,Low Risk
1122-YJBCS,69,One year,DSL,53.65,3804.4,Credit card (automatic),No,1.49,Low Risk
4990-ALDGW,57,Two year,No,20.75,1118.8,Mailed check,No,0.45,Low Risk
4816-OKWNX,50,One year,Fiber optic,103.4,5236.4,Bank transfer (automatic),No,13.8,Low Risk
3315-IKYZQ,28,One year,DSL,50.8,1386.8,Mailed check,No,6.62,Low Risk
2810-FTLEM,16,Month-to-month,DSL,50.15,762.25,Electronic check,Yes,27.45,Low Risk
4747-LCAQL,25,Month-to-month,DSL,79.0,1902.0,Mailed check,No,17.57,Low Risk
3411-WLRSQ,3,Month-to-month,Fiber optic,74.6,239.05,Bank transfer (automatic),No,59.86,Medium Risk
0898-XCGTF,61,One year,Fiber optic,96.5,5673.7,Bank transfer (automatic),No,22.27,Low Risk
8006-PYCSW,2,Month-to-month,No,20.1,39.8,Mailed check,No,18.3,Low Risk
8249-THVEC,51,One year,No,19.4,997.75,Mailed check,No,0.95,Low Risk
8722-PRFDV,71,Two year,DSL,77.55,5574.35,Credit card (automatic),No,0.95,Low Risk
2164-SOQXL,20,Month-to-month,No,20.05,406.05,Mailed check,No,7.36,Low Risk
4020-KIUDI,6,Month-to-month,No,19.85,138.85,Credit card (automatic),No,12.4,Low Risk
5850-BDWCY,6,Month-to-month,No,20.2,123.65,Mailed check,No,15.67,Low Risk
2038-YSEZE,29,Month-to-month,DSL,67.45,1801.1,Mailed check,No,8.4,Low Risk
0827-ITJPH,36,Two year,No,18.55,689.0,Credit card (automatic),No,1.6,Low Risk
8799-OXZMD,28,Month-to-month,DSL,29.75,790.7,Mailed check,No,28.32,Low Risk
1925-TIBLE,7,Month-to-month,Fiber optic,86.5,582.5,Electronic check,Yes,76.18,High Risk
1705-GUHPV,63,Two year,No,24.2,1618.2,Mailed check,No,0.5,Low Risk
4779-ZGICK,48,Two year,No,23.55,1173.35,Mailed check,No,0.81,Low Risk
0048-PIHNL,49,One year,No,20.45,900.9,Bank transfer (automatic),No,1.14,Low Risk
0818-OCPZO,27,Month-to-month,Fiber optic,81.45,2122.05,Electronic check,Yes,56.2,Medium Risk
3967-KXAPS,72,Two year,DSL,92.3,6719.9,Credit card (automatic),No,1.15,Low Risk
1447-GIQMR,1,Month-to-month,Fiber optic,69.15,69.15,Electronic check,Yes,71.34,High Risk
3704-IEAXF,72,Two year,DSL,53.65,3784.0,Credit card (automatic),No,1.03,Low Risk
6810-VCAEX,47,One year,DSL,39.65,1798.65,Credit card (automatic),No,2.23,Low Risk
0674-EYYZV,1,Month-to-month,DSL,54.65,54.65,Electronic check,No,57.04,Medium Risk
4480-MBMLB,36,One year,Fiber optic,104.8,3886.45,Bank transfer (automatic),No,35.01,Low Risk
1395-OFUWC,43,Month-to-month,DSL,29.3,1224.05,Credit card (automatic),No,8.47,Low Risk
0822-QGCXA,27,Month-to-month,DSL,83.85,2310.2,Electronic check,No,31.07,Low Risk
0872-NXJYS,9,Month-to-month,Fiber optic,79.55,723.4,Electronic check,Yes,69.56,Medium Risk
2832-KJCRD,38,Month-to-month,Fiber optic,103.65,3988.5,Electronic check,No,55.41,Medium Risk
3588-WSTTJ,35,Month-to-month,Fiber optic,99.05,3554.6,Electronic check,No,59.76,Medium Risk
4075-WKNIU,0,Two year,DSL,73.35,0.0,Mailed check,No,9.93,Low Risk
5090-EMGTC,59,Two year,Fiber optic,100.05,6034.85,Mailed check,No,7.74,Low Risk
2346-CZYIL,27,Two year,No,20.35,531.6,Credit card (automatic),No,1.62,Low Risk
3798-EPWRR,2,Month-to-month,DSL,43.95,85.1,Electronic check,No,45.19,Medium Risk
6258-NGCNG,7,Month-to-month,No,23.5,173.0,Mailed check,No,20.07,Low Risk
4186-ZBUEW,36,One year,DSL,70.7,2511.95,Mailed check,No,9.69,Low Risk
5274-XHAKY,41,Month-to-month,Fiber optic,94.3,3893.6,Bank transfer (automatic),No,27.55,Low Risk
1442-BQPVU,13,Month-to-month,DSL,29.15,357.15,Electronic check,No,38.87,Low Risk
3978-YNKDD,19,Two year,No,20.85,467.5,Credit card (automatic),No,1.9,Low Risk
4940-KHCWD,60,Two year,DSL,37.7,2288.7,Bank transfer (automatic),No,0.74,Low Risk
9412-ARGBX,48,Two year,Fiber optic,95.5,4627.85,Mailed check,Yes,5.96,Low Risk
1389-CXMLU,3,Month-to-month,Fiber optic,91.05,289.1,Electronic check,Yes,73.91,High Risk
9589-ABEPT,69,Two year,Fiber optic,92.45,6460.55,Mailed check,No,6.0,Low Risk
9388-ZEYVT,43,One year,DSL,44.15,1931.3,Electronic check,No,8.98,Low Risk
0305-SQECB,11,One year,DSL,36.05,402.6,Mailed check,No,13.44,Low Risk
7605-SNLQG,45,Month-to-month,DSL,50.25,2221.55,Credit card (automatic),No,10.71,Low Risk
4670-TABXH,72,Two year,Fiber optic,109.75,7758.9,Credit card (automatic),No,7.13,Low Risk
5561-NWEVX,2,Month-to-month,Fiber optic,79.2,172.85,Electronic check,Yes,70.7,High Risk
0064-SUDOG,12,Two year,No,20.3,224.5,Bank transfer (automatic),No,2.65,Low Risk
8561-NMTBD,67,One year,Fiber optic,112.35,7388.45,Credit card (automatic),No,11.53,Low Risk
5161-XEUVX,37,Two year,Fiber optic,94.3,3460.95,Mailed check,No,11.03,Low Risk
8292-FRFZQ,39,One year,DSL,41.15,1700.9,Bank transfer (automatic),No,3.24,Low Risk
8591-NXRCV,41,Month-to-month,DSL,74.65,3090.65,Bank transfer (automatic),No,12.05,Low Risk
7895-VONWT,25,Month-to-month,DSL,48.25,1293.8,Electronic check,No,53.04,Medium Risk
4526-RMTLL,8,Two year,DSL,76.15,645.8,Credit card (automatic),No,6.85,Low Risk
6253-GNHWH,71,Two year,DSL,71.1,5224.95,Mailed check,No,0.49,Low Risk
4566-NECEV,5,Month-to-month,Fiber optic,96.55,500.1,Electronic check,No,65.82,Medium Risk
8080-POTJR,30,One year,DSL,79.3,2427.1,Credit card (automatic),No,15.31,Low Risk
6906-MPARY,40,One year,Fiber optic,89.6,3488.15,Credit card (automatic),No,14.67,Low Risk
3662-FXJFO,54,Two year,No,20.5,1035.7,Mailed check,No,0.73,Low Risk
8107-RZLNV,72,Two year,Fiber optic,106.3,7565.35,Bank transfer (automatic),No,9.63,Low Risk
0516-OOHAR,28,One year,Fiber optic,100.35,2799.0,Bank transfer (automatic),No,21.18,Low Risk
2027-CWDNU,18,Month-to-month,Fiber optic,85.6,1601.5,Electronic check,No,49.89,Medium Risk
2737-WFVYW,2,Month-to-month,DSL,45.25,85.5,Electronic check,Yes,73.4,High Risk
9912-OMZDS,59,One year,Fiber optic,106.15,6256.2,Electronic check,No,25.29,Low Risk
3733-ZEECP,22,Month-to-month,DSL,51.1,1232.9,Electronic check,No,21.12,Low Risk
7878-RTCZG,1,Month-to-month,No,19.9,19.9,Mailed check,No,19.07,Low Risk
2452-MRMZF,72,Two year,No,25.7,1937.4,Credit card (automatic),No,0.5,Low Risk
2272-QAGFO,14,Month-to-month,Fiber optic,74.3,1096.25,Electronic check,Yes,70.55,High Risk
7103-IPXPJ,50,One year,Fiber optic,99.4,5059.75,Electronic check,No,23.98,Low Risk
4342-HFXWS,48,One year,DSL,69.7,3023.65,Bank transfer (automatic),No,1.93,Low Risk
3545-CNWRG,49,Month-to-month,Fiber optic,98.35,4889.2,Electronic check,No,47.64,Medium Risk
1785-BPHTP,28,Month-to-month,Fiber optic,85.45,2289.9,Electronic check,No,40.41,Medium Risk
4989-LIXVT,68,Month-to-month,Fiber optic,95.9,6503.2,Electronic check,No,34.81,Low Risk
7315-WYOAW,13,Month-to-month,Fiber optic,100.75,1313.25,Electronic check,No,62.61,Medium Risk
1173-XZPYF,11,Month-to-month,Fiber optic,89.2,990.3,Electronic check,No,73.86,High Risk
9850-OWRHQ,3,Month-to-month,Fiber optic,74.1,228.0,Credit card (automatic),Yes,66.81,Medium Risk
3768-NLUBH,57,Month-to-month,Fiber optic,100.6,5746.15,Electronic check,Yes,45.27,Medium Risk
8676-TRMJS,3,Month-to-month,Fiber optic,75.0,209.1,Mailed check,Yes,60.09,Medium Risk
2509-TFPJU,72,Two year,No,25.75,1864.2,Credit card (automatic),No,0.3,Low Risk
9530-GRMJG,70,Two year,DSL,84.1,5979.7,Electronic check,No,3.01,Low Risk
6898-RBTLU,49,Two year,DSL,79.3,3902.45,Bank transfer (automatic),No,2.59,Low Risk
5481-NTDOH,67,One year,Fiber optic,107.05,7142.5,Credit card (automatic),No,16.9,Low Risk
2068-WWXQZ,46,Two year,No,20.05,902.0,Bank transfer (automatic),No,0.7,Low Risk
7359-SSBJK,64,Two year,DSL,70.2,4481.0,Credit card (automatic),Yes,1.08,Low Risk
2061-VVFST,37,Month-to-month,No,19.5,805.2,Bank transfer (automatic),No,4.11,Low Risk
0685-MLYYM,2,Month-to-month,Fiber optic,70.75,154.85,Electronic check,Yes,64.11,Medium Risk
0749-IRGQE,13,Month-to-month,DSL,45.3,528.45,Electronic check,No,58.62,Medium Risk
2380-DAMQP,72,Two year,Fiber optic,115.15,8349.7,Electronic check,No,5.51,Low Risk
2256-YLYLP,68,Two year,DSL,72.95,4953.25,Bank transfer (automatic),No,1.66,Low Risk
1272-ILHFG,15,One year,No,19.65,332.65,Mailed check,No,4.89,Low Risk
0164-XAIRP,24,Two year,No,19.55,470.2,Bank transfer (automatic),No,2.73,Low Risk
5666-CYCYZ,24,Month-to-month,Fiber optic,89.55,2259.35,Electronic check,No,58.18,Medium Risk
4011-ARPHK,27,Month-to-month,DSL,50.35,1411.35,Mailed check,No,11.45,Low Risk
8182-PNAGI,12,Month-to-month,DSL,50.25,593.75,Bank transfer (automatic),Yes,18.34,Low Risk
6365-HITVU,71,Two year,DSL,87.25,6328.7,Credit card (automatic),No,0.66,Low Risk
7558-IMLMT,67,Two year,No,20.8,1411.9,Mailed check,No,0.34,Low Risk
9488-FYQAU,63,Two year,Fiber optic,109.25,6841.4,Bank transfer (automatic),No,9.06,Low Risk
3590-TCXTB,1,Month-to-month,No,20.35,20.35,Mailed check,No,19.27,Low Risk
6994-KERXL,4,Month-to-month,DSL,55.9,238.5,Electronic check,No,54.28,Medium Risk
7957-RYHQD,40,Month-to-month,Fiber optic,79.2,3233.85,Credit card (automatic),Yes,22.18,Low Risk
2180-DXNEG,12,Month-to-month,Fiber optic,96.0,1062.1,Electronic check,Yes,71.16,High Risk
1960-UOTYM,52,Two year,DSL,79.2,4016.3,Electronic check,No,2.36,Low Risk
2740-JFBOK,10,Month-to-month,No,24.0,226.55,Electronic check,No,29.93,Low Risk
6500-JVEGC,68,One year,Fiber optic,101.35,7110.75,Bank transfer (automatic),No,7.42,Low Risk
5515-AKOAJ,54,Month-to-month,Fiber optic,100.1,5440.9,Electronic check,Yes,43.81,Medium Risk
8976-OQHGT,4,Month-to-month,DSL,56.5,235.1,Mailed check,Yes,17.92,Low Risk
5245-VDBUR,52,One year,DSL,35.45,1958.95,Mailed check,No,3.3,Low Risk
6230-BSUXY,1,Month-to-month,Fiber optic,85.0,85.0,Electronic check,Yes,76.52,High Risk
8469-SNFFH,70,One year,DSL,79.4,5528.9,Bank transfer (automatic),No,1.62,Low Risk
2144-ESWKO,43,One year,DSL,35.2,1463.7,Credit card (automatic),No,5.97,Low Risk
1241-FPMOF,52,Two year,No,19.65,1025.05,Mailed check,No,0.58,Low Risk
9928-BZVLZ,12,Two year,DSL,49.85,552.1,Mailed check,No,7.73,Low Risk
4114-QMKVN,56,One year,DSL,68.75,3815.4,Bank transfer (automatic),No,2.64,Low Risk
2775-SEFEE,0,Two year,DSL,61.9,0.0,Bank transfer (automatic),No,7.71,Low Risk
9003-CPATH,42,Month-to-month,Fiber optic,79.9,3313.4,Electronic check,No,35.79,Low Risk
1754-GKYPY,22,Month-to-month,Fiber optic,89.75,1938.9,Bank transfer (automatic),No,61.41,Medium Risk
5294-CDGWY,51,One year,DSL,59.3,3014.65,Electronic check,Yes,6.38,Low Risk
7956-XQWGU,27,Month-to-month,No,19.4,460.25,Credit card (automatic),No,8.53,Low Risk
1591-MQJTP,51,One year,Fiber optic,93.65,4839.15,Bank transfer (automatic),No,19.5,Low Risk
5295-PCJOO,4,Month-to-month,DSL,49.4,184.4,Electronic check,Yes,33.64,Low Risk
2369-FEVNO,1,Month-to-month,No,19.9,19.9,Mailed check,No,25.88,Low Risk
9863-JZAIC,35,Month-to-month,DSL,55.0,2010.55,Mailed check,Yes,15.93,Low Risk
7471-MQPOS,71,One year,DSL,72.9,5139.65,Bank transfer (automatic),No,2.93,Low Risk
7660-HDPJV,1,Month-to-month,Fiber optic,69.2,69.2,Electronic check,Yes,70.45,High Risk
5115-SQAAU,69,Two year,No,25.6,1673.4,Bank transfer (automatic),No,0.4,Low Risk
9845-QOMAD,14,One year,No,19.75,309.35,Mailed check,No,5.1,Low Risk
7672-VFMXZ,57,Month-to-month,DSL,55.7,3171.6,Electronic check,No,3.84,Low Risk
9739-JLPQJ,72,Two year,Fiber optic,117.5,8670.1,Credit card (automatic),No,3.08,Low Risk
9916-AYHTC,48,Two year,No,19.85,916.0,Credit card (automatic),No,0.62,Low Risk
3855-ONCAR,4,Month-to-month,Fiber optic,78.9,299.75,Mailed check,No,61.83,Medium Risk
1488-SYSFC,31,Month-to-month,No,20.65,702.05,Electronic check,No,8.83,Low Risk
7931-PXHFC,38,One year,DSL,62.3,2354.8,Mailed check,Yes,8.1,Low Risk
3990-QYKBE,37,Month-to-month,Fiber optic,92.5,3473.4,Electronic check,Yes,68.39,Medium Risk
0970-QXPXW,1,Month-to-month,No,19.65,19.65,Mailed check,No,19.14,Low Risk
3259-KNMRR,57,Two year,DSL,79.75,4438.2,Bank transfer (automatic),No,5.5,Low Risk
6120-RJKLU,62,Two year,DSL,79.95,4819.75,Credit card (automatic),No,1.89,Low Risk
9572-WUKSB,3,Month-to-month,DSL,29.9,92.25,Electronic check,No,54.98,Medium Risk
5893-KCLGT,72,Two year,No,19.75,1567.0,Mailed check,No,0.27,Low Risk
0076-LVEPS,29,Month-to-month,DSL,45.0,1242.45,Mailed check,No,11.31,Low Risk
3640-JQGJG,13,Month-to-month,DSL,44.8,559.2,Bank transfer (automatic),No,20.26,Low Risk
4919-MOAVT,3,Month-to-month,Fiber optic,69.65,220.1,Electronic check,Yes,55.49,Medium Risk
1596-OQSPS,11,Month-to-month,DSL,51.1,531.15,Electronic check,No,28.6,Low Risk
9867-XOBQA,21,Two year,DSL,53.15,1183.2,Mailed check,No,4.06,Low Risk
9546-KDTRB,19,Month-to-month,No,24.7,465.85,Bank transfer (automatic),No,11.44,Low Risk
3090-HAWSU,61,Two year,Fiber optic,111.6,6876.05,Credit card (automatic),Yes,7.49,Low Risk
9820-RMCQV,11,Month-to-month,DSL,48.55,501.0,Credit card (automatic),Yes,17.8,Low Risk
3174-RKMOW,35,Month-to-month,Fiber optic,109.95,3782.4,Electronic check,No,48.42,Medium Risk
1760-CAZHT,25,Month-to-month,No,20.8,460.2,Mailed check,No,5.79,Low Risk
7839-QRKXN,1,Month-to-month,No,20.2,20.2,Mailed check,Yes,25.36,Low Risk
8441-SHIPE,67,Two year,No,25.6,1790.35,Bank transfer (automatic),No,0.55,Low Risk
5204-QZXPU,19,Month-to-month,DSL,39.65,733.35,Electronic check,Yes,51.78,Medium Risk
4597-ELFTS,56,One year,No,24.9,1334.0,Electronic check,Yes,1.73,Low Risk
1320-GVNHT,72,Two year,Fiber optic,108.4,7767.25,Credit card (automatic),No,5.68,Low Risk
1047-RNXZV,43,Two year,No,19.55,876.15,Mailed check,No,0.88,Low Risk
3541-ZNUHK,55,Month-to-month,Fiber optic,85.1,4600.95,Electronic check,No,20.3,Low Risk
8450-JOVAH,2,Month-to-month,DSL,56.7,113.55,Mailed check,Yes,26.61,Low Risk
8725-JEDFD,27,Month-to-month,Fiber optic,69.05,1793.25,Mailed check,No,41.54,Medium Risk
7562-UXTPG,13,Month-to-month,Fiber optic,70.15,886.7,Mailed check,No,52.95,Medium Risk
8071-SBTRN,70,Two year,Fiber optic,111.15,7737.55,Mailed check,No,7.68,Low Risk
1113-IUJYX,14,One year,Fiber optic,105.95,1348.9,Mailed check,Yes,19.21,Low Risk
6668-CNMFP,19,One year,Fiber optic,89.35,1686.85,Bank transfer (automatic),No,30.27,Low Risk
5626-MGTUK,20,Month-to-month,Fiber optic,89.1,1879.25,Bank transfer (automatic),No,50.49,Medium Risk
5681-LLOEI,43,One year,Fiber optic,91.25,4013.8,Credit card (automatic),No,9.58,Low Risk
8212-DJRCH,5,Month-to-month,Fiber optic,90.35,434.5,Mailed check,No,49.8,Medium Risk
4323-OHFOW,70,One year,Fiber optic,105.55,7195.35,Bank transfer (automatic),No,14.6,Low Risk
4933-BSAIP,40,Two year,No,19.1,780.1,Mailed check,No,1.01,Low Risk
2030-BTZRO,6,Two year,No,20.4,107.6,Credit card (automatic),No,4.92,Low Risk
1116-DXXDF,39,Two year,Fiber optic,100.45,3801.7,Electronic check,No,16.99,Low Risk
9274-CNFMO,4,Month-to-month,Fiber optic,74.95,308.7,Electronic check,Yes,70.21,High Risk
7758-XKCBS,15,Month-to-month,DSL,29.7,438.25,Electronic check,Yes,41.35,Medium Risk
8992-JQYUN,1,Month-to-month,DSL,50.35,50.35,Electronic check,Yes,74.24,High Risk
6563-VNPMN,45,Month-to-month,Fiber optic,85.7,3778.1,Bank transfer (automatic),No,14.68,Low Risk
0617-AQNWT,64,Two year,DSL,47.85,3147.5,Electronic check,Yes,1.53,Low Risk
2267-WTPYD,57,Month-to-month,Fiber optic,94.0,5438.95,Credit card (automatic),No,25.67,Low Risk
0270-THENM,72,Two year,DSL,69.85,5102.35,Bank transfer (automatic),No,0.44,Low Risk
2446-PLQVO,1,Month-to-month,Fiber optic,70.3,70.3,Electronic check,Yes,70.46,High Risk
4707-MAXGU,72,Two year,No,25.85,1872.2,Credit card (automatic),No,0.3,Low Risk
2710-WYVXG,3,Two year,DSL,71.1,213.35,Mailed check,No,5.57,Low Risk
3005-NFMTA,55,Month-to-month,Fiber optic,98.8,5617.75,Electronic check,Yes,47.1,Medium Risk
6300-BWMJX,59,Month-to-month,Fiber optic,93.35,5386.5,Electronic check,No,25.08,Low Risk
8784-CGILN,18,Month-to-month,Fiber optic,99.85,1776.95,Bank transfer (automatic),Yes,58.73,Medium Risk
5389-FFVKB,32,Month-to-month,Fiber optic,80.3,2483.05,Credit card (automatic),Yes,45.58,Medium Risk
7009-LGECI,4,Month-to-month,DSL,50.55,235.65,Bank transfer (automatic),No,29.46,Low Risk
8444-WRIDW,66,Month-to-month,Fiber optic,80.45,5224.35,Credit card (automatic),Yes,19.29,Low Risk
5022-KVDQT,27,Month-to-month,Fiber optic,81.3,2272.8,Electronic check,No,57.03,Medium Risk
7976-CICYS,4,Month-to-month,No,20.7,83.75,Credit card (automatic),No,21.27,Low Risk
1036-GUDCL,60,Month-to-month,DSL,79.05,4663.4,Credit card (automatic),No,4.77,Low Risk
2005-DWQZJ,8,Two year,No,19.05,201.7,Mailed check,No,3.54,Low Risk
8148-WOCMK,8,Two year,No,19.6,125.0,Credit card (automatic),No,3.18,Low Risk
7815-PDTHL,35,Two year,No,20.2,684.4,Mailed check,No,1.8,Low Risk
9451-LPGOO,7,Month-to-month,Fiber optic,86.8,620.35,Electronic check,Yes,76.27,High Risk
9173-IVZVP,53,Two year,No,20.9,1146.05,Mailed check,No,0.44,Low Risk
9129-UXERG,18,Month-to-month,Fiber optic,103.6,1806.35,Credit card (automatic),No,57.96,Medium Risk
3635-JBPSG,15,Two year,DSL,38.8,603.0,Mailed check,No,17.25,Low Risk
7964-ZRKKG,67,One year,Fiber optic,88.4,5798.3,Bank transfer (automatic),No,13.4,Low Risk
5868-YWPDW,6,Month-to-month,Fiber optic,84.2,519.15,Electronic check,Yes,72.02,High Risk
6229-LSCKB,6,Month-to-month,Fiber optic,79.7,497.6,Electronic check,No,74.82,High Risk
2025-JKFWI,13,Month-to-month,Fiber optic,99.0,1301.7,Mailed check,Yes,64.78,Medium Risk
4078-SAYYN,11,Month-to-month,Fiber optic,100.75,1129.75,Electronic check,Yes,77.92,High Risk
1724-IQWNM,1,Month-to-month,No,19.3,19.3,Mailed check,No,22.05,Low Risk
8217-QYOHV,5,Month-to-month,DSL,55.75,266.95,Mailed check,No,23.13,Low Risk
5546-QUERU,13,One year,No,19.95,257.0,Mailed check,No,8.99,Low Risk
9940-HPQPG,9,Month-to-month,Fiber optic,91.75,865.8,Bank transfer (automatic),Yes,37.81,Low Risk
6897-UUBNU,29,Month-to-month,Fiber optic,89.65,2623.65,Mailed check,No,27.52,Low Risk
6127-IYJOZ,1,Month-to-month,DSL,45.85,45.85,Mailed check,No,47.39,Medium Risk
6618-RYATB,1,Month-to-month,Fiber optic,79.55,79.55,Mailed check,Yes,69.01,Medium Risk
8930-XOTDP,18,Month-to-month,DSL,55.95,1082.8,Mailed check,No,22.2,Low Risk
5916-QEWPT,2,Month-to-month,DSL,69.0,147.8,Credit card (automatic),No,42.16,Medium Risk
5060-TQUQN,30,Month-to-month,Fiber optic,83.55,2570.2,Bank transfer (automatic),No,29.98,Low Risk
0531-XBKMM,66,Two year,DSL,65.7,4378.9,Bank transfer (automatic),No,0.51,Low Risk
8465-SBRXP,38,Two year,Fiber optic,94.9,3616.25,Bank transfer (automatic),No,11.52,Low Risk
2408-PSJVE,44,Month-to-month,DSL,61.9,2924.05,Mailed check,No,6.97,Low Risk
9079-YEXQJ,54,Month-to-month,Fiber optic,111.1,6014.85,Electronic check,Yes,32.64,Low Risk
9700-ZCLOT,2,Month-to-month,No,20.0,32.7,Mailed check,No,18.63,Low Risk
8738-JOKAR,42,One year,DSL,67.7,2882.25,Mailed check,No,4.29,Low Risk
4534-WGCIR,58,Two year,No,25.15,1509.9,Credit card (automatic),No,0.45,Low Risk
1930-WNXSB,58,Month-to-month,Fiber optic,92.85,5305.05,Electronic check,No,32.93,Low Risk
2685-SREOM,25,Month-to-month,Fiber optic,89.1,2368.4,Electronic check,Yes,60.99,Medium Risk
3508-CFVZL,71,Two year,Fiber optic,111.3,7985.9,Mailed check,No,4.18,Low Risk
0402-CQAJN,37,Month-to-month,Fiber optic,101.9,3545.35,Bank transfer (automatic),Yes,50.26,Medium Risk
6692-UDPJC,14,Month-to-month,Fiber optic,91.65,1301.0,Electronic check,Yes,59.2,Medium Risk
1273-MTETI,4,Month-to-month,Fiber optic,88.85,372.45,Electronic check,Yes,80.28,High Risk
0657-DOGUM,48,One year,DSL,60.6,2985.25,Bank transfer (automatic),No,3.72,Low Risk
5480-HPRRX,3,Month-to-month,DSL,25.3,77.75,Electronic check,Yes,57.32,Medium Risk
8792-AOROI,8,Two year,DSL,65.5,564.35,Mailed check,No,5.77,Low Risk
0295-PPHDO,1,Month-to-month,Fiber optic,95.45,95.45,Electronic check,Yes,83.16,High Risk
5146-YYFRZ,67,Two year,No,19.95,1311.75,Bank transfer (automatic),No,0.26,Low Risk
1195-OIYEJ,13,Month-to-month,Fiber optic,91.1,1135.7,Electronic check,Yes,71.68,High Risk
5906-CVLHP,45,One year,DSL,54.15,2319.8,Credit card (automatic),Yes,2.88,Low Risk
3452-SRFEG,49,Month-to-month,Fiber optic,74.6,3720.35,Bank transfer (automatic),No,30.71,Low Risk
4070-OKWVH,52,Month-to-month,Fiber optic,94.6,5025.8,Bank transfer (automatic),No,26.24,Low Risk
5297-MDOIR,63,One year,Fiber optic,81.15,5224.5,Credit card (automatic),No,6.35,Low Risk
6369-MCAKO,68,Two year,DSL,89.05,6185.8,Bank transfer (automatic),No,1.55,Low Risk
4926-UMJZD,31,Month-to-month,DSL,49.2,1498.55,Mailed check,No,14.34,Low Risk
6848-HJTXY,64,Two year,No,19.45,1208.6,Credit card (automatic),No,0.29,Low Risk
6341-AEVKX,62,One year,Fiber optic,104.3,6613.65,Electronic check,No,14.17,Low Risk
4501-EQDRN,1,Month-to-month,Fiber optic,69.7,69.7,Bank transfer (automatic),Yes,52.58,Medium Risk
2990-HWIML,6,Month-to-month,Fiber optic,89.5,573.3,Electronic check,Yes,76.21,High Risk
0682-USIXD,21,Month-to-month,Fiber optic,86.05,1818.9,Electronic check,No,52.1,Medium Risk
6976-BWGLQ,72,Two year,No,25.2,1787.35,Bank transfer (automatic),No,0.24,Low Risk
7078-NVFAM,32,Month-to-month,DSL,35.15,1051.05,Electronic check,No,17.7,Low Risk
8065-QBYTO,71,One year,Fiber optic,99.65,7181.25,Credit card (automatic),No,7.61,Low Risk
2133-TSRRM,34,Month-to-month,Fiber optic,105.35,3688.6,Bank transfer (automatic),No,30.93,Low Risk
7384-GHBPI,3,Month-to-month,DSL,35.15,99.75,Electronic check,Yes,68.83,Medium Risk
7603-USHJS,12,Month-to-month,Fiber optic,73.75,871.4,Credit card (automatic),Yes,54.4,Medium Risk
7234-FECYN,8,Month-to-month,Fiber optic,101.35,780.5,Electronic check,Yes,74.9,High Risk
2511-ALLCS,35,Two year,No,24.3,821.6,Bank transfer (automatic),No,1.29,Low Risk
3191-CSNMG,3,Month-to-month,Fiber optic,80.7,239.45,Electronic check,No,68.87,Medium Risk
7952-OBOYL,3,Month-to-month,Fiber optic,89.85,244.45,Mailed check,No,57.69,Medium Risk
7470-DYNOE,53,One year,DSL,61.1,3357.9,Electronic check,No,8.7,Low Risk
7853-OETYL,4,Month-to-month,DSL,29.05,129.6,Electronic check,No,52.57,Medium Risk
1545-ACTAS,48,One year,Fiber optic,99.7,4977.2,Bank transfer (automatic),No,15.34,Low Risk
5876-HZVZM,6,Month-to-month,DSL,55.9,365.35,Credit card (automatic),Yes,15.01,Low Risk
1400-MMYXY,3,Month-to-month,Fiber optic,105.9,334.65,Electronic check,Yes,81.57,High Risk
5126-RCXYW,54,Two year,DSL,46.0,2424.05,Credit card (automatic),No,1.68,Low Risk
3085-QUOZK,1,Month-to-month,DSL,43.95,43.95,Mailed check,Yes,35.3,Low Risk
2363-BJLSL,62,Month-to-month,DSL,80.4,4981.15,Bank transfer (automatic),No,8.08,Low Risk
1956-YIFGE,22,One year,Fiber optic,100.05,2090.25,Mailed check,No,32.7,Low Risk
3926-CUQZX,1,Month-to-month,DSL,45.1,45.1,Bank transfer (automatic),Yes,42.34,Medium Risk
7921-LMDFQ,51,One year,Fiber optic,94.0,4905.75,Bank transfer (automatic),No,25.52,Low Risk
2925-MXLSX,30,One year,DSL,68.95,2038.7,Credit card (automatic),No,14.56,Low Risk
5820-PTRYM,56,One year,DSL,68.45,4014.0,Credit card (automatic),No,2.99,Low Risk
9609-BENEA,35,One year,DSL,69.0,2441.7,Electronic check,No,14.02,Low Risk
6211-WHMYA,64,Month-to-month,DSL,43.85,2751.0,Electronic check,No,10.58,Low Risk
4459-BBGHE,30,Month-to-month,DSL,44.5,1307.8,Electronic check,No,42.15,Medium Risk
9945-PSVIP,25,Two year,No,18.7,383.65,Mailed check,No,2.29,Low Risk
1041-RXHRA,41,Month-to-month,Fiber optic,70.25,2868.05,Bank transfer (automatic),Yes,21.47,Low Risk
1750-CSKKM,9,Month-to-month,DSL,55.35,449.75,Electronic check,Yes,35.0,Low Risk
9108-EJFJP,1,Month-to-month,DSL,53.55,53.55,Mailed check,No,30.82,Low Risk
0530-IJVDB,70,Two year,Fiber optic,114.6,7882.5,Electronic check,No,6.37,Low Risk
0508-SQWPL,57,Two year,No,20.1,1087.7,Bank transfer (automatic),No,0.48,Low Risk
2215-ZAFGX,9,Month-to-month,Fiber optic,85.5,791.7,Electronic check,No,75.59,High Risk
8213-TAZPM,69,One year,Fiber optic,108.75,7493.05,Bank transfer (automatic),No,11.75,Low Risk
7142-HVGBG,43,Month-to-month,Fiber optic,103.0,4414.3,Electronic check,Yes,61.23,Medium Risk
1304-SEGFY,72,Two year,Fiber optic,97.85,6841.3,Electronic check,No,14.19,Low Risk
7242-EDTYC,44,Two year,No,19.55,819.95,Bank transfer (automatic),No,0.61,Low Risk
2904-GGUAZ,72,Two year,Fiber optic,84.05,6052.25,Bank transfer (automatic),No,3.24,Low Risk
8267-ZNYVZ,33,One year,Fiber optic,103.75,3361.05,Electronic check,Yes,25.52,Low Risk
5136-GFPMB,54,Month-to-month,Fiber optic,89.4,4869.5,Credit card (automatic),No,26.6,Low Risk
2595-KIWPV,27,Two year,No,19.7,509.3,Credit card (automatic),No,1.31,Low Risk
5243-SAOTC,54,Month-to-month,Fiber optic,79.85,4308.25,Bank transfer (automatic),No,24.68,Low Risk
9398-MMQTO,3,Month-to-month,Fiber optic,74.45,221.1,Credit card (automatic),No,46.39,Medium Risk
7619-PLRLP,53,One year,DSL,74.1,3833.95,Bank transfer (automatic),No,3.64,Low Risk
6457-GIRWB,1,Month-to-month,Fiber optic,69.35,69.35,Electronic check,Yes,70.84,High Risk
6508-NJYRO,15,One year,No,18.8,294.95,Mailed check,No,6.08,Low Risk
1450-SKCVI,56,Month-to-month,Fiber optic,73.85,4092.85,Electronic check,Yes,23.64,Low Risk
4710-NKCAW,5,Month-to-month,DSL,64.4,316.9,Credit card (automatic),No,15.03,Low Risk
5306-BVTKJ,48,One year,DSL,55.8,2651.2,Credit card (automatic),No,3.67,Low Risk
0357-NVCRI,25,Month-to-month,No,20.05,471.7,Credit card (automatic),No,5.24,Low Risk
5570-PTWEH,3,Month-to-month,Fiber optic,75.15,216.75,Credit card (automatic),Yes,66.3,Medium Risk
2371-KFUOG,58,One year,Fiber optic,99.15,5720.95,Bank transfer (automatic),No,8.93,Low Risk
0463-ZSDNT,10,Month-to-month,DSL,56.75,503.25,Bank transfer (automatic),No,38.36,Low Risk
6502-MJQAE,1,Month-to-month,Fiber optic,69.6,69.6,Electronic check,Yes,70.74,High Risk
6257-DTAYD,71,Two year,Fiber optic,104.15,7365.3,Credit card (automatic),No,7.2,Low Risk
4616-ULAOA,65,Two year,Fiber optic,110.8,7245.9,Credit card (automatic),No,6.95,Low Risk
7693-LCKZL,5,Month-to-month,Fiber optic,80.15,385.0,Electronic check,Yes,65.6,Medium Risk
7746-AWNQW,28,Month-to-month,DSL,35.75,961.4,Mailed check,No,21.69,Low Risk
5996-EBTKM,67,Two year,DSL,69.9,4615.9,Bank transfer (automatic),No,1.63,Low Risk
2758-RNWXS,35,One year,Fiber optic,89.2,3251.3,Electronic check,No,20.01,Low Risk
2314-TNDJQ,72,Two year,DSL,55.65,3880.05,Credit card (automatic),No,0.51,Low Risk
2405-LBMUW,61,One year,DSL,50.7,3088.75,Bank transfer (automatic),No,2.2,Low Risk
3454-JFUBC,68,Two year,No,20.0,1396.0,Credit card (automatic),No,0.42,Low Risk
0032-PGELS,1,Month-to-month,DSL,30.5,30.5,Bank transfer (automatic),Yes,31.57,Low Risk
9039-ZVJDC,3,Month-to-month,No,19.1,53.05,Mailed check,No,24.4,Low Risk
6797-LNAQX,70,Two year,Fiber optic,98.3,6859.5,Bank transfer (automatic),Yes,5.74,Low Risk
9013-AQORL,48,Month-to-month,DSL,45.55,2108.35,Credit card (automatic),No,9.0,Low Risk
2898-MRKPI,68,One year,Fiber optic,101.05,6770.5,Credit card (automatic),No,14.54,Low Risk
2750-BJLSB,47,One year,Fiber optic,103.7,4730.6,Electronic check,No,18.47,Low Risk
3648-GZPHF,32,One year,DSL,36.25,1151.05,Mailed check,No,8.8,Low Risk
2075-RMJIK,5,Month-to-month,DSL,49.4,232.55,Mailed check,No,26.3,Low Risk
9588-YRFHY,49,Two year,No,19.9,1022.6,Credit card (automatic),No,0.87,Low Risk
6394-MFYNG,48,Month-to-month,Fiber optic,107.4,5121.3,Bank transfer (automatic),Yes,42.81,Medium Risk
1564-NTYXF,13,Month-to-month,Fiber optic,82.0,1127.2,Electronic check,Yes,76.8,High Risk
9364-YKUVW,15,Month-to-month,No,19.8,309.4,Mailed check,No,15.46,Low Risk
5392-AKEMH,12,Month-to-month,DSL,45.05,523.1,Electronic check,No,40.23,Medium Risk
2451-YMUXS,67,Two year,DSL,64.55,4250.1,Bank transfer (automatic),No,1.0,Low Risk
3914-FDRHP,9,Month-to-month,Fiber optic,86.25,770.5,Electronic check,No,51.93,Medium Risk
3078-ZKNTS,13,Two year,No,19.75,246.7,Bank transfer (automatic),No,3.67,Low Risk
1024-KPRBB,38,One year,Fiber optic,89.1,3342.0,Mailed check,No,30.41,Low Risk
4690-PKDQG,42,Month-to-month,Fiber optic,95.55,3930.6,Electronic check,No,52.56,Medium Risk
8155-IBNHG,24,Month-to-month,Fiber optic,75.4,1747.85,Credit card (automatic),Yes,48.92,Medium Risk
0886-QGENL,27,Month-to-month,Fiber optic,101.25,2754.45,Electronic check,Yes,56.67,Medium Risk
9547-ITEFG,9,Month-to-month,Fiber optic,102.6,897.75,Credit card (automatic),No,64.53,Medium Risk
1264-FUHCX,49,One year,DSL,56.3,2780.6,Credit card (automatic),No,8.11,Low Risk
7789-CRUVC,61,Month-to-month,Fiber optic,94.2,5895.45,Credit card (automatic),No,14.02,Low Risk
6598-KELSS,50,One year,DSL,43.05,2208.05,Bank transfer (automatic),No,4.69,Low Risk
8739-WWKDU,25,Month-to-month,Fiber optic,89.5,2196.15,Electronic check,Yes,65.17,Medium Risk
8685-WHQPW,22,Month-to-month,Fiber optic,74.4,1692.6,Bank transfer (automatic),Yes,55.44,Medium Risk
4745-LSPLO,1,Month-to-month,No,20.5,20.5,Mailed check,Yes,19.22,Low Risk
8083-YTZES,4,Month-to-month,Fiber optic,74.35,265.35,Electronic check,Yes,74.38,High Risk
7240-FQLHE,18,Month-to-month,Fiber optic,99.75,1836.25,Bank transfer (automatic),Yes,54.03,Medium Risk
6664-FPDAC,56,One year,Fiber optic,111.95,6418.9,Electronic check,Yes,28.17,Low Risk
9972-VAFJJ,53,One year,Fiber optic,94.0,4871.45,Electronic check,No,17.16,Low Risk
0422-UXFAP,51,One year,Fiber optic,98.85,4947.55,Electronic check,No,36.95,Low Risk
1904-WAJAA,24,Two year,DSL,64.35,1558.65,Electronic check,No,4.54,Low Risk
5130-YPIRV,62,Two year,DSL,72.0,4284.2,Credit card (automatic),No,1.36,Low Risk
2843-CQMEG,24,Month-to-month,DSL,49.7,1218.25,Mailed check,No,21.29,Low Risk
6439-PKTRR,70,Two year,DSL,80.7,5617.95,Electronic check,No,0.97,Low Risk
5351-QESIO,1,Month-to-month,DSL,24.2,24.2,Mailed check,No,43.81,Medium Risk
0786-VSSUD,16,Month-to-month,DSL,39.0,679.85,Mailed check,Yes,48.0,Medium Risk
5568-DMXZS,8,Month-to-month,DSL,65.45,554.45,Electronic check,No,37.1,Low Risk
8468-FZTOE,72,Two year,DSL,74.35,5237.4,Electronic check,No,0.9,Low Risk
6633-SYEUS,23,Month-to-month,Fiber optic,83.2,2032.3,Bank transfer (automatic),No,24.48,Low Risk
6447-GORXK,31,Month-to-month,DSL,25.0,789.2,Credit card (automatic),No,15.16,Low Risk
6967-PEJLL,37,One year,DSL,40.2,1525.35,Electronic check,No,6.91,Low Risk
3976-BWUCK,30,Month-to-month,Fiber optic,94.1,2804.45,Credit card (automatic),Yes,39.84,Low Risk
5981-ZVXOT,35,One year,Fiber optic,108.35,3726.15,Electronic check,No,38.38,Low Risk
1684-FLBGS,23,Month-to-month,DSL,69.5,1652.1,Credit card (automatic),No,20.63,Low Risk
1389-WNUIB,20,One year,DSL,76.0,1588.75,Bank transfer (automatic),No,12.61,Low Risk
0376-OIWME,36,Month-to-month,Fiber optic,93.6,3366.05,Electronic check,No,48.01,Medium Risk
3585-ISXZP,8,Month-to-month,Fiber optic,95.65,778.1,Bank transfer (automatic),Yes,64.97,Medium Risk
0218-QNVAS,71,One year,Fiber optic,100.55,7113.75,Bank transfer (automatic),No,10.17,Low Risk
6583-QGCSI,50,Month-to-month,Fiber optic,88.05,4367.35,Electronic check,Yes,47.12,Medium Risk
0804-YGEQV,43,One year,No,24.45,993.15,Bank transfer (automatic),No,2.46,Low Risk
7164-BPTUT,57,Two year,DSL,89.55,5012.35,Mailed check,No,1.52,Low Risk
4174-LPGTI,41,One year,DSL,66.5,2728.6,Bank transfer (automatic),Yes,4.67,Low Risk
2523-EWWZL,27,Month-to-month,Fiber optic,76.1,2093.4,Electronic check,No,45.45,Medium Risk
0928-XUTSN,13,Month-to-month,Fiber optic,80.5,1011.8,Electronic check,No,66.17,Medium Risk
2108-XWMPY,3,Month-to-month,DSL,35.45,106.85,Mailed check,Yes,40.93,Medium Risk
0052-YNYOT,67,One year,No,20.55,1343.4,Electronic check,No,0.73,Low Risk
6304-IJFSQ,3,Month-to-month,DSL,49.9,130.1,Mailed check,Yes,37.93,Low Risk
9586-JGQKH,64,Two year,Fiber optic,105.4,6794.75,Bank transfer (automatic),No,8.7,Low Risk
4501-VCPFK,26,Month-to-month,DSL,35.75,1022.5,Electronic check,No,23.02,Low Risk
6075-SLNIL,38,Month-to-month,Fiber optic,95.1,3691.2,Credit card (automatic),No,42.69,Medium Risk
9347-AERRL,23,One year,No,19.3,486.2,Credit card (automatic),No,3.86,Low Risk
0093-XWZFY,40,Month-to-month,Fiber optic,104.5,4036.85,Credit card (automatic),Yes,47.88,Medium Risk
2274-XUATA,72,Two year,DSL,63.1,4685.55,Bank transfer (automatic),No,1.76,Low Risk
1980-KXVPM,3,Month-to-month,Fiber optic,75.05,256.25,Credit card (automatic),Yes,69.25,Medium Risk
7703-ZEKEF,23,Month-to-month,Fiber optic,81.0,1917.1,Electronic check,Yes,60.1,Medium Risk
0723-DRCLG,1,Month-to-month,Fiber optic,74.45,74.45,Electronic check,Yes,78.85,High Risk
5482-NUPNA,4,Month-to-month,DSL,60.4,272.15,Mailed check,Yes,20.71,Low Risk
6691-CCIHA,62,Two year,DSL,84.95,5150.55,Electronic check,No,3.05,Low Risk
1685-BQULA,40,Month-to-month,Fiber optic,93.4,3756.4,Bank transfer (automatic),No,41.51,Medium Risk
9053-EJUNL,41,Month-to-month,Fiber optic,89.2,3645.75,Electronic check,No,50.24,Medium Risk
0666-UXTJO,34,Month-to-month,Fiber optic,85.2,2874.45,Credit card (automatic),No,44.37,Medium Risk
1471-GIQKQ,1,Month-to-month,DSL,49.95,49.95,Electronic check,No,37.9,Low Risk
4807-IZYOZ,51,Two year,No,20.65,1020.75,Bank transfer (automatic),No,0.54,Low Risk
1122-JWTJW,1,Month-to-month,Fiber optic,70.65,70.65,Mailed check,Yes,58.67,Medium Risk
9710-NJERN,39,Two year,No,20.15,826.0,Mailed check,No,1.03,Low Risk
9837-FWLCH,12,Month-to-month,No,19.2,239.0,Electronic check,No,19.12,Low Risk
1699-HPSBG,12,One year,DSL,59.8,727.8,Electronic check,Yes,23.48,Low Risk
7203-OYKCT,72,One year,Fiber optic,104.95,7544.3,Electronic check,No,23.18,Low Risk
1035-IPQPU,63,Month-to-month,Fiber optic,103.5,6479.4,Electronic check,No,47.19,Medium Risk
7398-LXGYX,44,Month-to-month,Fiber optic,84.8,3626.35,Credit card (automatic),No,25.8,Low Risk
2823-LKABH,18,Month-to-month,Fiber optic,95.05,1679.4,Bank transfer (automatic),No,51.68,Medium Risk
8775-CEBBJ,9,Month-to-month,DSL,44.2,403.35,Bank transfer (automatic),Yes,34.57,Low Risk
0550-DCXLH,13,Month-to-month,DSL,73.35,931.55,Mailed check,No,25.08,Low Risk
9281-CEDRU,68,Two year,DSL,64.1,4326.25,Bank transfer (automatic),No,0.83,Low Risk
2235-DWLJU,6,Month-to-month,DSL,44.4,263.05,Electronic check,No,73.37,High Risk
0871-OPBXW,2,Month-to-month,No,20.05,39.25,Mailed check,No,24.54,Low Risk
3605-JISKB,55,One year,DSL,60.0,3316.1,Credit card (automatic),No,2.77,Low Risk
6894-LFHLY,1,Month-to-month,Fiber optic,75.75,75.75,Electronic check,Yes,78.45,High Risk
9767-FFLEM,38,Month-to-month,Fiber optic,69.5,2625.25,Credit card (automatic),No,30.57,Low Risk
0639-TSIQW,67,Month-to-month,Fiber optic,102.95,6886.25,Credit card (automatic),Yes,17.78,Low Risk
8456-QDAVC,19,Month-to-month,Fiber optic,78.7,1495.1,Bank transfer (automatic),No,53.73,Medium Risk
7750-EYXWZ,12,One year,DSL,60.65,743.3,Electronic check,No,26.5,Low Risk
2569-WGERO,72,Two year,No,21.15,1419.4,Bank transfer (automatic),No,0.29,Low Risk
6840-RESVB,24,One year,DSL,84.8,1990.5,Mailed check,No,12.24,Low Risk
2234-XADUH,72,One year,Fiber optic,103.2,7362.9,Credit card (automatic),No,13.68,Low Risk
4801-JZAZL,11,Month-to-month,DSL,29.6,346.45,Electronic check,No,39.23,Low Risk
8361-LTMKD,4,Month-to-month,Fiber optic,74.4,306.6,Mailed check,Yes,71.7,High Risk
3186-AJIEK,66,Two year,Fiber optic,105.65,6844.5,Bank transfer (automatic),No,4.67,Low Risk
